2026-04-01 15:07:22 [background-preinit] INFO  o.h.validator.internal.util.Version - HV000001: Hibernate Validator 9.0.1.Final
2026-04-01 15:07:22 [restartedMain] INFO  com.example.CineLogApplication - Starting CineLogApplication using Java 21.0.10 with PID 12560 (C:\Dev\WS_sts\cinelog\bin\main started by GGG in C:\Dev\WS_sts\cinelog)
2026-04-01 15:07:22 [restartedMain] INFO  com.example.CineLogApplication - No active profile set, falling back to 1 default profile: "default"
2026-04-01 15:07:22 [restartedMain] INFO  o.s.b.d.restart.ChangeableUrls - The Class-Path manifest attribute in C:\Users\GGG\.gradle\caches\modules-2\files-2.1\com.oracle.database.jdbc\ojdbc11\23.9.0.25.07\4fe3479be8322eaac43f1cd0fb5818e93048201d\ojdbc11-23.9.0.25.07.jar referenced one or more files that do not exist: file:/C:/Users/GGG/.gradle/caches/modules-2/files-2.1/com.oracle.database.jdbc/ojdbc11/23.9.0.25.07/4fe3479be8322eaac43f1cd0fb5818e93048201d/oraclepki.jar
2026-04-01 15:07:22 [restartedMain] INFO  o.s.b.d.e.DevToolsPropertyDefaultsPostProcessor - Devtools property defaults active! Set 'spring.devtools.add-properties' to 'false' to disable
2026-04-01 15:07:22 [restartedMain] INFO  o.s.b.d.e.DevToolsPropertyDefaultsPostProcessor - For additional web related logging consider setting the 'logging.level.web' property to 'DEBUG'
2026-04-01 15:07:22 [restartedMain] INFO  o.s.d.r.c.RepositoryConfigurationDelegate - Bootstrapping Spring Data JPA repositories in DEFAULT mode.
2026-04-01 15:07:22 [restartedMain] INFO  o.s.d.r.c.RepositoryConfigurationDelegate - Finished Spring Data repository scanning in 35 ms. Found 3 JPA repository interfaces.
2026-04-01 15:07:23 [restartedMain] INFO  o.s.boot.tomcat.TomcatWebServer - Tomcat initialized with port 8092 (http)
2026-04-01 15:07:23 [restartedMain] INFO  o.a.coyote.http11.Http11NioProtocol - Initializing ProtocolHandler ["http-nio-8092"]
2026-04-01 15:07:23 [restartedMain] INFO  o.a.catalina.core.StandardService - Starting service [Tomcat]
2026-04-01 15:07:23 [restartedMain] INFO  o.a.catalina.core.StandardEngine - Starting Servlet engine: [Apache Tomcat/11.0.20]
2026-04-01 15:07:23 [restartedMain] INFO  o.s.b.w.c.s.WebApplicationContextInitializer - Root WebApplicationContext: initialization completed in 1022 ms
2026-04-01 15:07:23 [restartedMain] INFO  org.hibernate.orm.jpa - HHH008540: Processing PersistenceUnitInfo [name: default]
2026-04-01 15:07:23 [restartedMain] INFO  org.hibernate.orm.core - HHH000001: Hibernate ORM core version 7.2.7.Final
2026-04-01 15:07:23 [restartedMain] INFO  o.s.o.j.p.SpringPersistenceUnitInfo - No LoadTimeWeaver setup: ignoring JPA class transformer
2026-04-01 15:07:23 [restartedMain] INFO  com.zaxxer.hikari.HikariDataSource - HikariPool-1 - Starting...
2026-04-01 15:07:23 [restartedMain] INFO  com.zaxxer.hikari.pool.HikariPool - HikariPool-1 - Added connection oracle.jdbc.driver.T4CConnection@774267ba
2026-04-01 15:07:23 [restartedMain] INFO  com.zaxxer.hikari.HikariDataSource - HikariPool-1 - Start completed.
2026-04-01 15:07:24 [restartedMain] WARN  org.hibernate.orm.jdbc - HHH100123: Low default JDBC fetch size: 10 (consider setting 'hibernate.jdbc.fetch_size')
2026-04-01 15:07:24 [restartedMain] INFO  o.hibernate.orm.connections.pooling - HHH10001005: Database info:
	Database JDBC URL [jdbc:oracle:thin:@//localhost:1521/testdb]
	Database driver: Oracle JDBC driver
	Database dialect: OracleDialect
	Database version: 19.3
	Default catalog/schema: undefined/GREEN
	Autocommit mode: undefined/unknown
	Isolation level: READ_COMMITTED [default READ_COMMITTED]
	JDBC fetch size: 10
	Pool: DataSourceConnectionProvider
	Minimum pool size: undefined/unknown
	Maximum pool size: undefined/unknown
2026-04-01 15:07:24 [restartedMain] INFO  org.hibernate.orm.core - HHH000489: No JTA platform available (set 'hibernate.transaction.jta.platform' to enable JTA platform integration)
2026-04-01 15:07:25 [restartedMain] INFO  o.s.o.j.LocalContainerEntityManagerFactoryBean - Initialized JPA EntityManagerFactory for persistence unit 'default'
2026-04-01 15:07:25 [restartedMain] INFO  o.s.d.j.r.q.QueryEnhancerFactories - Hibernate is in classpath; If applicable, HQL parser will be used.
2026-04-01 15:07:25 [restartedMain] WARN  o.s.b.w.s.s.c.AnnotationConfigServletWebServerApplicationContext - Exception encountered during context initialization - cancelling refresh attempt: org.springframework.beans.factory.UnsatisfiedDependencyException: Error creating bean with name 'tokenCleanupScheduler' defined in file [C:\Dev\WS_sts\cinelog\bin\main\com\example\util\TokenCleanupScheduler.class]: Unsatisfied dependency expressed through constructor parameter 0: Error creating bean with name 'jdbcTemplate' defined in class path resource [org/springframework/boot/jdbc/autoconfigure/JdbcTemplateConfiguration.class]: Failed to initialize dependency 'dataSourceScriptDatabaseInitializer' of JdbcTemplate bean 'jdbcTemplate': Error creating bean with name 'dataSourceScriptDatabaseInitializer' defined in class path resource [org/springframework/boot/jdbc/autoconfigure/DataSourceInitializationAutoConfiguration.class]: Failed to execute SQL script statement #1 of file [C:\Dev\WS_sts\cinelog\bin\main\data.sql]: CREATE TABLE IF NOT EXISTS persistent_logins ( username VARCHAR2(64) NOT NULL, series VARCHAR2(64) PRIMARY KEY, token VARCHAR2(64) NOT NULL, last_used TIMESTAMP NOT NULL )
2026-04-01 15:07:25 [restartedMain] INFO  o.s.o.j.LocalContainerEntityManagerFactoryBean - Closing JPA EntityManagerFactory for persistence unit 'default'
2026-04-01 15:07:25 [restartedMain] INFO  com.zaxxer.hikari.HikariDataSource - HikariPool-1 - Shutdown initiated...
2026-04-01 15:07:25 [restartedMain] INFO  com.zaxxer.hikari.HikariDataSource - HikariPool-1 - Shutdown completed.
2026-04-01 15:07:25 [restartedMain] INFO  o.a.catalina.core.StandardService - Stopping service [Tomcat]
2026-04-01 15:07:25 [restartedMain] INFO  o.s.b.a.l.ConditionEvaluationReportLogger - 

Error starting ApplicationContext. To display the condition evaluation report re-run your application with 'debug' enabled.
2026-04-01 15:07:25 [restartedMain] ERROR o.s.boot.SpringApplication - Application run failed
org.springframework.beans.factory.UnsatisfiedDependencyException: Error creating bean with name 'tokenCleanupScheduler' defined in file [C:\Dev\WS_sts\cinelog\bin\main\com\example\util\TokenCleanupScheduler.class]: Unsatisfied dependency expressed through constructor parameter 0: Error creating bean with name 'jdbcTemplate' defined in class path resource [org/springframework/boot/jdbc/autoconfigure/JdbcTemplateConfiguration.class]: Failed to initialize dependency 'dataSourceScriptDatabaseInitializer' of JdbcTemplate bean 'jdbcTemplate': Error creating bean with name 'dataSourceScriptDatabaseInitializer' defined in class path resource [org/springframework/boot/jdbc/autoconfigure/DataSourceInitializationAutoConfiguration.class]: Failed to execute SQL script statement #1 of file [C:\Dev\WS_sts\cinelog\bin\main\data.sql]: CREATE TABLE IF NOT EXISTS persistent_logins ( username VARCHAR2(64) NOT NULL, series VARCHAR2(64) PRIMARY KEY, token VARCHAR2(64) NOT NULL, last_used TIMESTAMP NOT NULL )
	at org.springframework.beans.factory.support.ConstructorResolver.createArgumentArray(ConstructorResolver.java:804)
	at org.springframework.beans.factory.support.ConstructorResolver.autowireConstructor(ConstructorResolver.java:240)
	at org.springframework.beans.factory.support.AbstractAutowireCapableBeanFactory.autowireConstructor(AbstractAutowireCapableBeanFactory.java:1382)
	at org.springframework.beans.factory.support.AbstractAutowireCapableBeanFactory.createBeanInstance(AbstractAutowireCapableBeanFactory.java:1221)
	at org.springframework.beans.factory.support.AbstractAutowireCapableBeanFactory.doCreateBean(AbstractAutowireCapableBeanFactory.java:565)
	at org.springframework.beans.factory.support.AbstractAutowireCapableBeanFactory.createBean(AbstractAutowireCapableBeanFactory.java:525)
	at org.springframework.beans.factory.support.AbstractBeanFactory.lambda$doGetBean$0(AbstractBeanFactory.java:333)
	at org.springframework.beans.factory.support.DefaultSingletonBeanRegistry.getSingleton(DefaultSingletonBeanRegistry.java:371)
	at org.springframework.beans.factory.support.AbstractBeanFactory.doGetBean(AbstractBeanFactory.java:331)
	at org.springframework.beans.factory.support.AbstractBeanFactory.getBean(AbstractBeanFactory.java:196)
	at org.springframework.beans.factory.support.DefaultListableBeanFactory.instantiateSingleton(DefaultListableBeanFactory.java:1218)
	at org.springframework.beans.factory.support.DefaultListableBeanFactory.preInstantiateSingleton(DefaultListableBeanFactory.java:1184)
	at org.springframework.beans.factory.support.DefaultListableBeanFactory.preInstantiateSingletons(DefaultListableBeanFactory.java:1121)
	at org.springframework.context.support.AbstractApplicationContext.finishBeanFactoryInitialization(AbstractApplicationContext.java:994)
	at org.springframework.context.support.AbstractApplicationContext.refresh(AbstractApplicationContext.java:621)
	at org.springframework.boot.web.server.servlet.context.ServletWebServerApplicationContext.refresh(ServletWebServerApplicationContext.java:143)
	at org.springframework.boot.SpringApplication.refresh(SpringApplication.java:756)
	at org.springframework.boot.SpringApplication.refreshContext(SpringApplication.java:445)
	at org.springframework.boot.SpringApplication.run(SpringApplication.java:321)
	at org.springframework.boot.SpringApplication.run(SpringApplication.java:1365)
	at org.springframework.boot.SpringApplication.run(SpringApplication.java:1354)
	at com.example.CineLogApplication.main(CineLogApplication.java:14)
	at java.base/jdk.internal.reflect.DirectMethodHandleAccessor.invoke(DirectMethodHandleAccessor.java:103)
	at java.base/java.lang.reflect.Method.invoke(Method.java:580)
	at org.springframework.boot.devtools.restart.RestartLauncher.run(RestartLauncher.java:52)
Caused by: org.springframework.beans.factory.BeanCreationException: Error creating bean with name 'jdbcTemplate' defined in class path resource [org/springframework/boot/jdbc/autoconfigure/JdbcTemplateConfiguration.class]: Failed to initialize dependency 'dataSourceScriptDatabaseInitializer' of JdbcTemplate bean 'jdbcTemplate': Error creating bean with name 'dataSourceScriptDatabaseInitializer' defined in class path resource [org/springframework/boot/jdbc/autoconfigure/DataSourceInitializationAutoConfiguration.class]: Failed to execute SQL script statement #1 of file [C:\Dev\WS_sts\cinelog\bin\main\data.sql]: CREATE TABLE IF NOT EXISTS persistent_logins ( username VARCHAR2(64) NOT NULL, series VARCHAR2(64) PRIMARY KEY, token VARCHAR2(64) NOT NULL, last_used TIMESTAMP NOT NULL )
	at org.springframework.beans.factory.support.AbstractBeanFactory.doGetBean(AbstractBeanFactory.java:322)
	at org.springframework.beans.factory.support.AbstractBeanFactory.getBean(AbstractBeanFactory.java:201)
	at org.springframework.beans.factory.support.DefaultListableBeanFactory.resolveBean(DefaultListableBeanFactory.java:1225)
	at org.springframework.beans.factory.support.DefaultListableBeanFactory.doResolveDependency(DefaultListableBeanFactory.java:1704)
	at org.springframework.beans.factory.support.DefaultListableBeanFactory.resolveDependency(DefaultListableBeanFactory.java:1651)
	at org.springframework.beans.factory.support.ConstructorResolver.resolveAutowiredArgument(ConstructorResolver.java:912)
	at org.springframework.beans.factory.support.ConstructorResolver.createArgumentArray(ConstructorResolver.java:791)
	... 24 common frames omitted
Caused by: org.springframework.beans.factory.BeanCreationException: Error creating bean with name 'dataSourceScriptDatabaseInitializer' defined in class path resource [org/springframework/boot/jdbc/autoconfigure/DataSourceInitializationAutoConfiguration.class]: Failed to execute SQL script statement #1 of file [C:\Dev\WS_sts\cinelog\bin\main\data.sql]: CREATE TABLE IF NOT EXISTS persistent_logins ( username VARCHAR2(64) NOT NULL, series VARCHAR2(64) PRIMARY KEY, token VARCHAR2(64) NOT NULL, last_used TIMESTAMP NOT NULL )
	at org.springframework.beans.factory.support.AbstractAutowireCapableBeanFactory.initializeBean(AbstractAutowireCapableBeanFactory.java:1817)
	at org.springframework.beans.factory.support.AbstractAutowireCapableBeanFactory.doCreateBean(AbstractAutowireCapableBeanFactory.java:603)
	at org.springframework.beans.factory.support.AbstractAutowireCapableBeanFactory.createBean(AbstractAutowireCapableBeanFactory.java:525)
	at org.springframework.beans.factory.support.AbstractBeanFactory.lambda$doGetBean$0(AbstractBeanFactory.java:333)
	at org.springframework.beans.factory.support.DefaultSingletonBeanRegistry.getSingleton(DefaultSingletonBeanRegistry.java:371)
	at org.springframework.beans.factory.support.AbstractBeanFactory.doGetBean(AbstractBeanFactory.java:331)
	at org.springframework.beans.factory.support.AbstractBeanFactory.getBean(AbstractBeanFactory.java:196)
	at org.springframework.beans.factory.support.AbstractBeanFactory.doGetBean(AbstractBeanFactory.java:309)
	... 30 common frames omitted
Caused by: org.springframework.jdbc.datasource.init.ScriptStatementFailedException: Failed to execute SQL script statement #1 of file [C:\Dev\WS_sts\cinelog\bin\main\data.sql]: CREATE TABLE IF NOT EXISTS persistent_logins ( username VARCHAR2(64) NOT NULL, series VARCHAR2(64) PRIMARY KEY, token VARCHAR2(64) NOT NULL, last_used TIMESTAMP NOT NULL )
	at org.springframework.jdbc.datasource.init.ScriptUtils.executeSqlScript(ScriptUtils.java:293)
	at org.springframework.jdbc.datasource.init.ResourceDatabasePopulator.populate(ResourceDatabasePopulator.java:254)
	at org.springframework.jdbc.datasource.init.DatabasePopulatorUtils.execute(DatabasePopulatorUtils.java:54)
	at org.springframework.boot.jdbc.init.DataSourceScriptDatabaseInitializer.runScripts(DataSourceScriptDatabaseInitializer.java:87)
	at org.springframework.boot.sql.init.AbstractScriptDatabaseInitializer.runScripts(AbstractScriptDatabaseInitializer.java:159)
	at org.springframework.boot.sql.init.AbstractScriptDatabaseInitializer.applyScripts(AbstractScriptDatabaseInitializer.java:120)
	at org.springframework.boot.sql.init.AbstractScriptDatabaseInitializer.applyDataScripts(AbstractScriptDatabaseInitializer.java:113)
	at org.springframework.boot.sql.init.AbstractScriptDatabaseInitializer.initializeDatabase(AbstractScriptDatabaseInitializer.java:88)
	at org.springframework.boot.sql.init.AbstractScriptDatabaseInitializer.afterPropertiesSet(AbstractScriptDatabaseInitializer.java:77)
	at org.springframework.beans.factory.support.AbstractAutowireCapableBeanFactory.invokeInitMethods(AbstractAutowireCapableBeanFactory.java:1864)
	at org.springframework.beans.factory.support.AbstractAutowireCapableBeanFactory.initializeBean(AbstractAutowireCapableBeanFactory.java:1813)
	... 37 common frames omitted
Caused by: java.sql.SQLSyntaxErrorException: ORA-00922: 누락된 또는 부적합한 옵션

https://docs.oracle.com/error-help/db/ora-00922/
	at oracle.jdbc.driver.T4CTTIoer11.processError(T4CTTIoer11.java:715)
	at oracle.jdbc.driver.T4CTTIoer11.processError(T4CTTIoer11.java:615)
	at oracle.jdbc.driver.T4C8Oall.processError(T4C8Oall.java:1372)
	at oracle.jdbc.driver.T4CTTIfun.receive(T4CTTIfun.java:972)
	at oracle.jdbc.driver.T4CTTIfun.doRPC(T4CTTIfun.java:237)
	at oracle.jdbc.driver.T4C8Oall.doOALL(T4C8Oall.java:524)
	at oracle.jdbc.driver.T4CStatement.doOall8(T4CStatement.java:197)
	at oracle.jdbc.driver.T4CStatement.executeForRows(T4CStatement.java:1408)
	at oracle.jdbc.driver.OracleStatement.executeSQLStatement(OracleStatement.java:2020)
	at oracle.jdbc.driver.OracleStatement.doExecuteWithTimeout(OracleStatement.java:1633)
	at oracle.jdbc.driver.OracleStatement.executeInternal(OracleStatement.java:2698)
	at oracle.jdbc.driver.OracleStatement.execute(OracleStatement.java:2647)
	at oracle.jdbc.driver.OracleStatementWrapper.execute(OracleStatementWrapper.java:349)
	at com.zaxxer.hikari.pool.ProxyStatement.execute(ProxyStatement.java:95)
	at com.zaxxer.hikari.pool.HikariProxyStatement.execute(HikariProxyStatement.java)
	at org.springframework.jdbc.datasource.init.ScriptUtils.executeSqlScript(ScriptUtils.java:261)
	... 47 common frames omitted
Caused by: Error : 922, Position : 16, SQL = CREATE TABLE IF NOT EXISTS persistent_logins ( username VARCHAR2(64) NOT NULL, series VARCHAR2(64) PRIMARY KEY, token VARCHAR2(64) NOT NULL, last_used TIMESTAMP NOT NULL ), Original SQL = CREATE TABLE IF NOT EXISTS persistent_logins ( username VARCHAR2(64) NOT NULL, series VARCHAR2(64) PRIMARY KEY, token VARCHAR2(64) NOT NULL, last_used TIMESTAMP NOT NULL ), Error Message = ORA-00922: 누락된 또는 부적합한 옵션

	at oracle.jdbc.driver.T4CTTIoer11.processError(T4CTTIoer11.java:723)
	... 62 common frames omitted
2026-04-01 15:07:30 [background-preinit] INFO  o.h.validator.internal.util.Version - HV000001: Hibernate Validator 9.0.1.Final
2026-04-01 15:07:30 [restartedMain] INFO  com.example.CineLogApplication - Starting CineLogApplication using Java 21.0.10 with PID 5584 (C:\Dev\WS_sts\cinelog\bin\main started by GGG in C:\Dev\WS_sts\cinelog)
2026-04-01 15:07:30 [restartedMain] INFO  com.example.CineLogApplication - No active profile set, falling back to 1 default profile: "default"
2026-04-01 15:07:30 [restartedMain] INFO  o.s.b.d.restart.ChangeableUrls - The Class-Path manifest attribute in C:\Users\GGG\.gradle\caches\modules-2\files-2.1\com.oracle.database.jdbc\ojdbc11\23.9.0.25.07\4fe3479be8322eaac43f1cd0fb5818e93048201d\ojdbc11-23.9.0.25.07.jar referenced one or more files that do not exist: file:/C:/Users/GGG/.gradle/caches/modules-2/files-2.1/com.oracle.database.jdbc/ojdbc11/23.9.0.25.07/4fe3479be8322eaac43f1cd0fb5818e93048201d/oraclepki.jar
2026-04-01 15:07:30 [restartedMain] INFO  o.s.b.d.e.DevToolsPropertyDefaultsPostProcessor - Devtools property defaults active! Set 'spring.devtools.add-properties' to 'false' to disable
2026-04-01 15:07:30 [restartedMain] INFO  o.s.b.d.e.DevToolsPropertyDefaultsPostProcessor - For additional web related logging consider setting the 'logging.level.web' property to 'DEBUG'
2026-04-01 15:07:31 [restartedMain] INFO  o.s.d.r.c.RepositoryConfigurationDelegate - Bootstrapping Spring Data JPA repositories in DEFAULT mode.
2026-04-01 15:07:31 [restartedMain] INFO  o.s.d.r.c.RepositoryConfigurationDelegate - Finished Spring Data repository scanning in 34 ms. Found 3 JPA repository interfaces.
2026-04-01 15:07:31 [restartedMain] INFO  o.s.boot.tomcat.TomcatWebServer - Tomcat initialized with port 8092 (http)
2026-04-01 15:07:31 [restartedMain] INFO  o.a.coyote.http11.Http11NioProtocol - Initializing ProtocolHandler ["http-nio-8092"]
2026-04-01 15:07:31 [restartedMain] INFO  o.a.catalina.core.StandardService - Starting service [Tomcat]
2026-04-01 15:07:31 [restartedMain] INFO  o.a.catalina.core.StandardEngine - Starting Servlet engine: [Apache Tomcat/11.0.20]
2026-04-01 15:07:31 [restartedMain] INFO  o.s.b.w.c.s.WebApplicationContextInitializer - Root WebApplicationContext: initialization completed in 989 ms
2026-04-01 15:07:32 [restartedMain] INFO  org.hibernate.orm.jpa - HHH008540: Processing PersistenceUnitInfo [name: default]
2026-04-01 15:07:32 [restartedMain] INFO  org.hibernate.orm.core - HHH000001: Hibernate ORM core version 7.2.7.Final
2026-04-01 15:07:32 [restartedMain] INFO  o.s.o.j.p.SpringPersistenceUnitInfo - No LoadTimeWeaver setup: ignoring JPA class transformer
2026-04-01 15:07:32 [restartedMain] INFO  com.zaxxer.hikari.HikariDataSource - HikariPool-1 - Starting...
2026-04-01 15:07:32 [restartedMain] INFO  com.zaxxer.hikari.pool.HikariPool - HikariPool-1 - Added connection oracle.jdbc.driver.T4CConnection@5f115a03
2026-04-01 15:07:32 [restartedMain] INFO  com.zaxxer.hikari.HikariDataSource - HikariPool-1 - Start completed.
2026-04-01 15:07:32 [restartedMain] WARN  org.hibernate.orm.jdbc - HHH100123: Low default JDBC fetch size: 10 (consider setting 'hibernate.jdbc.fetch_size')
2026-04-01 15:07:32 [restartedMain] INFO  o.hibernate.orm.connections.pooling - HHH10001005: Database info:
	Database JDBC URL [jdbc:oracle:thin:@//localhost:1521/testdb]
	Database driver: Oracle JDBC driver
	Database dialect: OracleDialect
	Database version: 19.3
	Default catalog/schema: undefined/GREEN
	Autocommit mode: undefined/unknown
	Isolation level: READ_COMMITTED [default READ_COMMITTED]
	JDBC fetch size: 10
	Pool: DataSourceConnectionProvider
	Minimum pool size: undefined/unknown
	Maximum pool size: undefined/unknown
2026-04-01 15:07:33 [restartedMain] INFO  org.hibernate.orm.core - HHH000489: No JTA platform available (set 'hibernate.transaction.jta.platform' to enable JTA platform integration)
2026-04-01 15:07:33 [restartedMain] INFO  o.s.o.j.LocalContainerEntityManagerFactoryBean - Initialized JPA EntityManagerFactory for persistence unit 'default'
2026-04-01 15:07:33 [restartedMain] INFO  o.s.d.j.r.q.QueryEnhancerFactories - Hibernate is in classpath; If applicable, HQL parser will be used.
2026-04-01 15:07:34 [restartedMain] WARN  o.s.b.w.s.s.c.AnnotationConfigServletWebServerApplicationContext - Exception encountered during context initialization - cancelling refresh attempt: org.springframework.beans.factory.UnsatisfiedDependencyException: Error creating bean with name 'tokenCleanupScheduler' defined in file [C:\Dev\WS_sts\cinelog\bin\main\com\example\util\TokenCleanupScheduler.class]: Unsatisfied dependency expressed through constructor parameter 0: Error creating bean with name 'jdbcTemplate' defined in class path resource [org/springframework/boot/jdbc/autoconfigure/JdbcTemplateConfiguration.class]: Failed to initialize dependency 'dataSourceScriptDatabaseInitializer' of JdbcTemplate bean 'jdbcTemplate': Error creating bean with name 'dataSourceScriptDatabaseInitializer' defined in class path resource [org/springframework/boot/jdbc/autoconfigure/DataSourceInitializationAutoConfiguration.class]: Failed to execute SQL script statement #1 of file [C:\Dev\WS_sts\cinelog\bin\main\data.sql]: CREATE TABLE IF NOT EXISTS persistent_logins ( username VARCHAR2(64) NOT NULL, series VARCHAR2(64) PRIMARY KEY, token VARCHAR2(64) NOT NULL, last_used TIMESTAMP NOT NULL )
2026-04-01 15:07:34 [restartedMain] INFO  o.s.o.j.LocalContainerEntityManagerFactoryBean - Closing JPA EntityManagerFactory for persistence unit 'default'
2026-04-01 15:07:34 [restartedMain] INFO  com.zaxxer.hikari.HikariDataSource - HikariPool-1 - Shutdown initiated...
2026-04-01 15:07:34 [restartedMain] INFO  com.zaxxer.hikari.HikariDataSource - HikariPool-1 - Shutdown completed.
2026-04-01 15:07:34 [restartedMain] INFO  o.a.catalina.core.StandardService - Stopping service [Tomcat]
2026-04-01 15:07:34 [restartedMain] INFO  o.s.b.a.l.ConditionEvaluationReportLogger - 

Error starting ApplicationContext. To display the condition evaluation report re-run your application with 'debug' enabled.
2026-04-01 15:07:34 [restartedMain] ERROR o.s.boot.SpringApplication - Application run failed
org.springframework.beans.factory.UnsatisfiedDependencyException: Error creating bean with name 'tokenCleanupScheduler' defined in file [C:\Dev\WS_sts\cinelog\bin\main\com\example\util\TokenCleanupScheduler.class]: Unsatisfied dependency expressed through constructor parameter 0: Error creating bean with name 'jdbcTemplate' defined in class path resource [org/springframework/boot/jdbc/autoconfigure/JdbcTemplateConfiguration.class]: Failed to initialize dependency 'dataSourceScriptDatabaseInitializer' of JdbcTemplate bean 'jdbcTemplate': Error creating bean with name 'dataSourceScriptDatabaseInitializer' defined in class path resource [org/springframework/boot/jdbc/autoconfigure/DataSourceInitializationAutoConfiguration.class]: Failed to execute SQL script statement #1 of file [C:\Dev\WS_sts\cinelog\bin\main\data.sql]: CREATE TABLE IF NOT EXISTS persistent_logins ( username VARCHAR2(64) NOT NULL, series VARCHAR2(64) PRIMARY KEY, token VARCHAR2(64) NOT NULL, last_used TIMESTAMP NOT NULL )
	at org.springframework.beans.factory.support.ConstructorResolver.createArgumentArray(ConstructorResolver.java:804)
	at org.springframework.beans.factory.support.ConstructorResolver.autowireConstructor(ConstructorResolver.java:240)
	at org.springframework.beans.factory.support.AbstractAutowireCapableBeanFactory.autowireConstructor(AbstractAutowireCapableBeanFactory.java:1382)
	at org.springframework.beans.factory.support.AbstractAutowireCapableBeanFactory.createBeanInstance(AbstractAutowireCapableBeanFactory.java:1221)
	at org.springframework.beans.factory.support.AbstractAutowireCapableBeanFactory.doCreateBean(AbstractAutowireCapableBeanFactory.java:565)
	at org.springframework.beans.factory.support.AbstractAutowireCapableBeanFactory.createBean(AbstractAutowireCapableBeanFactory.java:525)
	at org.springframework.beans.factory.support.AbstractBeanFactory.lambda$doGetBean$0(AbstractBeanFactory.java:333)
	at org.springframework.beans.factory.support.DefaultSingletonBeanRegistry.getSingleton(DefaultSingletonBeanRegistry.java:371)
	at org.springframework.beans.factory.support.AbstractBeanFactory.doGetBean(AbstractBeanFactory.java:331)
	at org.springframework.beans.factory.support.AbstractBeanFactory.getBean(AbstractBeanFactory.java:196)
	at org.springframework.beans.factory.support.DefaultListableBeanFactory.instantiateSingleton(DefaultListableBeanFactory.java:1218)
	at org.springframework.beans.factory.support.DefaultListableBeanFactory.preInstantiateSingleton(DefaultListableBeanFactory.java:1184)
	at org.springframework.beans.factory.support.DefaultListableBeanFactory.preInstantiateSingletons(DefaultListableBeanFactory.java:1121)
	at org.springframework.context.support.AbstractApplicationContext.finishBeanFactoryInitialization(AbstractApplicationContext.java:994)
	at org.springframework.context.support.AbstractApplicationContext.refresh(AbstractApplicationContext.java:621)
	at org.springframework.boot.web.server.servlet.context.ServletWebServerApplicationContext.refresh(ServletWebServerApplicationContext.java:143)
	at org.springframework.boot.SpringApplication.refresh(SpringApplication.java:756)
	at org.springframework.boot.SpringApplication.refreshContext(SpringApplication.java:445)
	at org.springframework.boot.SpringApplication.run(SpringApplication.java:321)
	at org.springframework.boot.SpringApplication.run(SpringApplication.java:1365)
	at org.springframework.boot.SpringApplication.run(SpringApplication.java:1354)
	at com.example.CineLogApplication.main(CineLogApplication.java:14)
	at java.base/jdk.internal.reflect.DirectMethodHandleAccessor.invoke(DirectMethodHandleAccessor.java:103)
	at java.base/java.lang.reflect.Method.invoke(Method.java:580)
	at org.springframework.boot.devtools.restart.RestartLauncher.run(RestartLauncher.java:52)
Caused by: org.springframework.beans.factory.BeanCreationException: Error creating bean with name 'jdbcTemplate' defined in class path resource [org/springframework/boot/jdbc/autoconfigure/JdbcTemplateConfiguration.class]: Failed to initialize dependency 'dataSourceScriptDatabaseInitializer' of JdbcTemplate bean 'jdbcTemplate': Error creating bean with name 'dataSourceScriptDatabaseInitializer' defined in class path resource [org/springframework/boot/jdbc/autoconfigure/DataSourceInitializationAutoConfiguration.class]: Failed to execute SQL script statement #1 of file [C:\Dev\WS_sts\cinelog\bin\main\data.sql]: CREATE TABLE IF NOT EXISTS persistent_logins ( username VARCHAR2(64) NOT NULL, series VARCHAR2(64) PRIMARY KEY, token VARCHAR2(64) NOT NULL, last_used TIMESTAMP NOT NULL )
	at org.springframework.beans.factory.support.AbstractBeanFactory.doGetBean(AbstractBeanFactory.java:322)
	at org.springframework.beans.factory.support.AbstractBeanFactory.getBean(AbstractBeanFactory.java:201)
	at org.springframework.beans.factory.support.DefaultListableBeanFactory.resolveBean(DefaultListableBeanFactory.java:1225)
	at org.springframework.beans.factory.support.DefaultListableBeanFactory.doResolveDependency(DefaultListableBeanFactory.java:1704)
	at org.springframework.beans.factory.support.DefaultListableBeanFactory.resolveDependency(DefaultListableBeanFactory.java:1651)
	at org.springframework.beans.factory.support.ConstructorResolver.resolveAutowiredArgument(ConstructorResolver.java:912)
	at org.springframework.beans.factory.support.ConstructorResolver.createArgumentArray(ConstructorResolver.java:791)
	... 24 common frames omitted
Caused by: org.springframework.beans.factory.BeanCreationException: Error creating bean with name 'dataSourceScriptDatabaseInitializer' defined in class path resource [org/springframework/boot/jdbc/autoconfigure/DataSourceInitializationAutoConfiguration.class]: Failed to execute SQL script statement #1 of file [C:\Dev\WS_sts\cinelog\bin\main\data.sql]: CREATE TABLE IF NOT EXISTS persistent_logins ( username VARCHAR2(64) NOT NULL, series VARCHAR2(64) PRIMARY KEY, token VARCHAR2(64) NOT NULL, last_used TIMESTAMP NOT NULL )
	at org.springframework.beans.factory.support.AbstractAutowireCapableBeanFactory.initializeBean(AbstractAutowireCapableBeanFactory.java:1817)
	at org.springframework.beans.factory.support.AbstractAutowireCapableBeanFactory.doCreateBean(AbstractAutowireCapableBeanFactory.java:603)
	at org.springframework.beans.factory.support.AbstractAutowireCapableBeanFactory.createBean(AbstractAutowireCapableBeanFactory.java:525)
	at org.springframework.beans.factory.support.AbstractBeanFactory.lambda$doGetBean$0(AbstractBeanFactory.java:333)
	at org.springframework.beans.factory.support.DefaultSingletonBeanRegistry.getSingleton(DefaultSingletonBeanRegistry.java:371)
	at org.springframework.beans.factory.support.AbstractBeanFactory.doGetBean(AbstractBeanFactory.java:331)
	at org.springframework.beans.factory.support.AbstractBeanFactory.getBean(AbstractBeanFactory.java:196)
	at org.springframework.beans.factory.support.AbstractBeanFactory.doGetBean(AbstractBeanFactory.java:309)
	... 30 common frames omitted
Caused by: org.springframework.jdbc.datasource.init.ScriptStatementFailedException: Failed to execute SQL script statement #1 of file [C:\Dev\WS_sts\cinelog\bin\main\data.sql]: CREATE TABLE IF NOT EXISTS persistent_logins ( username VARCHAR2(64) NOT NULL, series VARCHAR2(64) PRIMARY KEY, token VARCHAR2(64) NOT NULL, last_used TIMESTAMP NOT NULL )
	at org.springframework.jdbc.datasource.init.ScriptUtils.executeSqlScript(ScriptUtils.java:293)
	at org.springframework.jdbc.datasource.init.ResourceDatabasePopulator.populate(ResourceDatabasePopulator.java:254)
	at org.springframework.jdbc.datasource.init.DatabasePopulatorUtils.execute(DatabasePopulatorUtils.java:54)
	at org.springframework.boot.jdbc.init.DataSourceScriptDatabaseInitializer.runScripts(DataSourceScriptDatabaseInitializer.java:87)
	at org.springframework.boot.sql.init.AbstractScriptDatabaseInitializer.runScripts(AbstractScriptDatabaseInitializer.java:159)
	at org.springframework.boot.sql.init.AbstractScriptDatabaseInitializer.applyScripts(AbstractScriptDatabaseInitializer.java:120)
	at org.springframework.boot.sql.init.AbstractScriptDatabaseInitializer.applyDataScripts(AbstractScriptDatabaseInitializer.java:113)
	at org.springframework.boot.sql.init.AbstractScriptDatabaseInitializer.initializeDatabase(AbstractScriptDatabaseInitializer.java:88)
	at org.springframework.boot.sql.init.AbstractScriptDatabaseInitializer.afterPropertiesSet(AbstractScriptDatabaseInitializer.java:77)
	at org.springframework.beans.factory.support.AbstractAutowireCapableBeanFactory.invokeInitMethods(AbstractAutowireCapableBeanFactory.java:1864)
	at org.springframework.beans.factory.support.AbstractAutowireCapableBeanFactory.initializeBean(AbstractAutowireCapableBeanFactory.java:1813)
	... 37 common frames omitted
Caused by: java.sql.SQLSyntaxErrorException: ORA-00922: 누락된 또는 부적합한 옵션

https://docs.oracle.com/error-help/db/ora-00922/
	at oracle.jdbc.driver.T4CTTIoer11.processError(T4CTTIoer11.java:715)
	at oracle.jdbc.driver.T4CTTIoer11.processError(T4CTTIoer11.java:615)
	at oracle.jdbc.driver.T4C8Oall.processError(T4C8Oall.java:1372)
	at oracle.jdbc.driver.T4CTTIfun.receive(T4CTTIfun.java:972)
	at oracle.jdbc.driver.T4CTTIfun.doRPC(T4CTTIfun.java:237)
	at oracle.jdbc.driver.T4C8Oall.doOALL(T4C8Oall.java:524)
	at oracle.jdbc.driver.T4CStatement.doOall8(T4CStatement.java:197)
	at oracle.jdbc.driver.T4CStatement.executeForRows(T4CStatement.java:1408)
	at oracle.jdbc.driver.OracleStatement.executeSQLStatement(OracleStatement.java:2020)
	at oracle.jdbc.driver.OracleStatement.doExecuteWithTimeout(OracleStatement.java:1633)
	at oracle.jdbc.driver.OracleStatement.executeInternal(OracleStatement.java:2698)
	at oracle.jdbc.driver.OracleStatement.execute(OracleStatement.java:2647)
	at oracle.jdbc.driver.OracleStatementWrapper.execute(OracleStatementWrapper.java:349)
	at com.zaxxer.hikari.pool.ProxyStatement.execute(ProxyStatement.java:95)
	at com.zaxxer.hikari.pool.HikariProxyStatement.execute(HikariProxyStatement.java)
	at org.springframework.jdbc.datasource.init.ScriptUtils.executeSqlScript(ScriptUtils.java:261)
	... 47 common frames omitted
Caused by: Error : 922, Position : 16, SQL = CREATE TABLE IF NOT EXISTS persistent_logins ( username VARCHAR2(64) NOT NULL, series VARCHAR2(64) PRIMARY KEY, token VARCHAR2(64) NOT NULL, last_used TIMESTAMP NOT NULL ), Original SQL = CREATE TABLE IF NOT EXISTS persistent_logins ( username VARCHAR2(64) NOT NULL, series VARCHAR2(64) PRIMARY KEY, token VARCHAR2(64) NOT NULL, last_used TIMESTAMP NOT NULL ), Error Message = ORA-00922: 누락된 또는 부적합한 옵션

	at oracle.jdbc.driver.T4CTTIoer11.processError(T4CTTIoer11.java:723)
	... 62 common frames omitted
2026-04-01 15:08:12 [background-preinit] INFO  o.h.validator.internal.util.Version - HV000001: Hibernate Validator 9.0.1.Final
2026-04-01 15:08:12 [restartedMain] INFO  com.example.CineLogApplication - Starting CineLogApplication using Java 21.0.10 with PID 7912 (C:\Dev\WS_sts\cinelog\bin\main started by GGG in C:\Dev\WS_sts\cinelog)
2026-04-01 15:08:12 [restartedMain] INFO  com.example.CineLogApplication - No active profile set, falling back to 1 default profile: "default"
2026-04-01 15:08:12 [restartedMain] INFO  o.s.b.d.restart.ChangeableUrls - The Class-Path manifest attribute in C:\Users\GGG\.gradle\caches\modules-2\files-2.1\com.oracle.database.jdbc\ojdbc11\23.9.0.25.07\4fe3479be8322eaac43f1cd0fb5818e93048201d\ojdbc11-23.9.0.25.07.jar referenced one or more files that do not exist: file:/C:/Users/GGG/.gradle/caches/modules-2/files-2.1/com.oracle.database.jdbc/ojdbc11/23.9.0.25.07/4fe3479be8322eaac43f1cd0fb5818e93048201d/oraclepki.jar
2026-04-01 15:08:12 [restartedMain] INFO  o.s.b.d.e.DevToolsPropertyDefaultsPostProcessor - Devtools property defaults active! Set 'spring.devtools.add-properties' to 'false' to disable
2026-04-01 15:08:12 [restartedMain] INFO  o.s.b.d.e.DevToolsPropertyDefaultsPostProcessor - For additional web related logging consider setting the 'logging.level.web' property to 'DEBUG'
2026-04-01 15:08:13 [restartedMain] INFO  o.s.d.r.c.RepositoryConfigurationDelegate - Bootstrapping Spring Data JPA repositories in DEFAULT mode.
2026-04-01 15:08:13 [restartedMain] INFO  o.s.d.r.c.RepositoryConfigurationDelegate - Finished Spring Data repository scanning in 32 ms. Found 3 JPA repository interfaces.
2026-04-01 15:08:13 [restartedMain] INFO  o.s.boot.tomcat.TomcatWebServer - Tomcat initialized with port 8092 (http)
2026-04-01 15:08:13 [restartedMain] INFO  o.a.coyote.http11.Http11NioProtocol - Initializing ProtocolHandler ["http-nio-8092"]
2026-04-01 15:08:13 [restartedMain] INFO  o.a.catalina.core.StandardService - Starting service [Tomcat]
2026-04-01 15:08:13 [restartedMain] INFO  o.a.catalina.core.StandardEngine - Starting Servlet engine: [Apache Tomcat/11.0.20]
2026-04-01 15:08:13 [restartedMain] INFO  o.s.b.w.c.s.WebApplicationContextInitializer - Root WebApplicationContext: initialization completed in 996 ms
2026-04-01 15:08:13 [restartedMain] INFO  org.hibernate.orm.jpa - HHH008540: Processing PersistenceUnitInfo [name: default]
2026-04-01 15:08:13 [restartedMain] INFO  org.hibernate.orm.core - HHH000001: Hibernate ORM core version 7.2.7.Final
2026-04-01 15:08:14 [restartedMain] INFO  o.s.o.j.p.SpringPersistenceUnitInfo - No LoadTimeWeaver setup: ignoring JPA class transformer
2026-04-01 15:08:14 [restartedMain] INFO  com.zaxxer.hikari.HikariDataSource - HikariPool-1 - Starting...
2026-04-01 15:08:14 [restartedMain] INFO  com.zaxxer.hikari.pool.HikariPool - HikariPool-1 - Added connection oracle.jdbc.driver.T4CConnection@54110f5e
2026-04-01 15:08:14 [restartedMain] INFO  com.zaxxer.hikari.HikariDataSource - HikariPool-1 - Start completed.
2026-04-01 15:08:14 [restartedMain] WARN  org.hibernate.orm.jdbc - HHH100123: Low default JDBC fetch size: 10 (consider setting 'hibernate.jdbc.fetch_size')
2026-04-01 15:08:14 [restartedMain] INFO  o.hibernate.orm.connections.pooling - HHH10001005: Database info:
	Database JDBC URL [jdbc:oracle:thin:@//localhost:1521/testdb]
	Database driver: Oracle JDBC driver
	Database dialect: OracleDialect
	Database version: 19.3
	Default catalog/schema: undefined/GREEN
	Autocommit mode: undefined/unknown
	Isolation level: READ_COMMITTED [default READ_COMMITTED]
	JDBC fetch size: 10
	Pool: DataSourceConnectionProvider
	Minimum pool size: undefined/unknown
	Maximum pool size: undefined/unknown
2026-04-01 15:08:15 [restartedMain] INFO  org.hibernate.orm.core - HHH000489: No JTA platform available (set 'hibernate.transaction.jta.platform' to enable JTA platform integration)
2026-04-01 15:08:15 [restartedMain] INFO  o.s.o.j.LocalContainerEntityManagerFactoryBean - Initialized JPA EntityManagerFactory for persistence unit 'default'
2026-04-01 15:08:15 [restartedMain] INFO  o.s.d.j.r.q.QueryEnhancerFactories - Hibernate is in classpath; If applicable, HQL parser will be used.
2026-04-01 15:08:16 [restartedMain] WARN  o.s.b.w.s.s.c.AnnotationConfigServletWebServerApplicationContext - Exception encountered during context initialization - cancelling refresh attempt: org.springframework.beans.factory.UnsatisfiedDependencyException: Error creating bean with name 'tokenCleanupScheduler' defined in file [C:\Dev\WS_sts\cinelog\bin\main\com\example\util\TokenCleanupScheduler.class]: Unsatisfied dependency expressed through constructor parameter 0: Error creating bean with name 'jdbcTemplate' defined in class path resource [org/springframework/boot/jdbc/autoconfigure/JdbcTemplateConfiguration.class]: Failed to initialize dependency 'dataSourceScriptDatabaseInitializer' of JdbcTemplate bean 'jdbcTemplate': Error creating bean with name 'dataSourceScriptDatabaseInitializer' defined in class path resource [org/springframework/boot/jdbc/autoconfigure/DataSourceInitializationAutoConfiguration.class]: Failed to execute SQL script statement #1 of file [C:\Dev\WS_sts\cinelog\bin\main\data.sql]: CREATE TABLE IF NOT EXISTS persistent_logins ( username VARCHAR2(64) NOT NULL, series VARCHAR2(64) PRIMARY KEY, token VARCHAR2(64) NOT NULL, last_used TIMESTAMP NOT NULL )
2026-04-01 15:08:16 [restartedMain] INFO  o.s.o.j.LocalContainerEntityManagerFactoryBean - Closing JPA EntityManagerFactory for persistence unit 'default'
2026-04-01 15:08:16 [restartedMain] INFO  com.zaxxer.hikari.HikariDataSource - HikariPool-1 - Shutdown initiated...
2026-04-01 15:08:16 [restartedMain] INFO  com.zaxxer.hikari.HikariDataSource - HikariPool-1 - Shutdown completed.
2026-04-01 15:08:16 [restartedMain] INFO  o.a.catalina.core.StandardService - Stopping service [Tomcat]
2026-04-01 15:08:16 [restartedMain] INFO  o.s.b.a.l.ConditionEvaluationReportLogger - 

Error starting ApplicationContext. To display the condition evaluation report re-run your application with 'debug' enabled.
2026-04-01 15:08:16 [restartedMain] ERROR o.s.boot.SpringApplication - Application run failed
org.springframework.beans.factory.UnsatisfiedDependencyException: Error creating bean with name 'tokenCleanupScheduler' defined in file [C:\Dev\WS_sts\cinelog\bin\main\com\example\util\TokenCleanupScheduler.class]: Unsatisfied dependency expressed through constructor parameter 0: Error creating bean with name 'jdbcTemplate' defined in class path resource [org/springframework/boot/jdbc/autoconfigure/JdbcTemplateConfiguration.class]: Failed to initialize dependency 'dataSourceScriptDatabaseInitializer' of JdbcTemplate bean 'jdbcTemplate': Error creating bean with name 'dataSourceScriptDatabaseInitializer' defined in class path resource [org/springframework/boot/jdbc/autoconfigure/DataSourceInitializationAutoConfiguration.class]: Failed to execute SQL script statement #1 of file [C:\Dev\WS_sts\cinelog\bin\main\data.sql]: CREATE TABLE IF NOT EXISTS persistent_logins ( username VARCHAR2(64) NOT NULL, series VARCHAR2(64) PRIMARY KEY, token VARCHAR2(64) NOT NULL, last_used TIMESTAMP NOT NULL )
	at org.springframework.beans.factory.support.ConstructorResolver.createArgumentArray(ConstructorResolver.java:804)
	at org.springframework.beans.factory.support.ConstructorResolver.autowireConstructor(ConstructorResolver.java:240)
	at org.springframework.beans.factory.support.AbstractAutowireCapableBeanFactory.autowireConstructor(AbstractAutowireCapableBeanFactory.java:1382)
	at org.springframework.beans.factory.support.AbstractAutowireCapableBeanFactory.createBeanInstance(AbstractAutowireCapableBeanFactory.java:1221)
	at org.springframework.beans.factory.support.AbstractAutowireCapableBeanFactory.doCreateBean(AbstractAutowireCapableBeanFactory.java:565)
	at org.springframework.beans.factory.support.AbstractAutowireCapableBeanFactory.createBean(AbstractAutowireCapableBeanFactory.java:525)
	at org.springframework.beans.factory.support.AbstractBeanFactory.lambda$doGetBean$0(AbstractBeanFactory.java:333)
	at org.springframework.beans.factory.support.DefaultSingletonBeanRegistry.getSingleton(DefaultSingletonBeanRegistry.java:371)
	at org.springframework.beans.factory.support.AbstractBeanFactory.doGetBean(AbstractBeanFactory.java:331)
	at org.springframework.beans.factory.support.AbstractBeanFactory.getBean(AbstractBeanFactory.java:196)
	at org.springframework.beans.factory.support.DefaultListableBeanFactory.instantiateSingleton(DefaultListableBeanFactory.java:1218)
	at org.springframework.beans.factory.support.DefaultListableBeanFactory.preInstantiateSingleton(DefaultListableBeanFactory.java:1184)
	at org.springframework.beans.factory.support.DefaultListableBeanFactory.preInstantiateSingletons(DefaultListableBeanFactory.java:1121)
	at org.springframework.context.support.AbstractApplicationContext.finishBeanFactoryInitialization(AbstractApplicationContext.java:994)
	at org.springframework.context.support.AbstractApplicationContext.refresh(AbstractApplicationContext.java:621)
	at org.springframework.boot.web.server.servlet.context.ServletWebServerApplicationContext.refresh(ServletWebServerApplicationContext.java:143)
	at org.springframework.boot.SpringApplication.refresh(SpringApplication.java:756)
	at org.springframework.boot.SpringApplication.refreshContext(SpringApplication.java:445)
	at org.springframework.boot.SpringApplication.run(SpringApplication.java:321)
	at org.springframework.boot.SpringApplication.run(SpringApplication.java:1365)
	at org.springframework.boot.SpringApplication.run(SpringApplication.java:1354)
	at com.example.CineLogApplication.main(CineLogApplication.java:14)
	at java.base/jdk.internal.reflect.DirectMethodHandleAccessor.invoke(DirectMethodHandleAccessor.java:103)
	at java.base/java.lang.reflect.Method.invoke(Method.java:580)
	at org.springframework.boot.devtools.restart.RestartLauncher.run(RestartLauncher.java:52)
Caused by: org.springframework.beans.factory.BeanCreationException: Error creating bean with name 'jdbcTemplate' defined in class path resource [org/springframework/boot/jdbc/autoconfigure/JdbcTemplateConfiguration.class]: Failed to initialize dependency 'dataSourceScriptDatabaseInitializer' of JdbcTemplate bean 'jdbcTemplate': Error creating bean with name 'dataSourceScriptDatabaseInitializer' defined in class path resource [org/springframework/boot/jdbc/autoconfigure/DataSourceInitializationAutoConfiguration.class]: Failed to execute SQL script statement #1 of file [C:\Dev\WS_sts\cinelog\bin\main\data.sql]: CREATE TABLE IF NOT EXISTS persistent_logins ( username VARCHAR2(64) NOT NULL, series VARCHAR2(64) PRIMARY KEY, token VARCHAR2(64) NOT NULL, last_used TIMESTAMP NOT NULL )
	at org.springframework.beans.factory.support.AbstractBeanFactory.doGetBean(AbstractBeanFactory.java:322)
	at org.springframework.beans.factory.support.AbstractBeanFactory.getBean(AbstractBeanFactory.java:201)
	at org.springframework.beans.factory.support.DefaultListableBeanFactory.resolveBean(DefaultListableBeanFactory.java:1225)
	at org.springframework.beans.factory.support.DefaultListableBeanFactory.doResolveDependency(DefaultListableBeanFactory.java:1704)
	at org.springframework.beans.factory.support.DefaultListableBeanFactory.resolveDependency(DefaultListableBeanFactory.java:1651)
	at org.springframework.beans.factory.support.ConstructorResolver.resolveAutowiredArgument(ConstructorResolver.java:912)
	at org.springframework.beans.factory.support.ConstructorResolver.createArgumentArray(ConstructorResolver.java:791)
	... 24 common frames omitted
Caused by: org.springframework.beans.factory.BeanCreationException: Error creating bean with name 'dataSourceScriptDatabaseInitializer' defined in class path resource [org/springframework/boot/jdbc/autoconfigure/DataSourceInitializationAutoConfiguration.class]: Failed to execute SQL script statement #1 of file [C:\Dev\WS_sts\cinelog\bin\main\data.sql]: CREATE TABLE IF NOT EXISTS persistent_logins ( username VARCHAR2(64) NOT NULL, series VARCHAR2(64) PRIMARY KEY, token VARCHAR2(64) NOT NULL, last_used TIMESTAMP NOT NULL )
	at org.springframework.beans.factory.support.AbstractAutowireCapableBeanFactory.initializeBean(AbstractAutowireCapableBeanFactory.java:1817)
	at org.springframework.beans.factory.support.AbstractAutowireCapableBeanFactory.doCreateBean(AbstractAutowireCapableBeanFactory.java:603)
	at org.springframework.beans.factory.support.AbstractAutowireCapableBeanFactory.createBean(AbstractAutowireCapableBeanFactory.java:525)
	at org.springframework.beans.factory.support.AbstractBeanFactory.lambda$doGetBean$0(AbstractBeanFactory.java:333)
	at org.springframework.beans.factory.support.DefaultSingletonBeanRegistry.getSingleton(DefaultSingletonBeanRegistry.java:371)
	at org.springframework.beans.factory.support.AbstractBeanFactory.doGetBean(AbstractBeanFactory.java:331)
	at org.springframework.beans.factory.support.AbstractBeanFactory.getBean(AbstractBeanFactory.java:196)
	at org.springframework.beans.factory.support.AbstractBeanFactory.doGetBean(AbstractBeanFactory.java:309)
	... 30 common frames omitted
Caused by: org.springframework.jdbc.datasource.init.ScriptStatementFailedException: Failed to execute SQL script statement #1 of file [C:\Dev\WS_sts\cinelog\bin\main\data.sql]: CREATE TABLE IF NOT EXISTS persistent_logins ( username VARCHAR2(64) NOT NULL, series VARCHAR2(64) PRIMARY KEY, token VARCHAR2(64) NOT NULL, last_used TIMESTAMP NOT NULL )
	at org.springframework.jdbc.datasource.init.ScriptUtils.executeSqlScript(ScriptUtils.java:293)
	at org.springframework.jdbc.datasource.init.ResourceDatabasePopulator.populate(ResourceDatabasePopulator.java:254)
	at org.springframework.jdbc.datasource.init.DatabasePopulatorUtils.execute(DatabasePopulatorUtils.java:54)
	at org.springframework.boot.jdbc.init.DataSourceScriptDatabaseInitializer.runScripts(DataSourceScriptDatabaseInitializer.java:87)
	at org.springframework.boot.sql.init.AbstractScriptDatabaseInitializer.runScripts(AbstractScriptDatabaseInitializer.java:159)
	at org.springframework.boot.sql.init.AbstractScriptDatabaseInitializer.applyScripts(AbstractScriptDatabaseInitializer.java:120)
	at org.springframework.boot.sql.init.AbstractScriptDatabaseInitializer.applyDataScripts(AbstractScriptDatabaseInitializer.java:113)
	at org.springframework.boot.sql.init.AbstractScriptDatabaseInitializer.initializeDatabase(AbstractScriptDatabaseInitializer.java:88)
	at org.springframework.boot.sql.init.AbstractScriptDatabaseInitializer.afterPropertiesSet(AbstractScriptDatabaseInitializer.java:77)
	at org.springframework.beans.factory.support.AbstractAutowireCapableBeanFactory.invokeInitMethods(AbstractAutowireCapableBeanFactory.java:1864)
	at org.springframework.beans.factory.support.AbstractAutowireCapableBeanFactory.initializeBean(AbstractAutowireCapableBeanFactory.java:1813)
	... 37 common frames omitted
Caused by: java.sql.SQLSyntaxErrorException: ORA-00922: 누락된 또는 부적합한 옵션

https://docs.oracle.com/error-help/db/ora-00922/
	at oracle.jdbc.driver.T4CTTIoer11.processError(T4CTTIoer11.java:715)
	at oracle.jdbc.driver.T4CTTIoer11.processError(T4CTTIoer11.java:615)
	at oracle.jdbc.driver.T4C8Oall.processError(T4C8Oall.java:1372)
	at oracle.jdbc.driver.T4CTTIfun.receive(T4CTTIfun.java:972)
	at oracle.jdbc.driver.T4CTTIfun.doRPC(T4CTTIfun.java:237)
	at oracle.jdbc.driver.T4C8Oall.doOALL(T4C8Oall.java:524)
	at oracle.jdbc.driver.T4CStatement.doOall8(T4CStatement.java:197)
	at oracle.jdbc.driver.T4CStatement.executeForRows(T4CStatement.java:1408)
	at oracle.jdbc.driver.OracleStatement.executeSQLStatement(OracleStatement.java:2020)
	at oracle.jdbc.driver.OracleStatement.doExecuteWithTimeout(OracleStatement.java:1633)
	at oracle.jdbc.driver.OracleStatement.executeInternal(OracleStatement.java:2698)
	at oracle.jdbc.driver.OracleStatement.execute(OracleStatement.java:2647)
	at oracle.jdbc.driver.OracleStatementWrapper.execute(OracleStatementWrapper.java:349)
	at com.zaxxer.hikari.pool.ProxyStatement.execute(ProxyStatement.java:95)
	at com.zaxxer.hikari.pool.HikariProxyStatement.execute(HikariProxyStatement.java)
	at org.springframework.jdbc.datasource.init.ScriptUtils.executeSqlScript(ScriptUtils.java:261)
	... 47 common frames omitted
Caused by: Error : 922, Position : 16, SQL = CREATE TABLE IF NOT EXISTS persistent_logins ( username VARCHAR2(64) NOT NULL, series VARCHAR2(64) PRIMARY KEY, token VARCHAR2(64) NOT NULL, last_used TIMESTAMP NOT NULL ), Original SQL = CREATE TABLE IF NOT EXISTS persistent_logins ( username VARCHAR2(64) NOT NULL, series VARCHAR2(64) PRIMARY KEY, token VARCHAR2(64) NOT NULL, last_used TIMESTAMP NOT NULL ), Error Message = ORA-00922: 누락된 또는 부적합한 옵션

	at oracle.jdbc.driver.T4CTTIoer11.processError(T4CTTIoer11.java:723)
	... 62 common frames omitted
2026-04-01 15:08:31 [background-preinit] INFO  o.h.validator.internal.util.Version - HV000001: Hibernate Validator 9.0.1.Final
2026-04-01 15:08:31 [restartedMain] INFO  com.example.CineLogApplication - Starting CineLogApplication using Java 21.0.10 with PID 8476 (C:\Dev\WS_sts\cinelog\bin\main started by GGG in C:\Dev\WS_sts\cinelog)
2026-04-01 15:08:31 [restartedMain] INFO  com.example.CineLogApplication - No active profile set, falling back to 1 default profile: "default"
2026-04-01 15:08:31 [restartedMain] INFO  o.s.b.d.restart.ChangeableUrls - The Class-Path manifest attribute in C:\Users\GGG\.gradle\caches\modules-2\files-2.1\com.oracle.database.jdbc\ojdbc11\23.9.0.25.07\4fe3479be8322eaac43f1cd0fb5818e93048201d\ojdbc11-23.9.0.25.07.jar referenced one or more files that do not exist: file:/C:/Users/GGG/.gradle/caches/modules-2/files-2.1/com.oracle.database.jdbc/ojdbc11/23.9.0.25.07/4fe3479be8322eaac43f1cd0fb5818e93048201d/oraclepki.jar
2026-04-01 15:08:31 [restartedMain] INFO  o.s.b.d.e.DevToolsPropertyDefaultsPostProcessor - Devtools property defaults active! Set 'spring.devtools.add-properties' to 'false' to disable
2026-04-01 15:08:31 [restartedMain] INFO  o.s.b.d.e.DevToolsPropertyDefaultsPostProcessor - For additional web related logging consider setting the 'logging.level.web' property to 'DEBUG'
2026-04-01 15:08:31 [restartedMain] INFO  o.s.d.r.c.RepositoryConfigurationDelegate - Bootstrapping Spring Data JPA repositories in DEFAULT mode.
2026-04-01 15:08:31 [restartedMain] INFO  o.s.d.r.c.RepositoryConfigurationDelegate - Finished Spring Data repository scanning in 32 ms. Found 3 JPA repository interfaces.
2026-04-01 15:08:32 [restartedMain] INFO  o.s.boot.tomcat.TomcatWebServer - Tomcat initialized with port 8092 (http)
2026-04-01 15:08:32 [restartedMain] INFO  o.a.coyote.http11.Http11NioProtocol - Initializing ProtocolHandler ["http-nio-8092"]
2026-04-01 15:08:32 [restartedMain] INFO  o.a.catalina.core.StandardService - Starting service [Tomcat]
2026-04-01 15:08:32 [restartedMain] INFO  o.a.catalina.core.StandardEngine - Starting Servlet engine: [Apache Tomcat/11.0.20]
2026-04-01 15:08:32 [restartedMain] INFO  o.s.b.w.c.s.WebApplicationContextInitializer - Root WebApplicationContext: initialization completed in 978 ms
2026-04-01 15:08:32 [restartedMain] INFO  org.hibernate.orm.jpa - HHH008540: Processing PersistenceUnitInfo [name: default]
2026-04-01 15:08:32 [restartedMain] INFO  org.hibernate.orm.core - HHH000001: Hibernate ORM core version 7.2.7.Final
2026-04-01 15:08:32 [restartedMain] INFO  o.s.o.j.p.SpringPersistenceUnitInfo - No LoadTimeWeaver setup: ignoring JPA class transformer
2026-04-01 15:08:32 [restartedMain] INFO  com.zaxxer.hikari.HikariDataSource - HikariPool-1 - Starting...
2026-04-01 15:08:33 [restartedMain] INFO  com.zaxxer.hikari.pool.HikariPool - HikariPool-1 - Added connection oracle.jdbc.driver.T4CConnection@a7c39e8
2026-04-01 15:08:33 [restartedMain] INFO  com.zaxxer.hikari.HikariDataSource - HikariPool-1 - Start completed.
2026-04-01 15:08:33 [restartedMain] WARN  org.hibernate.orm.jdbc - HHH100123: Low default JDBC fetch size: 10 (consider setting 'hibernate.jdbc.fetch_size')
2026-04-01 15:08:33 [restartedMain] INFO  o.hibernate.orm.connections.pooling - HHH10001005: Database info:
	Database JDBC URL [jdbc:oracle:thin:@//localhost:1521/testdb]
	Database driver: Oracle JDBC driver
	Database dialect: OracleDialect
	Database version: 19.3
	Default catalog/schema: undefined/GREEN
	Autocommit mode: undefined/unknown
	Isolation level: READ_COMMITTED [default READ_COMMITTED]
	JDBC fetch size: 10
	Pool: DataSourceConnectionProvider
	Minimum pool size: undefined/unknown
	Maximum pool size: undefined/unknown
2026-04-01 15:08:33 [restartedMain] INFO  org.hibernate.orm.core - HHH000489: No JTA platform available (set 'hibernate.transaction.jta.platform' to enable JTA platform integration)
2026-04-01 15:08:34 [restartedMain] INFO  o.s.o.j.LocalContainerEntityManagerFactoryBean - Initialized JPA EntityManagerFactory for persistence unit 'default'
2026-04-01 15:08:34 [restartedMain] INFO  o.s.d.j.r.q.QueryEnhancerFactories - Hibernate is in classpath; If applicable, HQL parser will be used.
2026-04-01 15:08:34 [restartedMain] WARN  o.s.b.w.s.s.c.AnnotationConfigServletWebServerApplicationContext - Exception encountered during context initialization - cancelling refresh attempt: org.springframework.beans.factory.UnsatisfiedDependencyException: Error creating bean with name 'tokenCleanupScheduler' defined in file [C:\Dev\WS_sts\cinelog\bin\main\com\example\util\TokenCleanupScheduler.class]: Unsatisfied dependency expressed through constructor parameter 0: Error creating bean with name 'jdbcTemplate' defined in class path resource [org/springframework/boot/jdbc/autoconfigure/JdbcTemplateConfiguration.class]: Failed to initialize dependency 'dataSourceScriptDatabaseInitializer' of JdbcTemplate bean 'jdbcTemplate': Error creating bean with name 'dataSourceScriptDatabaseInitializer' defined in class path resource [org/springframework/boot/jdbc/autoconfigure/DataSourceInitializationAutoConfiguration.class]: Failed to execute SQL script statement #1 of file [C:\Dev\WS_sts\cinelog\bin\main\data.sql]: CREATE TABLE IF NOT EXISTS persistent_logins ( username VARCHAR2(64) NOT NULL, series VARCHAR2(64) PRIMARY KEY, token VARCHAR2(64) NOT NULL, last_used TIMESTAMP NOT NULL )
2026-04-01 15:08:34 [restartedMain] INFO  o.s.o.j.LocalContainerEntityManagerFactoryBean - Closing JPA EntityManagerFactory for persistence unit 'default'
2026-04-01 15:08:34 [restartedMain] INFO  com.zaxxer.hikari.HikariDataSource - HikariPool-1 - Shutdown initiated...
2026-04-01 15:08:34 [restartedMain] INFO  com.zaxxer.hikari.HikariDataSource - HikariPool-1 - Shutdown completed.
2026-04-01 15:08:34 [restartedMain] INFO  o.a.catalina.core.StandardService - Stopping service [Tomcat]
2026-04-01 15:08:34 [restartedMain] INFO  o.s.b.a.l.ConditionEvaluationReportLogger - 

Error starting ApplicationContext. To display the condition evaluation report re-run your application with 'debug' enabled.
2026-04-01 15:08:34 [restartedMain] ERROR o.s.boot.SpringApplication - Application run failed
org.springframework.beans.factory.UnsatisfiedDependencyException: Error creating bean with name 'tokenCleanupScheduler' defined in file [C:\Dev\WS_sts\cinelog\bin\main\com\example\util\TokenCleanupScheduler.class]: Unsatisfied dependency expressed through constructor parameter 0: Error creating bean with name 'jdbcTemplate' defined in class path resource [org/springframework/boot/jdbc/autoconfigure/JdbcTemplateConfiguration.class]: Failed to initialize dependency 'dataSourceScriptDatabaseInitializer' of JdbcTemplate bean 'jdbcTemplate': Error creating bean with name 'dataSourceScriptDatabaseInitializer' defined in class path resource [org/springframework/boot/jdbc/autoconfigure/DataSourceInitializationAutoConfiguration.class]: Failed to execute SQL script statement #1 of file [C:\Dev\WS_sts\cinelog\bin\main\data.sql]: CREATE TABLE IF NOT EXISTS persistent_logins ( username VARCHAR2(64) NOT NULL, series VARCHAR2(64) PRIMARY KEY, token VARCHAR2(64) NOT NULL, last_used TIMESTAMP NOT NULL )
	at org.springframework.beans.factory.support.ConstructorResolver.createArgumentArray(ConstructorResolver.java:804)
	at org.springframework.beans.factory.support.ConstructorResolver.autowireConstructor(ConstructorResolver.java:240)
	at org.springframework.beans.factory.support.AbstractAutowireCapableBeanFactory.autowireConstructor(AbstractAutowireCapableBeanFactory.java:1382)
	at org.springframework.beans.factory.support.AbstractAutowireCapableBeanFactory.createBeanInstance(AbstractAutowireCapableBeanFactory.java:1221)
	at org.springframework.beans.factory.support.AbstractAutowireCapableBeanFactory.doCreateBean(AbstractAutowireCapableBeanFactory.java:565)
	at org.springframework.beans.factory.support.AbstractAutowireCapableBeanFactory.createBean(AbstractAutowireCapableBeanFactory.java:525)
	at org.springframework.beans.factory.support.AbstractBeanFactory.lambda$doGetBean$0(AbstractBeanFactory.java:333)
	at org.springframework.beans.factory.support.DefaultSingletonBeanRegistry.getSingleton(DefaultSingletonBeanRegistry.java:371)
	at org.springframework.beans.factory.support.AbstractBeanFactory.doGetBean(AbstractBeanFactory.java:331)
	at org.springframework.beans.factory.support.AbstractBeanFactory.getBean(AbstractBeanFactory.java:196)
	at org.springframework.beans.factory.support.DefaultListableBeanFactory.instantiateSingleton(DefaultListableBeanFactory.java:1218)
	at org.springframework.beans.factory.support.DefaultListableBeanFactory.preInstantiateSingleton(DefaultListableBeanFactory.java:1184)
	at org.springframework.beans.factory.support.DefaultListableBeanFactory.preInstantiateSingletons(DefaultListableBeanFactory.java:1121)
	at org.springframework.context.support.AbstractApplicationContext.finishBeanFactoryInitialization(AbstractApplicationContext.java:994)
	at org.springframework.context.support.AbstractApplicationContext.refresh(AbstractApplicationContext.java:621)
	at org.springframework.boot.web.server.servlet.context.ServletWebServerApplicationContext.refresh(ServletWebServerApplicationContext.java:143)
	at org.springframework.boot.SpringApplication.refresh(SpringApplication.java:756)
	at org.springframework.boot.SpringApplication.refreshContext(SpringApplication.java:445)
	at org.springframework.boot.SpringApplication.run(SpringApplication.java:321)
	at org.springframework.boot.SpringApplication.run(SpringApplication.java:1365)
	at org.springframework.boot.SpringApplication.run(SpringApplication.java:1354)
	at com.example.CineLogApplication.main(CineLogApplication.java:14)
	at java.base/jdk.internal.reflect.DirectMethodHandleAccessor.invoke(DirectMethodHandleAccessor.java:103)
	at java.base/java.lang.reflect.Method.invoke(Method.java:580)
	at org.springframework.boot.devtools.restart.RestartLauncher.run(RestartLauncher.java:52)
Caused by: org.springframework.beans.factory.BeanCreationException: Error creating bean with name 'jdbcTemplate' defined in class path resource [org/springframework/boot/jdbc/autoconfigure/JdbcTemplateConfiguration.class]: Failed to initialize dependency 'dataSourceScriptDatabaseInitializer' of JdbcTemplate bean 'jdbcTemplate': Error creating bean with name 'dataSourceScriptDatabaseInitializer' defined in class path resource [org/springframework/boot/jdbc/autoconfigure/DataSourceInitializationAutoConfiguration.class]: Failed to execute SQL script statement #1 of file [C:\Dev\WS_sts\cinelog\bin\main\data.sql]: CREATE TABLE IF NOT EXISTS persistent_logins ( username VARCHAR2(64) NOT NULL, series VARCHAR2(64) PRIMARY KEY, token VARCHAR2(64) NOT NULL, last_used TIMESTAMP NOT NULL )
	at org.springframework.beans.factory.support.AbstractBeanFactory.doGetBean(AbstractBeanFactory.java:322)
	at org.springframework.beans.factory.support.AbstractBeanFactory.getBean(AbstractBeanFactory.java:201)
	at org.springframework.beans.factory.support.DefaultListableBeanFactory.resolveBean(DefaultListableBeanFactory.java:1225)
	at org.springframework.beans.factory.support.DefaultListableBeanFactory.doResolveDependency(DefaultListableBeanFactory.java:1704)
	at org.springframework.beans.factory.support.DefaultListableBeanFactory.resolveDependency(DefaultListableBeanFactory.java:1651)
	at org.springframework.beans.factory.support.ConstructorResolver.resolveAutowiredArgument(ConstructorResolver.java:912)
	at org.springframework.beans.factory.support.ConstructorResolver.createArgumentArray(ConstructorResolver.java:791)
	... 24 common frames omitted
Caused by: org.springframework.beans.factory.BeanCreationException: Error creating bean with name 'dataSourceScriptDatabaseInitializer' defined in class path resource [org/springframework/boot/jdbc/autoconfigure/DataSourceInitializationAutoConfiguration.class]: Failed to execute SQL script statement #1 of file [C:\Dev\WS_sts\cinelog\bin\main\data.sql]: CREATE TABLE IF NOT EXISTS persistent_logins ( username VARCHAR2(64) NOT NULL, series VARCHAR2(64) PRIMARY KEY, token VARCHAR2(64) NOT NULL, last_used TIMESTAMP NOT NULL )
	at org.springframework.beans.factory.support.AbstractAutowireCapableBeanFactory.initializeBean(AbstractAutowireCapableBeanFactory.java:1817)
	at org.springframework.beans.factory.support.AbstractAutowireCapableBeanFactory.doCreateBean(AbstractAutowireCapableBeanFactory.java:603)
	at org.springframework.beans.factory.support.AbstractAutowireCapableBeanFactory.createBean(AbstractAutowireCapableBeanFactory.java:525)
	at org.springframework.beans.factory.support.AbstractBeanFactory.lambda$doGetBean$0(AbstractBeanFactory.java:333)
	at org.springframework.beans.factory.support.DefaultSingletonBeanRegistry.getSingleton(DefaultSingletonBeanRegistry.java:371)
	at org.springframework.beans.factory.support.AbstractBeanFactory.doGetBean(AbstractBeanFactory.java:331)
	at org.springframework.beans.factory.support.AbstractBeanFactory.getBean(AbstractBeanFactory.java:196)
	at org.springframework.beans.factory.support.AbstractBeanFactory.doGetBean(AbstractBeanFactory.java:309)
	... 30 common frames omitted
Caused by: org.springframework.jdbc.datasource.init.ScriptStatementFailedException: Failed to execute SQL script statement #1 of file [C:\Dev\WS_sts\cinelog\bin\main\data.sql]: CREATE TABLE IF NOT EXISTS persistent_logins ( username VARCHAR2(64) NOT NULL, series VARCHAR2(64) PRIMARY KEY, token VARCHAR2(64) NOT NULL, last_used TIMESTAMP NOT NULL )
	at org.springframework.jdbc.datasource.init.ScriptUtils.executeSqlScript(ScriptUtils.java:293)
	at org.springframework.jdbc.datasource.init.ResourceDatabasePopulator.populate(ResourceDatabasePopulator.java:254)
	at org.springframework.jdbc.datasource.init.DatabasePopulatorUtils.execute(DatabasePopulatorUtils.java:54)
	at org.springframework.boot.jdbc.init.DataSourceScriptDatabaseInitializer.runScripts(DataSourceScriptDatabaseInitializer.java:87)
	at org.springframework.boot.sql.init.AbstractScriptDatabaseInitializer.runScripts(AbstractScriptDatabaseInitializer.java:159)
	at org.springframework.boot.sql.init.AbstractScriptDatabaseInitializer.applyScripts(AbstractScriptDatabaseInitializer.java:120)
	at org.springframework.boot.sql.init.AbstractScriptDatabaseInitializer.applyDataScripts(AbstractScriptDatabaseInitializer.java:113)
	at org.springframework.boot.sql.init.AbstractScriptDatabaseInitializer.initializeDatabase(AbstractScriptDatabaseInitializer.java:88)
	at org.springframework.boot.sql.init.AbstractScriptDatabaseInitializer.afterPropertiesSet(AbstractScriptDatabaseInitializer.java:77)
	at org.springframework.beans.factory.support.AbstractAutowireCapableBeanFactory.invokeInitMethods(AbstractAutowireCapableBeanFactory.java:1864)
	at org.springframework.beans.factory.support.AbstractAutowireCapableBeanFactory.initializeBean(AbstractAutowireCapableBeanFactory.java:1813)
	... 37 common frames omitted
Caused by: java.sql.SQLSyntaxErrorException: ORA-00922: 누락된 또는 부적합한 옵션

https://docs.oracle.com/error-help/db/ora-00922/
	at oracle.jdbc.driver.T4CTTIoer11.processError(T4CTTIoer11.java:715)
	at oracle.jdbc.driver.T4CTTIoer11.processError(T4CTTIoer11.java:615)
	at oracle.jdbc.driver.T4C8Oall.processError(T4C8Oall.java:1372)
	at oracle.jdbc.driver.T4CTTIfun.receive(T4CTTIfun.java:972)
	at oracle.jdbc.driver.T4CTTIfun.doRPC(T4CTTIfun.java:237)
	at oracle.jdbc.driver.T4C8Oall.doOALL(T4C8Oall.java:524)
	at oracle.jdbc.driver.T4CStatement.doOall8(T4CStatement.java:197)
	at oracle.jdbc.driver.T4CStatement.executeForRows(T4CStatement.java:1408)
	at oracle.jdbc.driver.OracleStatement.executeSQLStatement(OracleStatement.java:2020)
	at oracle.jdbc.driver.OracleStatement.doExecuteWithTimeout(OracleStatement.java:1633)
	at oracle.jdbc.driver.OracleStatement.executeInternal(OracleStatement.java:2698)
	at oracle.jdbc.driver.OracleStatement.execute(OracleStatement.java:2647)
	at oracle.jdbc.driver.OracleStatementWrapper.execute(OracleStatementWrapper.java:349)
	at com.zaxxer.hikari.pool.ProxyStatement.execute(ProxyStatement.java:95)
	at com.zaxxer.hikari.pool.HikariProxyStatement.execute(HikariProxyStatement.java)
	at org.springframework.jdbc.datasource.init.ScriptUtils.executeSqlScript(ScriptUtils.java:261)
	... 47 common frames omitted
Caused by: Error : 922, Position : 16, SQL = CREATE TABLE IF NOT EXISTS persistent_logins ( username VARCHAR2(64) NOT NULL, series VARCHAR2(64) PRIMARY KEY, token VARCHAR2(64) NOT NULL, last_used TIMESTAMP NOT NULL ), Original SQL = CREATE TABLE IF NOT EXISTS persistent_logins ( username VARCHAR2(64) NOT NULL, series VARCHAR2(64) PRIMARY KEY, token VARCHAR2(64) NOT NULL, last_used TIMESTAMP NOT NULL ), Error Message = ORA-00922: 누락된 또는 부적합한 옵션

	at oracle.jdbc.driver.T4CTTIoer11.processError(T4CTTIoer11.java:723)
	... 62 common frames omitted
2026-04-01 15:08:42 [background-preinit] INFO  o.h.validator.internal.util.Version - HV000001: Hibernate Validator 9.0.1.Final
2026-04-01 15:08:42 [restartedMain] INFO  com.example.CineLogApplication - Starting CineLogApplication using Java 21.0.10 with PID 6184 (C:\Dev\WS_sts\cinelog\bin\main started by GGG in C:\Dev\WS_sts\cinelog)
2026-04-01 15:08:42 [restartedMain] INFO  com.example.CineLogApplication - No active profile set, falling back to 1 default profile: "default"
2026-04-01 15:08:42 [restartedMain] INFO  o.s.b.d.restart.ChangeableUrls - The Class-Path manifest attribute in C:\Users\GGG\.gradle\caches\modules-2\files-2.1\com.oracle.database.jdbc\ojdbc11\23.9.0.25.07\4fe3479be8322eaac43f1cd0fb5818e93048201d\ojdbc11-23.9.0.25.07.jar referenced one or more files that do not exist: file:/C:/Users/GGG/.gradle/caches/modules-2/files-2.1/com.oracle.database.jdbc/ojdbc11/23.9.0.25.07/4fe3479be8322eaac43f1cd0fb5818e93048201d/oraclepki.jar
2026-04-01 15:08:42 [restartedMain] INFO  o.s.b.d.e.DevToolsPropertyDefaultsPostProcessor - Devtools property defaults active! Set 'spring.devtools.add-properties' to 'false' to disable
2026-04-01 15:08:42 [restartedMain] INFO  o.s.b.d.e.DevToolsPropertyDefaultsPostProcessor - For additional web related logging consider setting the 'logging.level.web' property to 'DEBUG'
2026-04-01 15:08:43 [restartedMain] INFO  o.s.d.r.c.RepositoryConfigurationDelegate - Bootstrapping Spring Data JPA repositories in DEFAULT mode.
2026-04-01 15:08:43 [restartedMain] INFO  o.s.d.r.c.RepositoryConfigurationDelegate - Finished Spring Data repository scanning in 32 ms. Found 3 JPA repository interfaces.
2026-04-01 15:08:43 [restartedMain] INFO  o.s.boot.tomcat.TomcatWebServer - Tomcat initialized with port 8092 (http)
2026-04-01 15:08:43 [restartedMain] INFO  o.a.coyote.http11.Http11NioProtocol - Initializing ProtocolHandler ["http-nio-8092"]
2026-04-01 15:08:43 [restartedMain] INFO  o.a.catalina.core.StandardService - Starting service [Tomcat]
2026-04-01 15:08:43 [restartedMain] INFO  o.a.catalina.core.StandardEngine - Starting Servlet engine: [Apache Tomcat/11.0.20]
2026-04-01 15:08:43 [restartedMain] INFO  o.s.b.w.c.s.WebApplicationContextInitializer - Root WebApplicationContext: initialization completed in 986 ms
2026-04-01 15:08:43 [restartedMain] INFO  org.hibernate.orm.jpa - HHH008540: Processing PersistenceUnitInfo [name: default]
2026-04-01 15:08:43 [restartedMain] INFO  org.hibernate.orm.core - HHH000001: Hibernate ORM core version 7.2.7.Final
2026-04-01 15:08:44 [restartedMain] INFO  o.s.o.j.p.SpringPersistenceUnitInfo - No LoadTimeWeaver setup: ignoring JPA class transformer
2026-04-01 15:08:44 [restartedMain] INFO  com.zaxxer.hikari.HikariDataSource - HikariPool-1 - Starting...
2026-04-01 15:08:44 [restartedMain] INFO  com.zaxxer.hikari.pool.HikariPool - HikariPool-1 - Added connection oracle.jdbc.driver.T4CConnection@5d0150a1
2026-04-01 15:08:44 [restartedMain] INFO  com.zaxxer.hikari.HikariDataSource - HikariPool-1 - Start completed.
2026-04-01 15:08:44 [restartedMain] WARN  org.hibernate.orm.jdbc - HHH100123: Low default JDBC fetch size: 10 (consider setting 'hibernate.jdbc.fetch_size')
2026-04-01 15:08:44 [restartedMain] INFO  o.hibernate.orm.connections.pooling - HHH10001005: Database info:
	Database JDBC URL [jdbc:oracle:thin:@//localhost:1521/testdb]
	Database driver: Oracle JDBC driver
	Database dialect: OracleDialect
	Database version: 19.3
	Default catalog/schema: undefined/GREEN
	Autocommit mode: undefined/unknown
	Isolation level: READ_COMMITTED [default READ_COMMITTED]
	JDBC fetch size: 10
	Pool: DataSourceConnectionProvider
	Minimum pool size: undefined/unknown
	Maximum pool size: undefined/unknown
2026-04-01 15:08:45 [restartedMain] INFO  org.hibernate.orm.core - HHH000489: No JTA platform available (set 'hibernate.transaction.jta.platform' to enable JTA platform integration)
2026-04-01 15:08:46 [restartedMain] INFO  o.s.o.j.LocalContainerEntityManagerFactoryBean - Initialized JPA EntityManagerFactory for persistence unit 'default'
2026-04-01 15:08:46 [restartedMain] INFO  o.s.d.j.r.q.QueryEnhancerFactories - Hibernate is in classpath; If applicable, HQL parser will be used.
2026-04-01 15:08:47 [restartedMain] WARN  o.s.b.j.a.JpaBaseConfiguration$JpaWebConfiguration - spring.jpa.open-in-view is enabled by default. Therefore, database queries may be performed during view rendering. Explicitly configure spring.jpa.open-in-view to disable this warning
2026-04-01 15:08:47 [restartedMain] INFO  o.s.s.c.a.a.c.InitializeUserDetailsBeanManagerConfigurer$InitializeUserDetailsManagerConfigurer - Global AuthenticationManager configured with UserDetailsService bean with name memberDetailsService
2026-04-01 15:08:47 [restartedMain] INFO  o.s.b.w.a.WelcomePageHandlerMapping - Adding welcome page template: index
2026-04-01 15:08:48 [restartedMain] INFO  o.a.coyote.http11.Http11NioProtocol - Starting ProtocolHandler ["http-nio-8092"]
2026-04-01 15:08:48 [restartedMain] INFO  o.s.boot.tomcat.TomcatWebServer - Tomcat started on port 8092 (http) with context path '/'
2026-04-01 15:08:48 [restartedMain] INFO  com.example.CineLogApplication - Started CineLogApplication in 5.809 seconds (process running for 6.302)
2026-04-01 15:09:47 [File Watcher] INFO  o.s.b.d.a.LocalDevToolsAutoConfiguration$RestartingClassPathChangeChangedEventListener - Restarting due to 1 class path change (0 additions, 0 deletions, 1 modification)
2026-04-01 15:09:47 [Thread-1] INFO  o.s.boot.tomcat.GracefulShutdown - Commencing graceful shutdown. Waiting for active requests to complete
2026-04-01 15:09:47 [tomcat-shutdown] INFO  o.a.coyote.http11.Http11NioProtocol - Pausing ProtocolHandler ["http-nio-8092"]
2026-04-01 15:09:47 [tomcat-shutdown] INFO  o.s.boot.tomcat.GracefulShutdown - Graceful shutdown complete
2026-04-01 15:09:47 [Thread-1] INFO  o.a.coyote.http11.Http11NioProtocol - Stopping ProtocolHandler ["http-nio-8092"]
2026-04-01 15:09:47 [Thread-1] INFO  o.s.o.j.LocalContainerEntityManagerFactoryBean - Closing JPA EntityManagerFactory for persistence unit 'default'
2026-04-01 15:09:47 [Thread-1] INFO  com.zaxxer.hikari.HikariDataSource - HikariPool-1 - Shutdown initiated...
2026-04-01 15:09:47 [Thread-1] INFO  com.zaxxer.hikari.HikariDataSource - HikariPool-1 - Shutdown completed.
2026-04-01 15:09:47 [restartedMain] INFO  com.example.CineLogApplication - Starting CineLogApplication using Java 21.0.10 with PID 6184 (C:\Dev\WS_sts\cinelog\bin\main started by GGG in C:\Dev\WS_sts\cinelog)
2026-04-01 15:09:47 [restartedMain] INFO  com.example.CineLogApplication - No active profile set, falling back to 1 default profile: "default"
2026-04-01 15:09:47 [restartedMain] INFO  o.s.d.r.c.RepositoryConfigurationDelegate - Bootstrapping Spring Data JPA repositories in DEFAULT mode.
2026-04-01 15:09:47 [restartedMain] INFO  o.s.d.r.c.RepositoryConfigurationDelegate - Finished Spring Data repository scanning in 9 ms. Found 3 JPA repository interfaces.
2026-04-01 15:09:48 [background-preinit] INFO  o.h.validator.internal.util.Version - HV000001: Hibernate Validator 9.0.1.Final
2026-04-01 15:09:48 [restartedMain] INFO  com.example.CineLogApplication - Starting CineLogApplication using Java 21.0.10 with PID 5928 (C:\Dev\WS_sts\cinelog\bin\main started by GGG in C:\Dev\WS_sts\cinelog)
2026-04-01 15:09:48 [restartedMain] INFO  com.example.CineLogApplication - No active profile set, falling back to 1 default profile: "default"
2026-04-01 15:09:48 [restartedMain] INFO  o.s.b.d.restart.ChangeableUrls - The Class-Path manifest attribute in C:\Users\GGG\.gradle\caches\modules-2\files-2.1\com.oracle.database.jdbc\ojdbc11\23.9.0.25.07\4fe3479be8322eaac43f1cd0fb5818e93048201d\ojdbc11-23.9.0.25.07.jar referenced one or more files that do not exist: file:/C:/Users/GGG/.gradle/caches/modules-2/files-2.1/com.oracle.database.jdbc/ojdbc11/23.9.0.25.07/4fe3479be8322eaac43f1cd0fb5818e93048201d/oraclepki.jar
2026-04-01 15:09:48 [restartedMain] INFO  o.s.b.d.e.DevToolsPropertyDefaultsPostProcessor - Devtools property defaults active! Set 'spring.devtools.add-properties' to 'false' to disable
2026-04-01 15:09:48 [restartedMain] INFO  o.s.b.d.e.DevToolsPropertyDefaultsPostProcessor - For additional web related logging consider setting the 'logging.level.web' property to 'DEBUG'
2026-04-01 15:09:48 [restartedMain] INFO  o.s.d.r.c.RepositoryConfigurationDelegate - Bootstrapping Spring Data JPA repositories in DEFAULT mode.
2026-04-01 15:09:48 [restartedMain] INFO  o.s.d.r.c.RepositoryConfigurationDelegate - Finished Spring Data repository scanning in 33 ms. Found 3 JPA repository interfaces.
2026-04-01 15:09:49 [restartedMain] INFO  o.s.boot.tomcat.TomcatWebServer - Tomcat initialized with port 8092 (http)
2026-04-01 15:09:49 [restartedMain] INFO  o.a.coyote.http11.Http11NioProtocol - Initializing ProtocolHandler ["http-nio-8092"]
2026-04-01 15:09:49 [restartedMain] INFO  o.a.catalina.core.StandardService - Starting service [Tomcat]
2026-04-01 15:09:49 [restartedMain] INFO  o.a.catalina.core.StandardEngine - Starting Servlet engine: [Apache Tomcat/11.0.20]
2026-04-01 15:09:49 [restartedMain] INFO  o.s.b.w.c.s.WebApplicationContextInitializer - Root WebApplicationContext: initialization completed in 964 ms
2026-04-01 15:09:49 [restartedMain] INFO  org.hibernate.orm.jpa - HHH008540: Processing PersistenceUnitInfo [name: default]
2026-04-01 15:09:49 [restartedMain] INFO  org.hibernate.orm.core - HHH000001: Hibernate ORM core version 7.2.7.Final
2026-04-01 15:09:49 [restartedMain] INFO  o.s.o.j.p.SpringPersistenceUnitInfo - No LoadTimeWeaver setup: ignoring JPA class transformer
2026-04-01 15:09:49 [restartedMain] INFO  com.zaxxer.hikari.HikariDataSource - HikariPool-1 - Starting...
2026-04-01 15:09:50 [restartedMain] INFO  com.zaxxer.hikari.pool.HikariPool - HikariPool-1 - Added connection oracle.jdbc.driver.T4CConnection@70af55c6
2026-04-01 15:09:50 [restartedMain] INFO  com.zaxxer.hikari.HikariDataSource - HikariPool-1 - Start completed.
2026-04-01 15:09:50 [restartedMain] WARN  org.hibernate.orm.jdbc - HHH100123: Low default JDBC fetch size: 10 (consider setting 'hibernate.jdbc.fetch_size')
2026-04-01 15:09:50 [restartedMain] INFO  o.hibernate.orm.connections.pooling - HHH10001005: Database info:
	Database JDBC URL [jdbc:oracle:thin:@//localhost:1521/testdb]
	Database driver: Oracle JDBC driver
	Database dialect: OracleDialect
	Database version: 19.3
	Default catalog/schema: undefined/GREEN
	Autocommit mode: undefined/unknown
	Isolation level: READ_COMMITTED [default READ_COMMITTED]
	JDBC fetch size: 10
	Pool: DataSourceConnectionProvider
	Minimum pool size: undefined/unknown
	Maximum pool size: undefined/unknown
2026-04-01 15:09:51 [restartedMain] INFO  org.hibernate.orm.core - HHH000489: No JTA platform available (set 'hibernate.transaction.jta.platform' to enable JTA platform integration)
2026-04-01 15:09:51 [restartedMain] INFO  o.s.o.j.LocalContainerEntityManagerFactoryBean - Initialized JPA EntityManagerFactory for persistence unit 'default'
2026-04-01 15:09:51 [restartedMain] INFO  o.s.d.j.r.q.QueryEnhancerFactories - Hibernate is in classpath; If applicable, HQL parser will be used.
2026-04-01 15:09:52 [restartedMain] WARN  o.s.b.j.a.JpaBaseConfiguration$JpaWebConfiguration - spring.jpa.open-in-view is enabled by default. Therefore, database queries may be performed during view rendering. Explicitly configure spring.jpa.open-in-view to disable this warning
2026-04-01 15:09:52 [restartedMain] INFO  o.s.s.c.a.a.c.InitializeUserDetailsBeanManagerConfigurer$InitializeUserDetailsManagerConfigurer - Global AuthenticationManager configured with UserDetailsService bean with name memberDetailsService
2026-04-01 15:09:52 [restartedMain] INFO  o.s.b.w.a.WelcomePageHandlerMapping - Adding welcome page template: index
2026-04-01 15:09:52 [restartedMain] INFO  o.a.coyote.http11.Http11NioProtocol - Starting ProtocolHandler ["http-nio-8092"]
2026-04-01 15:09:52 [restartedMain] INFO  o.s.boot.tomcat.TomcatWebServer - Tomcat started on port 8092 (http) with context path '/'
2026-04-01 15:09:52 [restartedMain] INFO  com.example.CineLogApplication - Started CineLogApplication in 4.328 seconds (process running for 4.831)
2026-04-01 15:10:07 [File Watcher] INFO  o.s.b.d.a.LocalDevToolsAutoConfiguration$RestartingClassPathChangeChangedEventListener - Restarting due to 1 class path change (0 additions, 0 deletions, 1 modification)
2026-04-01 15:10:07 [Thread-1] INFO  o.s.boot.tomcat.GracefulShutdown - Commencing graceful shutdown. Waiting for active requests to complete
2026-04-01 15:10:07 [tomcat-shutdown] INFO  o.a.coyote.http11.Http11NioProtocol - Pausing ProtocolHandler ["http-nio-8092"]
2026-04-01 15:10:07 [tomcat-shutdown] INFO  o.s.boot.tomcat.GracefulShutdown - Graceful shutdown complete
2026-04-01 15:10:07 [Thread-1] INFO  o.a.coyote.http11.Http11NioProtocol - Stopping ProtocolHandler ["http-nio-8092"]
2026-04-01 15:10:07 [Thread-1] INFO  o.s.o.j.LocalContainerEntityManagerFactoryBean - Closing JPA EntityManagerFactory for persistence unit 'default'
2026-04-01 15:10:08 [Thread-1] INFO  com.zaxxer.hikari.HikariDataSource - HikariPool-1 - Shutdown initiated...
2026-04-01 15:10:08 [Thread-1] INFO  com.zaxxer.hikari.HikariDataSource - HikariPool-1 - Shutdown completed.
2026-04-01 15:10:08 [restartedMain] INFO  com.example.CineLogApplication - Starting CineLogApplication using Java 21.0.10 with PID 5928 (C:\Dev\WS_sts\cinelog\bin\main started by GGG in C:\Dev\WS_sts\cinelog)
2026-04-01 15:10:08 [restartedMain] INFO  com.example.CineLogApplication - No active profile set, falling back to 1 default profile: "default"
2026-04-01 15:10:08 [restartedMain] INFO  o.s.d.r.c.RepositoryConfigurationDelegate - Bootstrapping Spring Data JPA repositories in DEFAULT mode.
2026-04-01 15:10:08 [restartedMain] INFO  o.s.d.r.c.RepositoryConfigurationDelegate - Finished Spring Data repository scanning in 10 ms. Found 3 JPA repository interfaces.
2026-04-01 15:10:08 [restartedMain] INFO  o.s.boot.tomcat.TomcatWebServer - Tomcat initialized with port 8092 (http)
2026-04-01 15:10:08 [restartedMain] INFO  o.a.coyote.http11.Http11NioProtocol - Initializing ProtocolHandler ["http-nio-8092"]
2026-04-01 15:10:08 [restartedMain] INFO  o.a.catalina.core.StandardService - Starting service [Tomcat]
2026-04-01 15:10:08 [restartedMain] INFO  o.a.catalina.core.StandardEngine - Starting Servlet engine: [Apache Tomcat/11.0.20]
2026-04-01 15:10:08 [restartedMain] INFO  o.s.b.w.c.s.WebApplicationContextInitializer - Root WebApplicationContext: initialization completed in 225 ms
2026-04-01 15:10:08 [restartedMain] INFO  org.hibernate.orm.jpa - HHH008540: Processing PersistenceUnitInfo [name: default]
2026-04-01 15:10:08 [restartedMain] INFO  o.s.o.j.p.SpringPersistenceUnitInfo - No LoadTimeWeaver setup: ignoring JPA class transformer
2026-04-01 15:10:08 [restartedMain] INFO  com.zaxxer.hikari.HikariDataSource - HikariPool-2 - Starting...
2026-04-01 15:10:08 [restartedMain] INFO  com.zaxxer.hikari.pool.HikariPool - HikariPool-2 - Added connection oracle.jdbc.driver.T4CConnection@5129deae
2026-04-01 15:10:08 [restartedMain] INFO  com.zaxxer.hikari.HikariDataSource - HikariPool-2 - Start completed.
2026-04-01 15:10:08 [restartedMain] WARN  org.hibernate.orm.jdbc - HHH100123: Low default JDBC fetch size: 10 (consider setting 'hibernate.jdbc.fetch_size')
2026-04-01 15:10:08 [restartedMain] INFO  o.hibernate.orm.connections.pooling - HHH10001005: Database info:
	Database JDBC URL [jdbc:oracle:thin:@//localhost:1521/testdb]
	Database driver: Oracle JDBC driver
	Database dialect: OracleDialect
	Database version: 19.3
	Default catalog/schema: undefined/GREEN
	Autocommit mode: undefined/unknown
	Isolation level: READ_COMMITTED [default READ_COMMITTED]
	JDBC fetch size: 10
	Pool: DataSourceConnectionProvider
	Minimum pool size: undefined/unknown
	Maximum pool size: undefined/unknown
2026-04-01 15:10:08 [restartedMain] INFO  org.hibernate.orm.core - HHH000489: No JTA platform available (set 'hibernate.transaction.jta.platform' to enable JTA platform integration)
2026-04-01 15:10:08 [restartedMain] INFO  o.s.o.j.LocalContainerEntityManagerFactoryBean - Initialized JPA EntityManagerFactory for persistence unit 'default'
2026-04-01 15:10:08 [restartedMain] WARN  o.s.b.w.s.s.c.AnnotationConfigServletWebServerApplicationContext - Exception encountered during context initialization - cancelling refresh attempt: org.springframework.beans.factory.UnsatisfiedDependencyException: Error creating bean with name 'tokenCleanupScheduler' defined in file [C:\Dev\WS_sts\cinelog\bin\main\com\example\util\TokenCleanupScheduler.class]: Unsatisfied dependency expressed through constructor parameter 0: Error creating bean with name 'jdbcTemplate' defined in class path resource [org/springframework/boot/jdbc/autoconfigure/JdbcTemplateConfiguration.class]: Failed to initialize dependency 'dataSourceScriptDatabaseInitializer' of JdbcTemplate bean 'jdbcTemplate': Error creating bean with name 'dataSourceScriptDatabaseInitializer' defined in class path resource [org/springframework/boot/jdbc/autoconfigure/DataSourceInitializationAutoConfiguration.class]: Failed to execute SQL script statement #1 of file [C:\Dev\WS_sts\cinelog\bin\main\data.sql]: CREATE TABLE IF NOT EXISTS persistent_logins ( username VARCHAR2(64) NOT NULL, series VARCHAR2(64) PRIMARY KEY, token VARCHAR2(64) NOT NULL, last_used TIMESTAMP NOT NULL )
2026-04-01 15:10:08 [restartedMain] INFO  o.s.o.j.LocalContainerEntityManagerFactoryBean - Closing JPA EntityManagerFactory for persistence unit 'default'
2026-04-01 15:10:08 [restartedMain] INFO  com.zaxxer.hikari.HikariDataSource - HikariPool-2 - Shutdown initiated...
2026-04-01 15:10:08 [restartedMain] INFO  com.zaxxer.hikari.HikariDataSource - HikariPool-2 - Shutdown completed.
2026-04-01 15:10:08 [restartedMain] INFO  o.a.catalina.core.StandardService - Stopping service [Tomcat]
2026-04-01 15:10:08 [restartedMain] INFO  o.s.b.a.l.ConditionEvaluationReportLogger - 

Error starting ApplicationContext. To display the condition evaluation report re-run your application with 'debug' enabled.
2026-04-01 15:10:08 [restartedMain] ERROR o.s.boot.SpringApplication - Application run failed
org.springframework.beans.factory.UnsatisfiedDependencyException: Error creating bean with name 'tokenCleanupScheduler' defined in file [C:\Dev\WS_sts\cinelog\bin\main\com\example\util\TokenCleanupScheduler.class]: Unsatisfied dependency expressed through constructor parameter 0: Error creating bean with name 'jdbcTemplate' defined in class path resource [org/springframework/boot/jdbc/autoconfigure/JdbcTemplateConfiguration.class]: Failed to initialize dependency 'dataSourceScriptDatabaseInitializer' of JdbcTemplate bean 'jdbcTemplate': Error creating bean with name 'dataSourceScriptDatabaseInitializer' defined in class path resource [org/springframework/boot/jdbc/autoconfigure/DataSourceInitializationAutoConfiguration.class]: Failed to execute SQL script statement #1 of file [C:\Dev\WS_sts\cinelog\bin\main\data.sql]: CREATE TABLE IF NOT EXISTS persistent_logins ( username VARCHAR2(64) NOT NULL, series VARCHAR2(64) PRIMARY KEY, token VARCHAR2(64) NOT NULL, last_used TIMESTAMP NOT NULL )
	at org.springframework.beans.factory.support.ConstructorResolver.createArgumentArray(ConstructorResolver.java:804)
	at org.springframework.beans.factory.support.ConstructorResolver.autowireConstructor(ConstructorResolver.java:240)
	at org.springframework.beans.factory.support.AbstractAutowireCapableBeanFactory.autowireConstructor(AbstractAutowireCapableBeanFactory.java:1382)
	at org.springframework.beans.factory.support.AbstractAutowireCapableBeanFactory.createBeanInstance(AbstractAutowireCapableBeanFactory.java:1221)
	at org.springframework.beans.factory.support.AbstractAutowireCapableBeanFactory.doCreateBean(AbstractAutowireCapableBeanFactory.java:565)
	at org.springframework.beans.factory.support.AbstractAutowireCapableBeanFactory.createBean(AbstractAutowireCapableBeanFactory.java:525)
	at org.springframework.beans.factory.support.AbstractBeanFactory.lambda$doGetBean$0(AbstractBeanFactory.java:333)
	at org.springframework.beans.factory.support.DefaultSingletonBeanRegistry.getSingleton(DefaultSingletonBeanRegistry.java:371)
	at org.springframework.beans.factory.support.AbstractBeanFactory.doGetBean(AbstractBeanFactory.java:331)
	at org.springframework.beans.factory.support.AbstractBeanFactory.getBean(AbstractBeanFactory.java:196)
	at org.springframework.beans.factory.support.DefaultListableBeanFactory.instantiateSingleton(DefaultListableBeanFactory.java:1218)
	at org.springframework.beans.factory.support.DefaultListableBeanFactory.preInstantiateSingleton(DefaultListableBeanFactory.java:1184)
	at org.springframework.beans.factory.support.DefaultListableBeanFactory.preInstantiateSingletons(DefaultListableBeanFactory.java:1121)
	at org.springframework.context.support.AbstractApplicationContext.finishBeanFactoryInitialization(AbstractApplicationContext.java:994)
	at org.springframework.context.support.AbstractApplicationContext.refresh(AbstractApplicationContext.java:621)
	at org.springframework.boot.web.server.servlet.context.ServletWebServerApplicationContext.refresh(ServletWebServerApplicationContext.java:143)
	at org.springframework.boot.SpringApplication.refresh(SpringApplication.java:756)
	at org.springframework.boot.SpringApplication.refreshContext(SpringApplication.java:445)
	at org.springframework.boot.SpringApplication.run(SpringApplication.java:321)
	at org.springframework.boot.SpringApplication.run(SpringApplication.java:1365)
	at org.springframework.boot.SpringApplication.run(SpringApplication.java:1354)
	at com.example.CineLogApplication.main(CineLogApplication.java:14)
	at java.base/jdk.internal.reflect.DirectMethodHandleAccessor.invoke(DirectMethodHandleAccessor.java:103)
	at java.base/java.lang.reflect.Method.invoke(Method.java:580)
	at org.springframework.boot.devtools.restart.RestartLauncher.run(RestartLauncher.java:52)
Caused by: org.springframework.beans.factory.BeanCreationException: Error creating bean with name 'jdbcTemplate' defined in class path resource [org/springframework/boot/jdbc/autoconfigure/JdbcTemplateConfiguration.class]: Failed to initialize dependency 'dataSourceScriptDatabaseInitializer' of JdbcTemplate bean 'jdbcTemplate': Error creating bean with name 'dataSourceScriptDatabaseInitializer' defined in class path resource [org/springframework/boot/jdbc/autoconfigure/DataSourceInitializationAutoConfiguration.class]: Failed to execute SQL script statement #1 of file [C:\Dev\WS_sts\cinelog\bin\main\data.sql]: CREATE TABLE IF NOT EXISTS persistent_logins ( username VARCHAR2(64) NOT NULL, series VARCHAR2(64) PRIMARY KEY, token VARCHAR2(64) NOT NULL, last_used TIMESTAMP NOT NULL )
	at org.springframework.beans.factory.support.AbstractBeanFactory.doGetBean(AbstractBeanFactory.java:322)
	at org.springframework.beans.factory.support.AbstractBeanFactory.getBean(AbstractBeanFactory.java:201)
	at org.springframework.beans.factory.support.DefaultListableBeanFactory.resolveBean(DefaultListableBeanFactory.java:1225)
	at org.springframework.beans.factory.support.DefaultListableBeanFactory.doResolveDependency(DefaultListableBeanFactory.java:1704)
	at org.springframework.beans.factory.support.DefaultListableBeanFactory.resolveDependency(DefaultListableBeanFactory.java:1651)
	at org.springframework.beans.factory.support.ConstructorResolver.resolveAutowiredArgument(ConstructorResolver.java:912)
	at org.springframework.beans.factory.support.ConstructorResolver.createArgumentArray(ConstructorResolver.java:791)
	... 24 common frames omitted
Caused by: org.springframework.beans.factory.BeanCreationException: Error creating bean with name 'dataSourceScriptDatabaseInitializer' defined in class path resource [org/springframework/boot/jdbc/autoconfigure/DataSourceInitializationAutoConfiguration.class]: Failed to execute SQL script statement #1 of file [C:\Dev\WS_sts\cinelog\bin\main\data.sql]: CREATE TABLE IF NOT EXISTS persistent_logins ( username VARCHAR2(64) NOT NULL, series VARCHAR2(64) PRIMARY KEY, token VARCHAR2(64) NOT NULL, last_used TIMESTAMP NOT NULL )
	at org.springframework.beans.factory.support.AbstractAutowireCapableBeanFactory.initializeBean(AbstractAutowireCapableBeanFactory.java:1817)
	at org.springframework.beans.factory.support.AbstractAutowireCapableBeanFactory.doCreateBean(AbstractAutowireCapableBeanFactory.java:603)
	at org.springframework.beans.factory.support.AbstractAutowireCapableBeanFactory.createBean(AbstractAutowireCapableBeanFactory.java:525)
	at org.springframework.beans.factory.support.AbstractBeanFactory.lambda$doGetBean$0(AbstractBeanFactory.java:333)
	at org.springframework.beans.factory.support.DefaultSingletonBeanRegistry.getSingleton(DefaultSingletonBeanRegistry.java:371)
	at org.springframework.beans.factory.support.AbstractBeanFactory.doGetBean(AbstractBeanFactory.java:331)
	at org.springframework.beans.factory.support.AbstractBeanFactory.getBean(AbstractBeanFactory.java:196)
	at org.springframework.beans.factory.support.AbstractBeanFactory.doGetBean(AbstractBeanFactory.java:309)
	... 30 common frames omitted
Caused by: org.springframework.jdbc.datasource.init.ScriptStatementFailedException: Failed to execute SQL script statement #1 of file [C:\Dev\WS_sts\cinelog\bin\main\data.sql]: CREATE TABLE IF NOT EXISTS persistent_logins ( username VARCHAR2(64) NOT NULL, series VARCHAR2(64) PRIMARY KEY, token VARCHAR2(64) NOT NULL, last_used TIMESTAMP NOT NULL )
	at org.springframework.jdbc.datasource.init.ScriptUtils.executeSqlScript(ScriptUtils.java:293)
	at org.springframework.jdbc.datasource.init.ResourceDatabasePopulator.populate(ResourceDatabasePopulator.java:254)
	at org.springframework.jdbc.datasource.init.DatabasePopulatorUtils.execute(DatabasePopulatorUtils.java:54)
	at org.springframework.boot.jdbc.init.DataSourceScriptDatabaseInitializer.runScripts(DataSourceScriptDatabaseInitializer.java:87)
	at org.springframework.boot.sql.init.AbstractScriptDatabaseInitializer.runScripts(AbstractScriptDatabaseInitializer.java:159)
	at org.springframework.boot.sql.init.AbstractScriptDatabaseInitializer.applyScripts(AbstractScriptDatabaseInitializer.java:120)
	at org.springframework.boot.sql.init.AbstractScriptDatabaseInitializer.applyDataScripts(AbstractScriptDatabaseInitializer.java:113)
	at org.springframework.boot.sql.init.AbstractScriptDatabaseInitializer.initializeDatabase(AbstractScriptDatabaseInitializer.java:88)
	at org.springframework.boot.sql.init.AbstractScriptDatabaseInitializer.afterPropertiesSet(AbstractScriptDatabaseInitializer.java:77)
	at org.springframework.beans.factory.support.AbstractAutowireCapableBeanFactory.invokeInitMethods(AbstractAutowireCapableBeanFactory.java:1864)
	at org.springframework.beans.factory.support.AbstractAutowireCapableBeanFactory.initializeBean(AbstractAutowireCapableBeanFactory.java:1813)
	... 37 common frames omitted
Caused by: java.sql.SQLSyntaxErrorException: ORA-00922: 누락된 또는 부적합한 옵션

https://docs.oracle.com/error-help/db/ora-00922/
	at oracle.jdbc.driver.T4CTTIoer11.processError(T4CTTIoer11.java:715)
	at oracle.jdbc.driver.T4CTTIoer11.processError(T4CTTIoer11.java:615)
	at oracle.jdbc.driver.T4C8Oall.processError(T4C8Oall.java:1372)
	at oracle.jdbc.driver.T4CTTIfun.receive(T4CTTIfun.java:972)
	at oracle.jdbc.driver.T4CTTIfun.doRPC(T4CTTIfun.java:237)
	at oracle.jdbc.driver.T4C8Oall.doOALL(T4C8Oall.java:524)
	at oracle.jdbc.driver.T4CStatement.doOall8(T4CStatement.java:197)
	at oracle.jdbc.driver.T4CStatement.executeForRows(T4CStatement.java:1408)
	at oracle.jdbc.driver.OracleStatement.executeSQLStatement(OracleStatement.java:2020)
	at oracle.jdbc.driver.OracleStatement.doExecuteWithTimeout(OracleStatement.java:1633)
	at oracle.jdbc.driver.OracleStatement.executeInternal(OracleStatement.java:2698)
	at oracle.jdbc.driver.OracleStatement.execute(OracleStatement.java:2647)
	at oracle.jdbc.driver.OracleStatementWrapper.execute(OracleStatementWrapper.java:349)
	at com.zaxxer.hikari.pool.ProxyStatement.execute(ProxyStatement.java:95)
	at com.zaxxer.hikari.pool.HikariProxyStatement.execute(HikariProxyStatement.java)
	at org.springframework.jdbc.datasource.init.ScriptUtils.executeSqlScript(ScriptUtils.java:261)
	... 47 common frames omitted
Caused by: Error : 922, Position : 16, SQL = CREATE TABLE IF NOT EXISTS persistent_logins ( username VARCHAR2(64) NOT NULL, series VARCHAR2(64) PRIMARY KEY, token VARCHAR2(64) NOT NULL, last_used TIMESTAMP NOT NULL ), Original SQL = CREATE TABLE IF NOT EXISTS persistent_logins ( username VARCHAR2(64) NOT NULL, series VARCHAR2(64) PRIMARY KEY, token VARCHAR2(64) NOT NULL, last_used TIMESTAMP NOT NULL ), Error Message = ORA-00922: 누락된 또는 부적합한 옵션

	at oracle.jdbc.driver.T4CTTIoer11.processError(T4CTTIoer11.java:723)
	... 62 common frames omitted
2026-04-01 15:10:16 [restartedMain] INFO  com.example.CineLogApplication - Starting CineLogApplication using Java 21.0.10 with PID 5928 (C:\Dev\WS_sts\cinelog\bin\main started by GGG in C:\Dev\WS_sts\cinelog)
2026-04-01 15:10:16 [restartedMain] INFO  com.example.CineLogApplication - No active profile set, falling back to 1 default profile: "default"
2026-04-01 15:10:16 [restartedMain] INFO  o.s.d.r.c.RepositoryConfigurationDelegate - Bootstrapping Spring Data JPA repositories in DEFAULT mode.
2026-04-01 15:10:16 [restartedMain] INFO  o.s.d.r.c.RepositoryConfigurationDelegate - Finished Spring Data repository scanning in 8 ms. Found 3 JPA repository interfaces.
2026-04-01 15:10:16 [restartedMain] INFO  o.s.boot.tomcat.TomcatWebServer - Tomcat initialized with port 8092 (http)
2026-04-01 15:10:16 [restartedMain] INFO  o.a.coyote.http11.Http11NioProtocol - Initializing ProtocolHandler ["http-nio-8092"]
2026-04-01 15:10:16 [restartedMain] INFO  o.a.catalina.core.StandardService - Starting service [Tomcat]
2026-04-01 15:10:16 [restartedMain] INFO  o.a.catalina.core.StandardEngine - Starting Servlet engine: [Apache Tomcat/11.0.20]
2026-04-01 15:10:16 [restartedMain] INFO  o.s.b.w.c.s.WebApplicationContextInitializer - Root WebApplicationContext: initialization completed in 198 ms
2026-04-01 15:10:16 [restartedMain] INFO  org.hibernate.orm.jpa - HHH008540: Processing PersistenceUnitInfo [name: default]
2026-04-01 15:10:16 [restartedMain] INFO  o.s.o.j.p.SpringPersistenceUnitInfo - No LoadTimeWeaver setup: ignoring JPA class transformer
2026-04-01 15:10:16 [restartedMain] INFO  com.zaxxer.hikari.HikariDataSource - HikariPool-3 - Starting...
2026-04-01 15:10:16 [restartedMain] INFO  com.zaxxer.hikari.pool.HikariPool - HikariPool-3 - Added connection oracle.jdbc.driver.T4CConnection@5468c2d8
2026-04-01 15:10:16 [restartedMain] INFO  com.zaxxer.hikari.HikariDataSource - HikariPool-3 - Start completed.
2026-04-01 15:10:16 [restartedMain] WARN  org.hibernate.orm.jdbc - HHH100123: Low default JDBC fetch size: 10 (consider setting 'hibernate.jdbc.fetch_size')
2026-04-01 15:10:16 [restartedMain] INFO  o.hibernate.orm.connections.pooling - HHH10001005: Database info:
	Database JDBC URL [jdbc:oracle:thin:@//localhost:1521/testdb]
	Database driver: Oracle JDBC driver
	Database dialect: OracleDialect
	Database version: 19.3
	Default catalog/schema: undefined/GREEN
	Autocommit mode: undefined/unknown
	Isolation level: READ_COMMITTED [default READ_COMMITTED]
	JDBC fetch size: 10
	Pool: DataSourceConnectionProvider
	Minimum pool size: undefined/unknown
	Maximum pool size: undefined/unknown
2026-04-01 15:10:16 [restartedMain] INFO  org.hibernate.orm.core - HHH000489: No JTA platform available (set 'hibernate.transaction.jta.platform' to enable JTA platform integration)
2026-04-01 15:10:16 [restartedMain] INFO  o.s.o.j.LocalContainerEntityManagerFactoryBean - Initialized JPA EntityManagerFactory for persistence unit 'default'
2026-04-01 15:10:16 [restartedMain] WARN  o.s.b.j.a.JpaBaseConfiguration$JpaWebConfiguration - spring.jpa.open-in-view is enabled by default. Therefore, database queries may be performed during view rendering. Explicitly configure spring.jpa.open-in-view to disable this warning
2026-04-01 15:10:16 [restartedMain] INFO  o.s.s.c.a.a.c.InitializeUserDetailsBeanManagerConfigurer$InitializeUserDetailsManagerConfigurer - Global AuthenticationManager configured with UserDetailsService bean with name memberDetailsService
2026-04-01 15:10:16 [restartedMain] INFO  o.s.b.w.a.WelcomePageHandlerMapping - Adding welcome page template: index
2026-04-01 15:10:16 [restartedMain] INFO  o.a.coyote.http11.Http11NioProtocol - Starting ProtocolHandler ["http-nio-8092"]
2026-04-01 15:10:16 [restartedMain] INFO  o.s.boot.tomcat.TomcatWebServer - Tomcat started on port 8092 (http) with context path '/'
2026-04-01 15:10:16 [restartedMain] INFO  com.example.CineLogApplication - Started CineLogApplication in 0.628 seconds (process running for 29.2)
2026-04-01 15:10:16 [restartedMain] INFO  o.s.b.d.a.ConditionEvaluationDeltaLoggingListener - Condition evaluation unchanged
2026-04-01 15:11:45 [File Watcher] INFO  o.s.b.d.a.LocalDevToolsAutoConfiguration$RestartingClassPathChangeChangedEventListener - Restarting due to 1 class path change (0 additions, 0 deletions, 1 modification)
2026-04-01 15:11:45 [Thread-7] INFO  o.s.boot.tomcat.GracefulShutdown - Commencing graceful shutdown. Waiting for active requests to complete
2026-04-01 15:11:45 [tomcat-shutdown] INFO  o.a.coyote.http11.Http11NioProtocol - Pausing ProtocolHandler ["http-nio-8092"]
2026-04-01 15:11:45 [tomcat-shutdown] INFO  o.s.boot.tomcat.GracefulShutdown - Graceful shutdown complete
2026-04-01 15:11:45 [Thread-7] INFO  o.a.coyote.http11.Http11NioProtocol - Stopping ProtocolHandler ["http-nio-8092"]
2026-04-01 15:11:45 [Thread-7] INFO  o.s.o.j.LocalContainerEntityManagerFactoryBean - Closing JPA EntityManagerFactory for persistence unit 'default'
2026-04-01 15:11:45 [Thread-7] INFO  com.zaxxer.hikari.HikariDataSource - HikariPool-3 - Shutdown initiated...
2026-04-01 15:11:45 [Thread-7] INFO  com.zaxxer.hikari.HikariDataSource - HikariPool-3 - Shutdown completed.
2026-04-01 15:11:45 [restartedMain] INFO  com.example.CineLogApplication - Starting CineLogApplication using Java 21.0.10 with PID 5928 (C:\Dev\WS_sts\cinelog\bin\main started by GGG in C:\Dev\WS_sts\cinelog)
2026-04-01 15:11:45 [restartedMain] INFO  com.example.CineLogApplication - No active profile set, falling back to 1 default profile: "default"
2026-04-01 15:11:45 [restartedMain] INFO  o.s.d.r.c.RepositoryConfigurationDelegate - Bootstrapping Spring Data JPA repositories in DEFAULT mode.
2026-04-01 15:11:45 [restartedMain] INFO  o.s.d.r.c.RepositoryConfigurationDelegate - Finished Spring Data repository scanning in 7 ms. Found 3 JPA repository interfaces.
2026-04-01 15:11:45 [restartedMain] INFO  o.s.boot.tomcat.TomcatWebServer - Tomcat initialized with port 8092 (http)
2026-04-01 15:11:45 [restartedMain] INFO  o.a.coyote.http11.Http11NioProtocol - Initializing ProtocolHandler ["http-nio-8092"]
2026-04-01 15:11:45 [restartedMain] INFO  o.a.catalina.core.StandardService - Starting service [Tomcat]
2026-04-01 15:11:45 [restartedMain] INFO  o.a.catalina.core.StandardEngine - Starting Servlet engine: [Apache Tomcat/11.0.20]
2026-04-01 15:11:45 [restartedMain] INFO  o.s.b.w.c.s.WebApplicationContextInitializer - Root WebApplicationContext: initialization completed in 185 ms
2026-04-01 15:11:45 [restartedMain] INFO  org.hibernate.orm.jpa - HHH008540: Processing PersistenceUnitInfo [name: default]
2026-04-01 15:11:45 [restartedMain] INFO  o.s.o.j.p.SpringPersistenceUnitInfo - No LoadTimeWeaver setup: ignoring JPA class transformer
2026-04-01 15:11:45 [restartedMain] INFO  com.zaxxer.hikari.HikariDataSource - HikariPool-4 - Starting...
2026-04-01 15:11:45 [restartedMain] INFO  com.zaxxer.hikari.pool.HikariPool - HikariPool-4 - Added connection oracle.jdbc.driver.T4CConnection@511b0537
2026-04-01 15:11:45 [restartedMain] INFO  com.zaxxer.hikari.HikariDataSource - HikariPool-4 - Start completed.
2026-04-01 15:11:45 [restartedMain] WARN  org.hibernate.orm.jdbc - HHH100123: Low default JDBC fetch size: 10 (consider setting 'hibernate.jdbc.fetch_size')
2026-04-01 15:11:45 [restartedMain] INFO  o.hibernate.orm.connections.pooling - HHH10001005: Database info:
	Database JDBC URL [jdbc:oracle:thin:@//localhost:1521/testdb]
	Database driver: Oracle JDBC driver
	Database dialect: OracleDialect
	Database version: 19.3
	Default catalog/schema: undefined/GREEN
	Autocommit mode: undefined/unknown
	Isolation level: READ_COMMITTED [default READ_COMMITTED]
	JDBC fetch size: 10
	Pool: DataSourceConnectionProvider
	Minimum pool size: undefined/unknown
	Maximum pool size: undefined/unknown
2026-04-01 15:11:45 [restartedMain] INFO  org.hibernate.orm.core - HHH000489: No JTA platform available (set 'hibernate.transaction.jta.platform' to enable JTA platform integration)
2026-04-01 15:11:45 [restartedMain] INFO  o.s.o.j.LocalContainerEntityManagerFactoryBean - Initialized JPA EntityManagerFactory for persistence unit 'default'
2026-04-01 15:11:45 [restartedMain] WARN  o.s.b.j.a.JpaBaseConfiguration$JpaWebConfiguration - spring.jpa.open-in-view is enabled by default. Therefore, database queries may be performed during view rendering. Explicitly configure spring.jpa.open-in-view to disable this warning
2026-04-01 15:11:45 [restartedMain] INFO  o.s.s.c.a.a.c.InitializeUserDetailsBeanManagerConfigurer$InitializeUserDetailsManagerConfigurer - Global AuthenticationManager configured with UserDetailsService bean with name memberDetailsService
2026-04-01 15:11:45 [restartedMain] INFO  o.s.b.w.a.WelcomePageHandlerMapping - Adding welcome page template: index
2026-04-01 15:11:45 [restartedMain] INFO  o.a.coyote.http11.Http11NioProtocol - Starting ProtocolHandler ["http-nio-8092"]
2026-04-01 15:11:45 [restartedMain] INFO  o.s.boot.tomcat.TomcatWebServer - Tomcat started on port 8092 (http) with context path '/'
2026-04-01 15:11:45 [restartedMain] INFO  com.example.CineLogApplication - Started CineLogApplication in 0.623 seconds (process running for 118.368)
2026-04-01 15:11:45 [restartedMain] INFO  o.s.b.d.a.ConditionEvaluationDeltaLoggingListener - Condition evaluation unchanged
2026-04-01 15:12:08 [File Watcher] INFO  o.s.b.d.a.LocalDevToolsAutoConfiguration$RestartingClassPathChangeChangedEventListener - Restarting due to 1 class path change (0 additions, 0 deletions, 1 modification)
2026-04-01 15:12:08 [Thread-14] INFO  o.s.boot.tomcat.GracefulShutdown - Commencing graceful shutdown. Waiting for active requests to complete
2026-04-01 15:12:08 [tomcat-shutdown] INFO  o.a.coyote.http11.Http11NioProtocol - Pausing ProtocolHandler ["http-nio-8092"]
2026-04-01 15:12:08 [tomcat-shutdown] INFO  o.s.boot.tomcat.GracefulShutdown - Graceful shutdown complete
2026-04-01 15:12:08 [Thread-14] INFO  o.a.coyote.http11.Http11NioProtocol - Stopping ProtocolHandler ["http-nio-8092"]
2026-04-01 15:12:08 [Thread-14] INFO  o.s.o.j.LocalContainerEntityManagerFactoryBean - Closing JPA EntityManagerFactory for persistence unit 'default'
2026-04-01 15:12:08 [Thread-14] INFO  com.zaxxer.hikari.HikariDataSource - HikariPool-4 - Shutdown initiated...
2026-04-01 15:12:08 [Thread-14] INFO  com.zaxxer.hikari.HikariDataSource - HikariPool-4 - Shutdown completed.
2026-04-01 15:12:08 [restartedMain] INFO  com.example.CineLogApplication - Starting CineLogApplication using Java 21.0.10 with PID 5928 (C:\Dev\WS_sts\cinelog\bin\main started by GGG in C:\Dev\WS_sts\cinelog)
2026-04-01 15:12:08 [restartedMain] INFO  com.example.CineLogApplication - No active profile set, falling back to 1 default profile: "default"
2026-04-01 15:12:08 [restartedMain] INFO  o.s.d.r.c.RepositoryConfigurationDelegate - Bootstrapping Spring Data JPA repositories in DEFAULT mode.
2026-04-01 15:12:08 [restartedMain] INFO  o.s.d.r.c.RepositoryConfigurationDelegate - Finished Spring Data repository scanning in 7 ms. Found 3 JPA repository interfaces.
2026-04-01 15:12:08 [restartedMain] INFO  o.s.boot.tomcat.TomcatWebServer - Tomcat initialized with port 8092 (http)
2026-04-01 15:12:08 [restartedMain] INFO  o.a.coyote.http11.Http11NioProtocol - Initializing ProtocolHandler ["http-nio-8092"]
2026-04-01 15:12:08 [restartedMain] INFO  o.a.catalina.core.StandardService - Starting service [Tomcat]
2026-04-01 15:12:08 [restartedMain] INFO  o.a.catalina.core.StandardEngine - Starting Servlet engine: [Apache Tomcat/11.0.20]
2026-04-01 15:12:08 [restartedMain] INFO  o.s.b.w.c.s.WebApplicationContextInitializer - Root WebApplicationContext: initialization completed in 180 ms
2026-04-01 15:12:08 [restartedMain] INFO  org.hibernate.orm.jpa - HHH008540: Processing PersistenceUnitInfo [name: default]
2026-04-01 15:12:08 [restartedMain] INFO  o.s.o.j.p.SpringPersistenceUnitInfo - No LoadTimeWeaver setup: ignoring JPA class transformer
2026-04-01 15:12:08 [restartedMain] INFO  com.zaxxer.hikari.HikariDataSource - HikariPool-5 - Starting...
2026-04-01 15:12:08 [restartedMain] INFO  com.zaxxer.hikari.pool.HikariPool - HikariPool-5 - Added connection oracle.jdbc.driver.T4CConnection@5e5664d7
2026-04-01 15:12:08 [restartedMain] INFO  com.zaxxer.hikari.HikariDataSource - HikariPool-5 - Start completed.
2026-04-01 15:12:08 [restartedMain] WARN  org.hibernate.orm.jdbc - HHH100123: Low default JDBC fetch size: 10 (consider setting 'hibernate.jdbc.fetch_size')
2026-04-01 15:12:08 [restartedMain] INFO  o.hibernate.orm.connections.pooling - HHH10001005: Database info:
	Database JDBC URL [jdbc:oracle:thin:@//localhost:1521/testdb]
	Database driver: Oracle JDBC driver
	Database dialect: OracleDialect
	Database version: 19.3
	Default catalog/schema: undefined/GREEN
	Autocommit mode: undefined/unknown
	Isolation level: READ_COMMITTED [default READ_COMMITTED]
	JDBC fetch size: 10
	Pool: DataSourceConnectionProvider
	Minimum pool size: undefined/unknown
	Maximum pool size: undefined/unknown
2026-04-01 15:12:09 [restartedMain] INFO  org.hibernate.orm.core - HHH000489: No JTA platform available (set 'hibernate.transaction.jta.platform' to enable JTA platform integration)
2026-04-01 15:12:10 [restartedMain] INFO  o.s.o.j.LocalContainerEntityManagerFactoryBean - Initialized JPA EntityManagerFactory for persistence unit 'default'
2026-04-01 15:12:10 [restartedMain] WARN  o.s.b.w.s.s.c.AnnotationConfigServletWebServerApplicationContext - Exception encountered during context initialization - cancelling refresh attempt: org.springframework.beans.factory.UnsatisfiedDependencyException: Error creating bean with name 'tokenCleanupScheduler' defined in file [C:\Dev\WS_sts\cinelog\bin\main\com\example\util\TokenCleanupScheduler.class]: Unsatisfied dependency expressed through constructor parameter 0: Error creating bean with name 'jdbcTemplate' defined in class path resource [org/springframework/boot/jdbc/autoconfigure/JdbcTemplateConfiguration.class]: Failed to initialize dependency 'dataSourceScriptDatabaseInitializer' of JdbcTemplate bean 'jdbcTemplate': Error creating bean with name 'dataSourceScriptDatabaseInitializer' defined in class path resource [org/springframework/boot/jdbc/autoconfigure/DataSourceInitializationAutoConfiguration.class]: Failed to execute SQL script statement #1 of file [C:\Dev\WS_sts\cinelog\bin\main\data.sql]: CREATE TABLE IF NOT EXISTS persistent_logins ( username VARCHAR2(64) NOT NULL, series VARCHAR2(64) PRIMARY KEY, token VARCHAR2(64) NOT NULL, last_used TIMESTAMP NOT NULL )
2026-04-01 15:12:10 [restartedMain] INFO  o.s.o.j.LocalContainerEntityManagerFactoryBean - Closing JPA EntityManagerFactory for persistence unit 'default'
2026-04-01 15:12:10 [restartedMain] INFO  com.zaxxer.hikari.HikariDataSource - HikariPool-5 - Shutdown initiated...
2026-04-01 15:12:10 [restartedMain] INFO  com.zaxxer.hikari.HikariDataSource - HikariPool-5 - Shutdown completed.
2026-04-01 15:12:10 [restartedMain] INFO  o.a.catalina.core.StandardService - Stopping service [Tomcat]
2026-04-01 15:12:10 [restartedMain] INFO  o.s.b.a.l.ConditionEvaluationReportLogger - 

Error starting ApplicationContext. To display the condition evaluation report re-run your application with 'debug' enabled.
2026-04-01 15:12:10 [restartedMain] ERROR o.s.boot.SpringApplication - Application run failed
org.springframework.beans.factory.UnsatisfiedDependencyException: Error creating bean with name 'tokenCleanupScheduler' defined in file [C:\Dev\WS_sts\cinelog\bin\main\com\example\util\TokenCleanupScheduler.class]: Unsatisfied dependency expressed through constructor parameter 0: Error creating bean with name 'jdbcTemplate' defined in class path resource [org/springframework/boot/jdbc/autoconfigure/JdbcTemplateConfiguration.class]: Failed to initialize dependency 'dataSourceScriptDatabaseInitializer' of JdbcTemplate bean 'jdbcTemplate': Error creating bean with name 'dataSourceScriptDatabaseInitializer' defined in class path resource [org/springframework/boot/jdbc/autoconfigure/DataSourceInitializationAutoConfiguration.class]: Failed to execute SQL script statement #1 of file [C:\Dev\WS_sts\cinelog\bin\main\data.sql]: CREATE TABLE IF NOT EXISTS persistent_logins ( username VARCHAR2(64) NOT NULL, series VARCHAR2(64) PRIMARY KEY, token VARCHAR2(64) NOT NULL, last_used TIMESTAMP NOT NULL )
	at org.springframework.beans.factory.support.ConstructorResolver.createArgumentArray(ConstructorResolver.java:804)
	at org.springframework.beans.factory.support.ConstructorResolver.autowireConstructor(ConstructorResolver.java:240)
	at org.springframework.beans.factory.support.AbstractAutowireCapableBeanFactory.autowireConstructor(AbstractAutowireCapableBeanFactory.java:1382)
	at org.springframework.beans.factory.support.AbstractAutowireCapableBeanFactory.createBeanInstance(AbstractAutowireCapableBeanFactory.java:1221)
	at org.springframework.beans.factory.support.AbstractAutowireCapableBeanFactory.doCreateBean(AbstractAutowireCapableBeanFactory.java:565)
	at org.springframework.beans.factory.support.AbstractAutowireCapableBeanFactory.createBean(AbstractAutowireCapableBeanFactory.java:525)
	at org.springframework.beans.factory.support.AbstractBeanFactory.lambda$doGetBean$0(AbstractBeanFactory.java:333)
	at org.springframework.beans.factory.support.DefaultSingletonBeanRegistry.getSingleton(DefaultSingletonBeanRegistry.java:371)
	at org.springframework.beans.factory.support.AbstractBeanFactory.doGetBean(AbstractBeanFactory.java:331)
	at org.springframework.beans.factory.support.AbstractBeanFactory.getBean(AbstractBeanFactory.java:196)
	at org.springframework.beans.factory.support.DefaultListableBeanFactory.instantiateSingleton(DefaultListableBeanFactory.java:1218)
	at org.springframework.beans.factory.support.DefaultListableBeanFactory.preInstantiateSingleton(DefaultListableBeanFactory.java:1184)
	at org.springframework.beans.factory.support.DefaultListableBeanFactory.preInstantiateSingletons(DefaultListableBeanFactory.java:1121)
	at org.springframework.context.support.AbstractApplicationContext.finishBeanFactoryInitialization(AbstractApplicationContext.java:994)
	at org.springframework.context.support.AbstractApplicationContext.refresh(AbstractApplicationContext.java:621)
	at org.springframework.boot.web.server.servlet.context.ServletWebServerApplicationContext.refresh(ServletWebServerApplicationContext.java:143)
	at org.springframework.boot.SpringApplication.refresh(SpringApplication.java:756)
	at org.springframework.boot.SpringApplication.refreshContext(SpringApplication.java:445)
	at org.springframework.boot.SpringApplication.run(SpringApplication.java:321)
	at org.springframework.boot.SpringApplication.run(SpringApplication.java:1365)
	at org.springframework.boot.SpringApplication.run(SpringApplication.java:1354)
	at com.example.CineLogApplication.main(CineLogApplication.java:14)
	at java.base/jdk.internal.reflect.DirectMethodHandleAccessor.invoke(DirectMethodHandleAccessor.java:103)
	at java.base/java.lang.reflect.Method.invoke(Method.java:580)
	at org.springframework.boot.devtools.restart.RestartLauncher.run(RestartLauncher.java:52)
Caused by: org.springframework.beans.factory.BeanCreationException: Error creating bean with name 'jdbcTemplate' defined in class path resource [org/springframework/boot/jdbc/autoconfigure/JdbcTemplateConfiguration.class]: Failed to initialize dependency 'dataSourceScriptDatabaseInitializer' of JdbcTemplate bean 'jdbcTemplate': Error creating bean with name 'dataSourceScriptDatabaseInitializer' defined in class path resource [org/springframework/boot/jdbc/autoconfigure/DataSourceInitializationAutoConfiguration.class]: Failed to execute SQL script statement #1 of file [C:\Dev\WS_sts\cinelog\bin\main\data.sql]: CREATE TABLE IF NOT EXISTS persistent_logins ( username VARCHAR2(64) NOT NULL, series VARCHAR2(64) PRIMARY KEY, token VARCHAR2(64) NOT NULL, last_used TIMESTAMP NOT NULL )
	at org.springframework.beans.factory.support.AbstractBeanFactory.doGetBean(AbstractBeanFactory.java:322)
	at org.springframework.beans.factory.support.AbstractBeanFactory.getBean(AbstractBeanFactory.java:201)
	at org.springframework.beans.factory.support.DefaultListableBeanFactory.resolveBean(DefaultListableBeanFactory.java:1225)
	at org.springframework.beans.factory.support.DefaultListableBeanFactory.doResolveDependency(DefaultListableBeanFactory.java:1704)
	at org.springframework.beans.factory.support.DefaultListableBeanFactory.resolveDependency(DefaultListableBeanFactory.java:1651)
	at org.springframework.beans.factory.support.ConstructorResolver.resolveAutowiredArgument(ConstructorResolver.java:912)
	at org.springframework.beans.factory.support.ConstructorResolver.createArgumentArray(ConstructorResolver.java:791)
	... 24 common frames omitted
Caused by: org.springframework.beans.factory.BeanCreationException: Error creating bean with name 'dataSourceScriptDatabaseInitializer' defined in class path resource [org/springframework/boot/jdbc/autoconfigure/DataSourceInitializationAutoConfiguration.class]: Failed to execute SQL script statement #1 of file [C:\Dev\WS_sts\cinelog\bin\main\data.sql]: CREATE TABLE IF NOT EXISTS persistent_logins ( username VARCHAR2(64) NOT NULL, series VARCHAR2(64) PRIMARY KEY, token VARCHAR2(64) NOT NULL, last_used TIMESTAMP NOT NULL )
	at org.springframework.beans.factory.support.AbstractAutowireCapableBeanFactory.initializeBean(AbstractAutowireCapableBeanFactory.java:1817)
	at org.springframework.beans.factory.support.AbstractAutowireCapableBeanFactory.doCreateBean(AbstractAutowireCapableBeanFactory.java:603)
	at org.springframework.beans.factory.support.AbstractAutowireCapableBeanFactory.createBean(AbstractAutowireCapableBeanFactory.java:525)
	at org.springframework.beans.factory.support.AbstractBeanFactory.lambda$doGetBean$0(AbstractBeanFactory.java:333)
	at org.springframework.beans.factory.support.DefaultSingletonBeanRegistry.getSingleton(DefaultSingletonBeanRegistry.java:371)
	at org.springframework.beans.factory.support.AbstractBeanFactory.doGetBean(AbstractBeanFactory.java:331)
	at org.springframework.beans.factory.support.AbstractBeanFactory.getBean(AbstractBeanFactory.java:196)
	at org.springframework.beans.factory.support.AbstractBeanFactory.doGetBean(AbstractBeanFactory.java:309)
	... 30 common frames omitted
Caused by: org.springframework.jdbc.datasource.init.ScriptStatementFailedException: Failed to execute SQL script statement #1 of file [C:\Dev\WS_sts\cinelog\bin\main\data.sql]: CREATE TABLE IF NOT EXISTS persistent_logins ( username VARCHAR2(64) NOT NULL, series VARCHAR2(64) PRIMARY KEY, token VARCHAR2(64) NOT NULL, last_used TIMESTAMP NOT NULL )
	at org.springframework.jdbc.datasource.init.ScriptUtils.executeSqlScript(ScriptUtils.java:293)
	at org.springframework.jdbc.datasource.init.ResourceDatabasePopulator.populate(ResourceDatabasePopulator.java:254)
	at org.springframework.jdbc.datasource.init.DatabasePopulatorUtils.execute(DatabasePopulatorUtils.java:54)
	at org.springframework.boot.jdbc.init.DataSourceScriptDatabaseInitializer.runScripts(DataSourceScriptDatabaseInitializer.java:87)
	at org.springframework.boot.sql.init.AbstractScriptDatabaseInitializer.runScripts(AbstractScriptDatabaseInitializer.java:159)
	at org.springframework.boot.sql.init.AbstractScriptDatabaseInitializer.applyScripts(AbstractScriptDatabaseInitializer.java:120)
	at org.springframework.boot.sql.init.AbstractScriptDatabaseInitializer.applyDataScripts(AbstractScriptDatabaseInitializer.java:113)
	at org.springframework.boot.sql.init.AbstractScriptDatabaseInitializer.initializeDatabase(AbstractScriptDatabaseInitializer.java:88)
	at org.springframework.boot.sql.init.AbstractScriptDatabaseInitializer.afterPropertiesSet(AbstractScriptDatabaseInitializer.java:77)
	at org.springframework.beans.factory.support.AbstractAutowireCapableBeanFactory.invokeInitMethods(AbstractAutowireCapableBeanFactory.java:1864)
	at org.springframework.beans.factory.support.AbstractAutowireCapableBeanFactory.initializeBean(AbstractAutowireCapableBeanFactory.java:1813)
	... 37 common frames omitted
Caused by: java.sql.SQLSyntaxErrorException: ORA-00922: 누락된 또는 부적합한 옵션

https://docs.oracle.com/error-help/db/ora-00922/
	at oracle.jdbc.driver.T4CTTIoer11.processError(T4CTTIoer11.java:715)
	at oracle.jdbc.driver.T4CTTIoer11.processError(T4CTTIoer11.java:615)
	at oracle.jdbc.driver.T4C8Oall.processError(T4C8Oall.java:1372)
	at oracle.jdbc.driver.T4CTTIfun.receive(T4CTTIfun.java:972)
	at oracle.jdbc.driver.T4CTTIfun.doRPC(T4CTTIfun.java:237)
	at oracle.jdbc.driver.T4C8Oall.doOALL(T4C8Oall.java:524)
	at oracle.jdbc.driver.T4CStatement.doOall8(T4CStatement.java:197)
	at oracle.jdbc.driver.T4CStatement.executeForRows(T4CStatement.java:1408)
	at oracle.jdbc.driver.OracleStatement.executeSQLStatement(OracleStatement.java:2020)
	at oracle.jdbc.driver.OracleStatement.doExecuteWithTimeout(OracleStatement.java:1633)
	at oracle.jdbc.driver.OracleStatement.executeInternal(OracleStatement.java:2698)
	at oracle.jdbc.driver.OracleStatement.execute(OracleStatement.java:2647)
	at oracle.jdbc.driver.OracleStatementWrapper.execute(OracleStatementWrapper.java:349)
	at com.zaxxer.hikari.pool.ProxyStatement.execute(ProxyStatement.java:95)
	at com.zaxxer.hikari.pool.HikariProxyStatement.execute(HikariProxyStatement.java)
	at org.springframework.jdbc.datasource.init.ScriptUtils.executeSqlScript(ScriptUtils.java:261)
	... 47 common frames omitted
Caused by: Error : 922, Position : 16, SQL = CREATE TABLE IF NOT EXISTS persistent_logins ( username VARCHAR2(64) NOT NULL, series VARCHAR2(64) PRIMARY KEY, token VARCHAR2(64) NOT NULL, last_used TIMESTAMP NOT NULL ), Original SQL = CREATE TABLE IF NOT EXISTS persistent_logins ( username VARCHAR2(64) NOT NULL, series VARCHAR2(64) PRIMARY KEY, token VARCHAR2(64) NOT NULL, last_used TIMESTAMP NOT NULL ), Error Message = ORA-00922: 누락된 또는 부적합한 옵션

	at oracle.jdbc.driver.T4CTTIoer11.processError(T4CTTIoer11.java:723)
	... 62 common frames omitted
2026-04-01 15:12:23 [restartedMain] INFO  com.example.CineLogApplication - Starting CineLogApplication using Java 21.0.10 with PID 5928 (C:\Dev\WS_sts\cinelog\bin\main started by GGG in C:\Dev\WS_sts\cinelog)
2026-04-01 15:12:23 [restartedMain] INFO  com.example.CineLogApplication - No active profile set, falling back to 1 default profile: "default"
2026-04-01 15:12:23 [restartedMain] INFO  o.s.d.r.c.RepositoryConfigurationDelegate - Bootstrapping Spring Data JPA repositories in DEFAULT mode.
2026-04-01 15:12:23 [restartedMain] INFO  o.s.d.r.c.RepositoryConfigurationDelegate - Finished Spring Data repository scanning in 8 ms. Found 3 JPA repository interfaces.
2026-04-01 15:12:23 [restartedMain] INFO  o.s.boot.tomcat.TomcatWebServer - Tomcat initialized with port 8092 (http)
2026-04-01 15:12:23 [restartedMain] INFO  o.a.coyote.http11.Http11NioProtocol - Initializing ProtocolHandler ["http-nio-8092"]
2026-04-01 15:12:23 [restartedMain] INFO  o.a.catalina.core.StandardService - Starting service [Tomcat]
2026-04-01 15:12:23 [restartedMain] INFO  o.a.catalina.core.StandardEngine - Starting Servlet engine: [Apache Tomcat/11.0.20]
2026-04-01 15:12:23 [restartedMain] INFO  o.s.b.w.c.s.WebApplicationContextInitializer - Root WebApplicationContext: initialization completed in 192 ms
2026-04-01 15:12:23 [restartedMain] INFO  org.hibernate.orm.jpa - HHH008540: Processing PersistenceUnitInfo [name: default]
2026-04-01 15:12:23 [restartedMain] INFO  o.s.o.j.p.SpringPersistenceUnitInfo - No LoadTimeWeaver setup: ignoring JPA class transformer
2026-04-01 15:12:23 [restartedMain] INFO  com.zaxxer.hikari.HikariDataSource - HikariPool-6 - Starting...
2026-04-01 15:12:23 [restartedMain] INFO  com.zaxxer.hikari.pool.HikariPool - HikariPool-6 - Added connection oracle.jdbc.driver.T4CConnection@6265ffa5
2026-04-01 15:12:23 [restartedMain] INFO  com.zaxxer.hikari.HikariDataSource - HikariPool-6 - Start completed.
2026-04-01 15:12:23 [restartedMain] WARN  org.hibernate.orm.jdbc - HHH100123: Low default JDBC fetch size: 10 (consider setting 'hibernate.jdbc.fetch_size')
2026-04-01 15:12:23 [restartedMain] INFO  o.hibernate.orm.connections.pooling - HHH10001005: Database info:
	Database JDBC URL [jdbc:oracle:thin:@//localhost:1521/testdb]
	Database driver: Oracle JDBC driver
	Database dialect: OracleDialect
	Database version: 19.3
	Default catalog/schema: undefined/GREEN
	Autocommit mode: undefined/unknown
	Isolation level: READ_COMMITTED [default READ_COMMITTED]
	JDBC fetch size: 10
	Pool: DataSourceConnectionProvider
	Minimum pool size: undefined/unknown
	Maximum pool size: undefined/unknown
2026-04-01 15:12:23 [restartedMain] INFO  org.hibernate.orm.core - HHH000489: No JTA platform available (set 'hibernate.transaction.jta.platform' to enable JTA platform integration)
2026-04-01 15:12:23 [restartedMain] INFO  o.s.o.j.LocalContainerEntityManagerFactoryBean - Initialized JPA EntityManagerFactory for persistence unit 'default'
2026-04-01 15:12:23 [restartedMain] WARN  o.s.b.w.s.s.c.AnnotationConfigServletWebServerApplicationContext - Exception encountered during context initialization - cancelling refresh attempt: org.springframework.beans.factory.UnsatisfiedDependencyException: Error creating bean with name 'tokenCleanupScheduler' defined in file [C:\Dev\WS_sts\cinelog\bin\main\com\example\util\TokenCleanupScheduler.class]: Unsatisfied dependency expressed through constructor parameter 0: Error creating bean with name 'jdbcTemplate' defined in class path resource [org/springframework/boot/jdbc/autoconfigure/JdbcTemplateConfiguration.class]: Failed to initialize dependency 'dataSourceScriptDatabaseInitializer' of JdbcTemplate bean 'jdbcTemplate': Error creating bean with name 'dataSourceScriptDatabaseInitializer' defined in class path resource [org/springframework/boot/jdbc/autoconfigure/DataSourceInitializationAutoConfiguration.class]: Failed to execute SQL script statement #1 of file [C:\Dev\WS_sts\cinelog\bin\main\data.sql]: CREATE TABLE IF NOT EXISTS persistent_logins ( username VARCHAR2(64) NOT NULL, series VARCHAR2(64) PRIMARY KEY, token VARCHAR2(64) NOT NULL, last_used TIMESTAMP NOT NULL )
2026-04-01 15:12:23 [restartedMain] INFO  o.s.o.j.LocalContainerEntityManagerFactoryBean - Closing JPA EntityManagerFactory for persistence unit 'default'
2026-04-01 15:12:23 [restartedMain] INFO  com.zaxxer.hikari.HikariDataSource - HikariPool-6 - Shutdown initiated...
2026-04-01 15:12:23 [restartedMain] INFO  com.zaxxer.hikari.HikariDataSource - HikariPool-6 - Shutdown completed.
2026-04-01 15:12:23 [restartedMain] INFO  o.a.catalina.core.StandardService - Stopping service [Tomcat]
2026-04-01 15:12:23 [restartedMain] INFO  o.s.b.a.l.ConditionEvaluationReportLogger - 

Error starting ApplicationContext. To display the condition evaluation report re-run your application with 'debug' enabled.
2026-04-01 15:12:23 [restartedMain] ERROR o.s.boot.SpringApplication - Application run failed
org.springframework.beans.factory.UnsatisfiedDependencyException: Error creating bean with name 'tokenCleanupScheduler' defined in file [C:\Dev\WS_sts\cinelog\bin\main\com\example\util\TokenCleanupScheduler.class]: Unsatisfied dependency expressed through constructor parameter 0: Error creating bean with name 'jdbcTemplate' defined in class path resource [org/springframework/boot/jdbc/autoconfigure/JdbcTemplateConfiguration.class]: Failed to initialize dependency 'dataSourceScriptDatabaseInitializer' of JdbcTemplate bean 'jdbcTemplate': Error creating bean with name 'dataSourceScriptDatabaseInitializer' defined in class path resource [org/springframework/boot/jdbc/autoconfigure/DataSourceInitializationAutoConfiguration.class]: Failed to execute SQL script statement #1 of file [C:\Dev\WS_sts\cinelog\bin\main\data.sql]: CREATE TABLE IF NOT EXISTS persistent_logins ( username VARCHAR2(64) NOT NULL, series VARCHAR2(64) PRIMARY KEY, token VARCHAR2(64) NOT NULL, last_used TIMESTAMP NOT NULL )
	at org.springframework.beans.factory.support.ConstructorResolver.createArgumentArray(ConstructorResolver.java:804)
	at org.springframework.beans.factory.support.ConstructorResolver.autowireConstructor(ConstructorResolver.java:240)
	at org.springframework.beans.factory.support.AbstractAutowireCapableBeanFactory.autowireConstructor(AbstractAutowireCapableBeanFactory.java:1382)
	at org.springframework.beans.factory.support.AbstractAutowireCapableBeanFactory.createBeanInstance(AbstractAutowireCapableBeanFactory.java:1221)
	at org.springframework.beans.factory.support.AbstractAutowireCapableBeanFactory.doCreateBean(AbstractAutowireCapableBeanFactory.java:565)
	at org.springframework.beans.factory.support.AbstractAutowireCapableBeanFactory.createBean(AbstractAutowireCapableBeanFactory.java:525)
	at org.springframework.beans.factory.support.AbstractBeanFactory.lambda$doGetBean$0(AbstractBeanFactory.java:333)
	at org.springframework.beans.factory.support.DefaultSingletonBeanRegistry.getSingleton(DefaultSingletonBeanRegistry.java:371)
	at org.springframework.beans.factory.support.AbstractBeanFactory.doGetBean(AbstractBeanFactory.java:331)
	at org.springframework.beans.factory.support.AbstractBeanFactory.getBean(AbstractBeanFactory.java:196)
	at org.springframework.beans.factory.support.DefaultListableBeanFactory.instantiateSingleton(DefaultListableBeanFactory.java:1218)
	at org.springframework.beans.factory.support.DefaultListableBeanFactory.preInstantiateSingleton(DefaultListableBeanFactory.java:1184)
	at org.springframework.beans.factory.support.DefaultListableBeanFactory.preInstantiateSingletons(DefaultListableBeanFactory.java:1121)
	at org.springframework.context.support.AbstractApplicationContext.finishBeanFactoryInitialization(AbstractApplicationContext.java:994)
	at org.springframework.context.support.AbstractApplicationContext.refresh(AbstractApplicationContext.java:621)
	at org.springframework.boot.web.server.servlet.context.ServletWebServerApplicationContext.refresh(ServletWebServerApplicationContext.java:143)
	at org.springframework.boot.SpringApplication.refresh(SpringApplication.java:756)
	at org.springframework.boot.SpringApplication.refreshContext(SpringApplication.java:445)
	at org.springframework.boot.SpringApplication.run(SpringApplication.java:321)
	at org.springframework.boot.SpringApplication.run(SpringApplication.java:1365)
	at org.springframework.boot.SpringApplication.run(SpringApplication.java:1354)
	at com.example.CineLogApplication.main(CineLogApplication.java:14)
	at java.base/jdk.internal.reflect.DirectMethodHandleAccessor.invoke(DirectMethodHandleAccessor.java:103)
	at java.base/java.lang.reflect.Method.invoke(Method.java:580)
	at org.springframework.boot.devtools.restart.RestartLauncher.run(RestartLauncher.java:52)
Caused by: org.springframework.beans.factory.BeanCreationException: Error creating bean with name 'jdbcTemplate' defined in class path resource [org/springframework/boot/jdbc/autoconfigure/JdbcTemplateConfiguration.class]: Failed to initialize dependency 'dataSourceScriptDatabaseInitializer' of JdbcTemplate bean 'jdbcTemplate': Error creating bean with name 'dataSourceScriptDatabaseInitializer' defined in class path resource [org/springframework/boot/jdbc/autoconfigure/DataSourceInitializationAutoConfiguration.class]: Failed to execute SQL script statement #1 of file [C:\Dev\WS_sts\cinelog\bin\main\data.sql]: CREATE TABLE IF NOT EXISTS persistent_logins ( username VARCHAR2(64) NOT NULL, series VARCHAR2(64) PRIMARY KEY, token VARCHAR2(64) NOT NULL, last_used TIMESTAMP NOT NULL )
	at org.springframework.beans.factory.support.AbstractBeanFactory.doGetBean(AbstractBeanFactory.java:322)
	at org.springframework.beans.factory.support.AbstractBeanFactory.getBean(AbstractBeanFactory.java:201)
	at org.springframework.beans.factory.support.DefaultListableBeanFactory.resolveBean(DefaultListableBeanFactory.java:1225)
	at org.springframework.beans.factory.support.DefaultListableBeanFactory.doResolveDependency(DefaultListableBeanFactory.java:1704)
	at org.springframework.beans.factory.support.DefaultListableBeanFactory.resolveDependency(DefaultListableBeanFactory.java:1651)
	at org.springframework.beans.factory.support.ConstructorResolver.resolveAutowiredArgument(ConstructorResolver.java:912)
	at org.springframework.beans.factory.support.ConstructorResolver.createArgumentArray(ConstructorResolver.java:791)
	... 24 common frames omitted
Caused by: org.springframework.beans.factory.BeanCreationException: Error creating bean with name 'dataSourceScriptDatabaseInitializer' defined in class path resource [org/springframework/boot/jdbc/autoconfigure/DataSourceInitializationAutoConfiguration.class]: Failed to execute SQL script statement #1 of file [C:\Dev\WS_sts\cinelog\bin\main\data.sql]: CREATE TABLE IF NOT EXISTS persistent_logins ( username VARCHAR2(64) NOT NULL, series VARCHAR2(64) PRIMARY KEY, token VARCHAR2(64) NOT NULL, last_used TIMESTAMP NOT NULL )
	at org.springframework.beans.factory.support.AbstractAutowireCapableBeanFactory.initializeBean(AbstractAutowireCapableBeanFactory.java:1817)
	at org.springframework.beans.factory.support.AbstractAutowireCapableBeanFactory.doCreateBean(AbstractAutowireCapableBeanFactory.java:603)
	at org.springframework.beans.factory.support.AbstractAutowireCapableBeanFactory.createBean(AbstractAutowireCapableBeanFactory.java:525)
	at org.springframework.beans.factory.support.AbstractBeanFactory.lambda$doGetBean$0(AbstractBeanFactory.java:333)
	at org.springframework.beans.factory.support.DefaultSingletonBeanRegistry.getSingleton(DefaultSingletonBeanRegistry.java:371)
	at org.springframework.beans.factory.support.AbstractBeanFactory.doGetBean(AbstractBeanFactory.java:331)
	at org.springframework.beans.factory.support.AbstractBeanFactory.getBean(AbstractBeanFactory.java:196)
	at org.springframework.beans.factory.support.AbstractBeanFactory.doGetBean(AbstractBeanFactory.java:309)
	... 30 common frames omitted
Caused by: org.springframework.jdbc.datasource.init.ScriptStatementFailedException: Failed to execute SQL script statement #1 of file [C:\Dev\WS_sts\cinelog\bin\main\data.sql]: CREATE TABLE IF NOT EXISTS persistent_logins ( username VARCHAR2(64) NOT NULL, series VARCHAR2(64) PRIMARY KEY, token VARCHAR2(64) NOT NULL, last_used TIMESTAMP NOT NULL )
	at org.springframework.jdbc.datasource.init.ScriptUtils.executeSqlScript(ScriptUtils.java:293)
	at org.springframework.jdbc.datasource.init.ResourceDatabasePopulator.populate(ResourceDatabasePopulator.java:254)
	at org.springframework.jdbc.datasource.init.DatabasePopulatorUtils.execute(DatabasePopulatorUtils.java:54)
	at org.springframework.boot.jdbc.init.DataSourceScriptDatabaseInitializer.runScripts(DataSourceScriptDatabaseInitializer.java:87)
	at org.springframework.boot.sql.init.AbstractScriptDatabaseInitializer.runScripts(AbstractScriptDatabaseInitializer.java:159)
	at org.springframework.boot.sql.init.AbstractScriptDatabaseInitializer.applyScripts(AbstractScriptDatabaseInitializer.java:120)
	at org.springframework.boot.sql.init.AbstractScriptDatabaseInitializer.applyDataScripts(AbstractScriptDatabaseInitializer.java:113)
	at org.springframework.boot.sql.init.AbstractScriptDatabaseInitializer.initializeDatabase(AbstractScriptDatabaseInitializer.java:88)
	at org.springframework.boot.sql.init.AbstractScriptDatabaseInitializer.afterPropertiesSet(AbstractScriptDatabaseInitializer.java:77)
	at org.springframework.beans.factory.support.AbstractAutowireCapableBeanFactory.invokeInitMethods(AbstractAutowireCapableBeanFactory.java:1864)
	at org.springframework.beans.factory.support.AbstractAutowireCapableBeanFactory.initializeBean(AbstractAutowireCapableBeanFactory.java:1813)
	... 37 common frames omitted
Caused by: java.sql.SQLSyntaxErrorException: ORA-00922: 누락된 또는 부적합한 옵션

https://docs.oracle.com/error-help/db/ora-00922/
	at oracle.jdbc.driver.T4CTTIoer11.processError(T4CTTIoer11.java:715)
	at oracle.jdbc.driver.T4CTTIoer11.processError(T4CTTIoer11.java:615)
	at oracle.jdbc.driver.T4C8Oall.processError(T4C8Oall.java:1372)
	at oracle.jdbc.driver.T4CTTIfun.receive(T4CTTIfun.java:972)
	at oracle.jdbc.driver.T4CTTIfun.doRPC(T4CTTIfun.java:237)
	at oracle.jdbc.driver.T4C8Oall.doOALL(T4C8Oall.java:524)
	at oracle.jdbc.driver.T4CStatement.doOall8(T4CStatement.java:197)
	at oracle.jdbc.driver.T4CStatement.executeForRows(T4CStatement.java:1408)
	at oracle.jdbc.driver.OracleStatement.executeSQLStatement(OracleStatement.java:2020)
	at oracle.jdbc.driver.OracleStatement.doExecuteWithTimeout(OracleStatement.java:1633)
	at oracle.jdbc.driver.OracleStatement.executeInternal(OracleStatement.java:2698)
	at oracle.jdbc.driver.OracleStatement.execute(OracleStatement.java:2647)
	at oracle.jdbc.driver.OracleStatementWrapper.execute(OracleStatementWrapper.java:349)
	at com.zaxxer.hikari.pool.ProxyStatement.execute(ProxyStatement.java:95)
	at com.zaxxer.hikari.pool.HikariProxyStatement.execute(HikariProxyStatement.java)
	at org.springframework.jdbc.datasource.init.ScriptUtils.executeSqlScript(ScriptUtils.java:261)
	... 47 common frames omitted
Caused by: Error : 922, Position : 16, SQL = CREATE TABLE IF NOT EXISTS persistent_logins ( username VARCHAR2(64) NOT NULL, series VARCHAR2(64) PRIMARY KEY, token VARCHAR2(64) NOT NULL, last_used TIMESTAMP NOT NULL ), Original SQL = CREATE TABLE IF NOT EXISTS persistent_logins ( username VARCHAR2(64) NOT NULL, series VARCHAR2(64) PRIMARY KEY, token VARCHAR2(64) NOT NULL, last_used TIMESTAMP NOT NULL ), Error Message = ORA-00922: 누락된 또는 부적합한 옵션

	at oracle.jdbc.driver.T4CTTIoer11.processError(T4CTTIoer11.java:723)
	... 62 common frames omitted
2026-04-01 15:12:46 [restartedMain] INFO  com.example.CineLogApplication - Starting CineLogApplication using Java 21.0.10 with PID 5928 (C:\Dev\WS_sts\cinelog\bin\main started by GGG in C:\Dev\WS_sts\cinelog)
2026-04-01 15:12:46 [restartedMain] INFO  com.example.CineLogApplication - No active profile set, falling back to 1 default profile: "default"
2026-04-01 15:12:46 [restartedMain] WARN  o.s.b.w.s.s.c.AnnotationConfigServletWebServerApplicationContext - Exception encountered during context initialization - cancelling refresh attempt: org.springframework.beans.factory.BeanDefinitionStoreException: Failed to process import candidates for configuration class [com.example.CineLogApplication]: Error processing condition on org.springframework.boot.jdbc.autoconfigure.DataSourceInitializationAutoConfiguration
2026-04-01 15:12:46 [restartedMain] INFO  o.s.b.a.l.ConditionEvaluationReportLogger - 

Error starting ApplicationContext. To display the condition evaluation report re-run your application with 'debug' enabled.
2026-04-01 15:12:46 [restartedMain] ERROR o.s.boot.SpringApplication - Application run failed
org.springframework.beans.factory.BeanDefinitionStoreException: Failed to process import candidates for configuration class [com.example.CineLogApplication]: Error processing condition on org.springframework.boot.jdbc.autoconfigure.DataSourceInitializationAutoConfiguration
	at org.springframework.context.annotation.ConfigurationClassParser.processImports(ConfigurationClassParser.java:644)
	at org.springframework.context.annotation.ConfigurationClassParser$DeferredImportSelectorGroupingHandler.lambda$processGroupImports$0(ConfigurationClassParser.java:864)
	at java.base/java.lang.Iterable.forEach(Iterable.java:75)
	at org.springframework.context.annotation.ConfigurationClassParser$DeferredImportSelectorGroupingHandler.processGroupImports(ConfigurationClassParser.java:860)
	at org.springframework.context.annotation.ConfigurationClassParser$DeferredImportSelectorHandler.process(ConfigurationClassParser.java:831)
	at org.springframework.context.annotation.ConfigurationClassParser.parse(ConfigurationClassParser.java:200)
	at org.springframework.context.annotation.ConfigurationClassPostProcessor.processConfigBeanDefinitions(ConfigurationClassPostProcessor.java:452)
	at org.springframework.context.annotation.ConfigurationClassPostProcessor.postProcessBeanDefinitionRegistry(ConfigurationClassPostProcessor.java:316)
	at org.springframework.context.support.PostProcessorRegistrationDelegate.invokeBeanDefinitionRegistryPostProcessors(PostProcessorRegistrationDelegate.java:349)
	at org.springframework.context.support.PostProcessorRegistrationDelegate.invokeBeanFactoryPostProcessors(PostProcessorRegistrationDelegate.java:118)
	at org.springframework.context.support.AbstractApplicationContext.invokeBeanFactoryPostProcessors(AbstractApplicationContext.java:795)
	at org.springframework.context.support.AbstractApplicationContext.refresh(AbstractApplicationContext.java:603)
	at org.springframework.boot.web.server.servlet.context.ServletWebServerApplicationContext.refresh(ServletWebServerApplicationContext.java:143)
	at org.springframework.boot.SpringApplication.refresh(SpringApplication.java:756)
	at org.springframework.boot.SpringApplication.refreshContext(SpringApplication.java:445)
	at org.springframework.boot.SpringApplication.run(SpringApplication.java:321)
	at org.springframework.boot.SpringApplication.run(SpringApplication.java:1365)
	at org.springframework.boot.SpringApplication.run(SpringApplication.java:1354)
	at com.example.CineLogApplication.main(CineLogApplication.java:14)
	at java.base/jdk.internal.reflect.DirectMethodHandleAccessor.invoke(DirectMethodHandleAccessor.java:103)
	at java.base/java.lang.reflect.Method.invoke(Method.java:580)
	at org.springframework.boot.devtools.restart.RestartLauncher.run(RestartLauncher.java:52)
Caused by: java.lang.IllegalStateException: Error processing condition on org.springframework.boot.jdbc.autoconfigure.DataSourceInitializationAutoConfiguration
	at org.springframework.boot.autoconfigure.condition.SpringBootCondition.matches(SpringBootCondition.java:60)
	at org.springframework.context.annotation.ConditionEvaluator.shouldSkip(ConditionEvaluator.java:100)
	at org.springframework.context.annotation.ConfigurationClassParser.processConfigurationClass(ConfigurationClassParser.java:249)
	at org.springframework.context.annotation.ConfigurationClassParser.processImports(ConfigurationClassParser.java:634)
	... 21 common frames omitted
Caused by: java.lang.IllegalArgumentException: No enum constant org.springframework.boot.sql.init.DatabaseInitializationMode.ALWAYS 
	at java.base/java.lang.Enum.valueOf(Enum.java:293)
	at org.springframework.boot.sql.init.DatabaseInitializationMode.valueOf(DatabaseInitializationMode.java:26)
	at org.springframework.boot.sql.autoconfigure.init.OnDatabaseInitializationCondition.getDatabaseInitializationMode(OnDatabaseInitializationCondition.java:78)
	at org.springframework.boot.sql.autoconfigure.init.OnDatabaseInitializationCondition.getMatchOutcome(OnDatabaseInitializationCondition.java:62)
	at org.springframework.boot.autoconfigure.condition.SpringBootCondition.matches(SpringBootCondition.java:47)
	... 24 common frames omitted
2026-04-01 15:16:15 [restartedMain] INFO  com.example.CineLogApplication - Starting CineLogApplication using Java 21.0.10 with PID 5928 (C:\Dev\WS_sts\cinelog\bin\main started by GGG in C:\Dev\WS_sts\cinelog)
2026-04-01 15:16:15 [restartedMain] INFO  com.example.CineLogApplication - No active profile set, falling back to 1 default profile: "default"
2026-04-01 15:16:15 [restartedMain] INFO  o.s.d.r.c.RepositoryConfigurationDelegate - Bootstrapping Spring Data JPA repositories in DEFAULT mode.
2026-04-01 15:16:15 [restartedMain] INFO  o.s.d.r.c.RepositoryConfigurationDelegate - Finished Spring Data repository scanning in 8 ms. Found 3 JPA repository interfaces.
2026-04-01 15:16:15 [restartedMain] INFO  o.s.boot.tomcat.TomcatWebServer - Tomcat initialized with port 8092 (http)
2026-04-01 15:16:15 [restartedMain] INFO  o.a.coyote.http11.Http11NioProtocol - Initializing ProtocolHandler ["http-nio-8092"]
2026-04-01 15:16:15 [restartedMain] INFO  o.a.catalina.core.StandardService - Starting service [Tomcat]
2026-04-01 15:16:15 [restartedMain] INFO  o.a.catalina.core.StandardEngine - Starting Servlet engine: [Apache Tomcat/11.0.20]
2026-04-01 15:16:16 [restartedMain] INFO  o.s.b.w.c.s.WebApplicationContextInitializer - Root WebApplicationContext: initialization completed in 310 ms
2026-04-01 15:16:16 [restartedMain] INFO  org.hibernate.orm.jpa - HHH008540: Processing PersistenceUnitInfo [name: default]
2026-04-01 15:16:16 [restartedMain] INFO  o.s.o.j.p.SpringPersistenceUnitInfo - No LoadTimeWeaver setup: ignoring JPA class transformer
2026-04-01 15:16:16 [restartedMain] INFO  com.zaxxer.hikari.HikariDataSource - HikariPool-7 - Starting...
2026-04-01 15:16:16 [restartedMain] INFO  com.zaxxer.hikari.pool.HikariPool - HikariPool-7 - Added connection oracle.jdbc.driver.T4CConnection@10648d2e
2026-04-01 15:16:16 [restartedMain] INFO  com.zaxxer.hikari.HikariDataSource - HikariPool-7 - Start completed.
2026-04-01 15:16:16 [restartedMain] WARN  org.hibernate.orm.jdbc - HHH100123: Low default JDBC fetch size: 10 (consider setting 'hibernate.jdbc.fetch_size')
2026-04-01 15:16:16 [restartedMain] INFO  o.hibernate.orm.connections.pooling - HHH10001005: Database info:
	Database JDBC URL [jdbc:oracle:thin:@//localhost:1521/testdb]
	Database driver: Oracle JDBC driver
	Database dialect: OracleDialect
	Database version: 19.3
	Default catalog/schema: undefined/GREEN
	Autocommit mode: undefined/unknown
	Isolation level: READ_COMMITTED [default READ_COMMITTED]
	JDBC fetch size: 10
	Pool: DataSourceConnectionProvider
	Minimum pool size: undefined/unknown
	Maximum pool size: undefined/unknown
2026-04-01 15:16:16 [restartedMain] INFO  org.hibernate.orm.core - HHH000489: No JTA platform available (set 'hibernate.transaction.jta.platform' to enable JTA platform integration)
2026-04-01 15:16:16 [restartedMain] WARN  o.h.t.s.i.ExceptionHandlerLoggedImpl - GenerationTarget encountered exception accepting command : Error executing DDL "drop table tbl_movie_members cascade constraints" via JDBC [ORA-00942: 테이블 또는 뷰가 존재하지 않습니다

https://docs.oracle.com/error-help/db/ora-00942/]
org.hibernate.tool.schema.spi.CommandAcceptanceException: Error executing DDL "drop table tbl_movie_members cascade constraints" via JDBC [ORA-00942: 테이블 또는 뷰가 존재하지 않습니다

https://docs.oracle.com/error-help/db/ora-00942/]
	at org.hibernate.tool.schema.internal.exec.GenerationTargetToDatabase.accept(GenerationTargetToDatabase.java:81)
	at org.hibernate.tool.schema.internal.Helper.applySqlString(Helper.java:218)
	at org.hibernate.tool.schema.internal.Helper.applySqlStrings(Helper.java:204)
	at org.hibernate.tool.schema.internal.SchemaDropperImpl.dropTables(SchemaDropperImpl.java:376)
	at org.hibernate.tool.schema.internal.SchemaDropperImpl.dropConstraintsTablesSequences(SchemaDropperImpl.java:248)
	at org.hibernate.tool.schema.internal.SchemaDropperImpl.dropFromMetadata(SchemaDropperImpl.java:210)
	at org.hibernate.tool.schema.internal.SchemaDropperImpl.performDrop(SchemaDropperImpl.java:182)
	at org.hibernate.tool.schema.internal.SchemaDropperImpl.doDrop(SchemaDropperImpl.java:152)
	at org.hibernate.tool.schema.internal.SchemaDropperImpl.doDrop(SchemaDropperImpl.java:112)
	at org.hibernate.tool.schema.spi.SchemaManagementToolCoordinator.performDatabaseAction(SchemaManagementToolCoordinator.java:227)
	at org.hibernate.tool.schema.spi.SchemaManagementToolCoordinator.lambda$process$1(SchemaManagementToolCoordinator.java:101)
	at java.base/java.util.HashMap.forEach(HashMap.java:1429)
	at org.hibernate.tool.schema.spi.SchemaManagementToolCoordinator.process(SchemaManagementToolCoordinator.java:100)
	at org.hibernate.boot.internal.SessionFactoryObserverForSchemaExport.sessionFactoryCreated(SessionFactoryObserverForSchemaExport.java:35)
	at org.hibernate.internal.SessionFactoryObserverChain.sessionFactoryCreated(SessionFactoryObserverChain.java:33)
	at org.hibernate.internal.SessionFactoryImpl.<init>(SessionFactoryImpl.java:323)
	at org.hibernate.internal.SessionFactoryRegistry.instantiateSessionFactory(SessionFactoryRegistry.java:64)
	at org.hibernate.boot.internal.SessionFactoryBuilderImpl.build(SessionFactoryBuilderImpl.java:437)
	at org.hibernate.jpa.boot.internal.EntityManagerFactoryBuilderImpl.build(EntityManagerFactoryBuilderImpl.java:1456)
	at org.springframework.orm.jpa.vendor.SpringHibernateJpaPersistenceProvider.createContainerEntityManagerFactory(SpringHibernateJpaPersistenceProvider.java:93)
	at org.springframework.orm.jpa.LocalContainerEntityManagerFactoryBean.createNativeEntityManagerFactory(LocalContainerEntityManagerFactoryBean.java:443)
	at org.springframework.orm.jpa.AbstractEntityManagerFactoryBean.buildNativeEntityManagerFactory(AbstractEntityManagerFactoryBean.java:436)
	at org.springframework.orm.jpa.AbstractEntityManagerFactoryBean.afterPropertiesSet(AbstractEntityManagerFactoryBean.java:411)
	at org.springframework.orm.jpa.LocalContainerEntityManagerFactoryBean.afterPropertiesSet(LocalContainerEntityManagerFactoryBean.java:419)
	at org.springframework.beans.factory.support.AbstractAutowireCapableBeanFactory.invokeInitMethods(AbstractAutowireCapableBeanFactory.java:1864)
	at org.springframework.beans.factory.support.AbstractAutowireCapableBeanFactory.initializeBean(AbstractAutowireCapableBeanFactory.java:1813)
	at org.springframework.beans.factory.support.AbstractAutowireCapableBeanFactory.doCreateBean(AbstractAutowireCapableBeanFactory.java:603)
	at org.springframework.beans.factory.support.AbstractAutowireCapableBeanFactory.createBean(AbstractAutowireCapableBeanFactory.java:525)
	at org.springframework.beans.factory.support.AbstractBeanFactory.lambda$doGetBean$0(AbstractBeanFactory.java:333)
	at org.springframework.beans.factory.support.DefaultSingletonBeanRegistry.getSingleton(DefaultSingletonBeanRegistry.java:371)
	at org.springframework.beans.factory.support.AbstractBeanFactory.doGetBean(AbstractBeanFactory.java:331)
	at org.springframework.beans.factory.support.AbstractBeanFactory.getBean(AbstractBeanFactory.java:201)
	at org.springframework.context.support.AbstractApplicationContext.finishBeanFactoryInitialization(AbstractApplicationContext.java:977)
	at org.springframework.context.support.AbstractApplicationContext.refresh(AbstractApplicationContext.java:621)
	at org.springframework.boot.web.server.servlet.context.ServletWebServerApplicationContext.refresh(ServletWebServerApplicationContext.java:143)
	at org.springframework.boot.SpringApplication.refresh(SpringApplication.java:756)
	at org.springframework.boot.SpringApplication.refreshContext(SpringApplication.java:445)
	at org.springframework.boot.SpringApplication.run(SpringApplication.java:321)
	at org.springframework.boot.SpringApplication.run(SpringApplication.java:1365)
	at org.springframework.boot.SpringApplication.run(SpringApplication.java:1354)
	at com.example.CineLogApplication.main(CineLogApplication.java:14)
	at java.base/jdk.internal.reflect.DirectMethodHandleAccessor.invoke(DirectMethodHandleAccessor.java:103)
	at java.base/java.lang.reflect.Method.invoke(Method.java:580)
	at org.springframework.boot.devtools.restart.RestartLauncher.run(RestartLauncher.java:52)
Caused by: java.sql.SQLSyntaxErrorException: ORA-00942: 테이블 또는 뷰가 존재하지 않습니다

https://docs.oracle.com/error-help/db/ora-00942/
	at oracle.jdbc.driver.T4CTTIoer11.processError(T4CTTIoer11.java:715)
	at oracle.jdbc.driver.T4CTTIoer11.processError(T4CTTIoer11.java:615)
	at oracle.jdbc.driver.T4C8Oall.processError(T4C8Oall.java:1372)
	at oracle.jdbc.driver.T4CTTIfun.receive(T4CTTIfun.java:972)
	at oracle.jdbc.driver.T4CTTIfun.doRPC(T4CTTIfun.java:237)
	at oracle.jdbc.driver.T4C8Oall.doOALL(T4C8Oall.java:524)
	at oracle.jdbc.driver.T4CStatement.doOall8(T4CStatement.java:197)
	at oracle.jdbc.driver.T4CStatement.executeForRows(T4CStatement.java:1408)
	at oracle.jdbc.driver.OracleStatement.executeSQLStatement(OracleStatement.java:2020)
	at oracle.jdbc.driver.OracleStatement.doExecuteWithTimeout(OracleStatement.java:1633)
	at oracle.jdbc.driver.OracleStatement.executeInternal(OracleStatement.java:2698)
	at oracle.jdbc.driver.OracleStatement.execute(OracleStatement.java:2647)
	at oracle.jdbc.driver.OracleStatementWrapper.execute(OracleStatementWrapper.java:349)
	at com.zaxxer.hikari.pool.ProxyStatement.execute(ProxyStatement.java:95)
	at com.zaxxer.hikari.pool.HikariProxyStatement.execute(HikariProxyStatement.java)
	at org.hibernate.tool.schema.internal.exec.GenerationTargetToDatabase.accept(GenerationTargetToDatabase.java:76)
	... 43 common frames omitted
Caused by: Error : 942, Position : 11, SQL = drop table tbl_movie_members cascade constraints, Original SQL = drop table tbl_movie_members cascade constraints, Error Message = ORA-00942: 테이블 또는 뷰가 존재하지 않습니다

	at oracle.jdbc.driver.T4CTTIoer11.processError(T4CTTIoer11.java:723)
	... 58 common frames omitted
2026-04-01 15:16:16 [restartedMain] WARN  o.h.t.s.i.ExceptionHandlerLoggedImpl - GenerationTarget encountered exception accepting command : Error executing DDL "drop table tbl_movies cascade constraints" via JDBC [ORA-00942: 테이블 또는 뷰가 존재하지 않습니다

https://docs.oracle.com/error-help/db/ora-00942/]
org.hibernate.tool.schema.spi.CommandAcceptanceException: Error executing DDL "drop table tbl_movies cascade constraints" via JDBC [ORA-00942: 테이블 또는 뷰가 존재하지 않습니다

https://docs.oracle.com/error-help/db/ora-00942/]
	at org.hibernate.tool.schema.internal.exec.GenerationTargetToDatabase.accept(GenerationTargetToDatabase.java:81)
	at org.hibernate.tool.schema.internal.Helper.applySqlString(Helper.java:218)
	at org.hibernate.tool.schema.internal.Helper.applySqlStrings(Helper.java:204)
	at org.hibernate.tool.schema.internal.SchemaDropperImpl.dropTables(SchemaDropperImpl.java:376)
	at org.hibernate.tool.schema.internal.SchemaDropperImpl.dropConstraintsTablesSequences(SchemaDropperImpl.java:248)
	at org.hibernate.tool.schema.internal.SchemaDropperImpl.dropFromMetadata(SchemaDropperImpl.java:210)
	at org.hibernate.tool.schema.internal.SchemaDropperImpl.performDrop(SchemaDropperImpl.java:182)
	at org.hibernate.tool.schema.internal.SchemaDropperImpl.doDrop(SchemaDropperImpl.java:152)
	at org.hibernate.tool.schema.internal.SchemaDropperImpl.doDrop(SchemaDropperImpl.java:112)
	at org.hibernate.tool.schema.spi.SchemaManagementToolCoordinator.performDatabaseAction(SchemaManagementToolCoordinator.java:227)
	at org.hibernate.tool.schema.spi.SchemaManagementToolCoordinator.lambda$process$1(SchemaManagementToolCoordinator.java:101)
	at java.base/java.util.HashMap.forEach(HashMap.java:1429)
	at org.hibernate.tool.schema.spi.SchemaManagementToolCoordinator.process(SchemaManagementToolCoordinator.java:100)
	at org.hibernate.boot.internal.SessionFactoryObserverForSchemaExport.sessionFactoryCreated(SessionFactoryObserverForSchemaExport.java:35)
	at org.hibernate.internal.SessionFactoryObserverChain.sessionFactoryCreated(SessionFactoryObserverChain.java:33)
	at org.hibernate.internal.SessionFactoryImpl.<init>(SessionFactoryImpl.java:323)
	at org.hibernate.internal.SessionFactoryRegistry.instantiateSessionFactory(SessionFactoryRegistry.java:64)
	at org.hibernate.boot.internal.SessionFactoryBuilderImpl.build(SessionFactoryBuilderImpl.java:437)
	at org.hibernate.jpa.boot.internal.EntityManagerFactoryBuilderImpl.build(EntityManagerFactoryBuilderImpl.java:1456)
	at org.springframework.orm.jpa.vendor.SpringHibernateJpaPersistenceProvider.createContainerEntityManagerFactory(SpringHibernateJpaPersistenceProvider.java:93)
	at org.springframework.orm.jpa.LocalContainerEntityManagerFactoryBean.createNativeEntityManagerFactory(LocalContainerEntityManagerFactoryBean.java:443)
	at org.springframework.orm.jpa.AbstractEntityManagerFactoryBean.buildNativeEntityManagerFactory(AbstractEntityManagerFactoryBean.java:436)
	at org.springframework.orm.jpa.AbstractEntityManagerFactoryBean.afterPropertiesSet(AbstractEntityManagerFactoryBean.java:411)
	at org.springframework.orm.jpa.LocalContainerEntityManagerFactoryBean.afterPropertiesSet(LocalContainerEntityManagerFactoryBean.java:419)
	at org.springframework.beans.factory.support.AbstractAutowireCapableBeanFactory.invokeInitMethods(AbstractAutowireCapableBeanFactory.java:1864)
	at org.springframework.beans.factory.support.AbstractAutowireCapableBeanFactory.initializeBean(AbstractAutowireCapableBeanFactory.java:1813)
	at org.springframework.beans.factory.support.AbstractAutowireCapableBeanFactory.doCreateBean(AbstractAutowireCapableBeanFactory.java:603)
	at org.springframework.beans.factory.support.AbstractAutowireCapableBeanFactory.createBean(AbstractAutowireCapableBeanFactory.java:525)
	at org.springframework.beans.factory.support.AbstractBeanFactory.lambda$doGetBean$0(AbstractBeanFactory.java:333)
	at org.springframework.beans.factory.support.DefaultSingletonBeanRegistry.getSingleton(DefaultSingletonBeanRegistry.java:371)
	at org.springframework.beans.factory.support.AbstractBeanFactory.doGetBean(AbstractBeanFactory.java:331)
	at org.springframework.beans.factory.support.AbstractBeanFactory.getBean(AbstractBeanFactory.java:201)
	at org.springframework.context.support.AbstractApplicationContext.finishBeanFactoryInitialization(AbstractApplicationContext.java:977)
	at org.springframework.context.support.AbstractApplicationContext.refresh(AbstractApplicationContext.java:621)
	at org.springframework.boot.web.server.servlet.context.ServletWebServerApplicationContext.refresh(ServletWebServerApplicationContext.java:143)
	at org.springframework.boot.SpringApplication.refresh(SpringApplication.java:756)
	at org.springframework.boot.SpringApplication.refreshContext(SpringApplication.java:445)
	at org.springframework.boot.SpringApplication.run(SpringApplication.java:321)
	at org.springframework.boot.SpringApplication.run(SpringApplication.java:1365)
	at org.springframework.boot.SpringApplication.run(SpringApplication.java:1354)
	at com.example.CineLogApplication.main(CineLogApplication.java:14)
	at java.base/jdk.internal.reflect.DirectMethodHandleAccessor.invoke(DirectMethodHandleAccessor.java:103)
	at java.base/java.lang.reflect.Method.invoke(Method.java:580)
	at org.springframework.boot.devtools.restart.RestartLauncher.run(RestartLauncher.java:52)
Caused by: java.sql.SQLSyntaxErrorException: ORA-00942: 테이블 또는 뷰가 존재하지 않습니다

https://docs.oracle.com/error-help/db/ora-00942/
	at oracle.jdbc.driver.T4CTTIoer11.processError(T4CTTIoer11.java:715)
	at oracle.jdbc.driver.T4CTTIoer11.processError(T4CTTIoer11.java:615)
	at oracle.jdbc.driver.T4C8Oall.processError(T4C8Oall.java:1372)
	at oracle.jdbc.driver.T4CTTIfun.receive(T4CTTIfun.java:972)
	at oracle.jdbc.driver.T4CTTIfun.doRPC(T4CTTIfun.java:237)
	at oracle.jdbc.driver.T4C8Oall.doOALL(T4C8Oall.java:524)
	at oracle.jdbc.driver.T4CStatement.doOall8(T4CStatement.java:197)
	at oracle.jdbc.driver.T4CStatement.executeForRows(T4CStatement.java:1408)
	at oracle.jdbc.driver.OracleStatement.executeSQLStatement(OracleStatement.java:2020)
	at oracle.jdbc.driver.OracleStatement.doExecuteWithTimeout(OracleStatement.java:1633)
	at oracle.jdbc.driver.OracleStatement.executeInternal(OracleStatement.java:2698)
	at oracle.jdbc.driver.OracleStatement.execute(OracleStatement.java:2647)
	at oracle.jdbc.driver.OracleStatementWrapper.execute(OracleStatementWrapper.java:349)
	at com.zaxxer.hikari.pool.ProxyStatement.execute(ProxyStatement.java:95)
	at com.zaxxer.hikari.pool.HikariProxyStatement.execute(HikariProxyStatement.java)
	at org.hibernate.tool.schema.internal.exec.GenerationTargetToDatabase.accept(GenerationTargetToDatabase.java:76)
	... 43 common frames omitted
Caused by: Error : 942, Position : 11, SQL = drop table tbl_movies cascade constraints, Original SQL = drop table tbl_movies cascade constraints, Error Message = ORA-00942: 테이블 또는 뷰가 존재하지 않습니다

	at oracle.jdbc.driver.T4CTTIoer11.processError(T4CTTIoer11.java:723)
	... 58 common frames omitted
2026-04-01 15:16:16 [restartedMain] WARN  o.h.t.s.i.ExceptionHandlerLoggedImpl - GenerationTarget encountered exception accepting command : Error executing DDL "drop table tbl_reviews cascade constraints" via JDBC [ORA-00942: 테이블 또는 뷰가 존재하지 않습니다

https://docs.oracle.com/error-help/db/ora-00942/]
org.hibernate.tool.schema.spi.CommandAcceptanceException: Error executing DDL "drop table tbl_reviews cascade constraints" via JDBC [ORA-00942: 테이블 또는 뷰가 존재하지 않습니다

https://docs.oracle.com/error-help/db/ora-00942/]
	at org.hibernate.tool.schema.internal.exec.GenerationTargetToDatabase.accept(GenerationTargetToDatabase.java:81)
	at org.hibernate.tool.schema.internal.Helper.applySqlString(Helper.java:218)
	at org.hibernate.tool.schema.internal.Helper.applySqlStrings(Helper.java:204)
	at org.hibernate.tool.schema.internal.SchemaDropperImpl.dropTables(SchemaDropperImpl.java:376)
	at org.hibernate.tool.schema.internal.SchemaDropperImpl.dropConstraintsTablesSequences(SchemaDropperImpl.java:248)
	at org.hibernate.tool.schema.internal.SchemaDropperImpl.dropFromMetadata(SchemaDropperImpl.java:210)
	at org.hibernate.tool.schema.internal.SchemaDropperImpl.performDrop(SchemaDropperImpl.java:182)
	at org.hibernate.tool.schema.internal.SchemaDropperImpl.doDrop(SchemaDropperImpl.java:152)
	at org.hibernate.tool.schema.internal.SchemaDropperImpl.doDrop(SchemaDropperImpl.java:112)
	at org.hibernate.tool.schema.spi.SchemaManagementToolCoordinator.performDatabaseAction(SchemaManagementToolCoordinator.java:227)
	at org.hibernate.tool.schema.spi.SchemaManagementToolCoordinator.lambda$process$1(SchemaManagementToolCoordinator.java:101)
	at java.base/java.util.HashMap.forEach(HashMap.java:1429)
	at org.hibernate.tool.schema.spi.SchemaManagementToolCoordinator.process(SchemaManagementToolCoordinator.java:100)
	at org.hibernate.boot.internal.SessionFactoryObserverForSchemaExport.sessionFactoryCreated(SessionFactoryObserverForSchemaExport.java:35)
	at org.hibernate.internal.SessionFactoryObserverChain.sessionFactoryCreated(SessionFactoryObserverChain.java:33)
	at org.hibernate.internal.SessionFactoryImpl.<init>(SessionFactoryImpl.java:323)
	at org.hibernate.internal.SessionFactoryRegistry.instantiateSessionFactory(SessionFactoryRegistry.java:64)
	at org.hibernate.boot.internal.SessionFactoryBuilderImpl.build(SessionFactoryBuilderImpl.java:437)
	at org.hibernate.jpa.boot.internal.EntityManagerFactoryBuilderImpl.build(EntityManagerFactoryBuilderImpl.java:1456)
	at org.springframework.orm.jpa.vendor.SpringHibernateJpaPersistenceProvider.createContainerEntityManagerFactory(SpringHibernateJpaPersistenceProvider.java:93)
	at org.springframework.orm.jpa.LocalContainerEntityManagerFactoryBean.createNativeEntityManagerFactory(LocalContainerEntityManagerFactoryBean.java:443)
	at org.springframework.orm.jpa.AbstractEntityManagerFactoryBean.buildNativeEntityManagerFactory(AbstractEntityManagerFactoryBean.java:436)
	at org.springframework.orm.jpa.AbstractEntityManagerFactoryBean.afterPropertiesSet(AbstractEntityManagerFactoryBean.java:411)
	at org.springframework.orm.jpa.LocalContainerEntityManagerFactoryBean.afterPropertiesSet(LocalContainerEntityManagerFactoryBean.java:419)
	at org.springframework.beans.factory.support.AbstractAutowireCapableBeanFactory.invokeInitMethods(AbstractAutowireCapableBeanFactory.java:1864)
	at org.springframework.beans.factory.support.AbstractAutowireCapableBeanFactory.initializeBean(AbstractAutowireCapableBeanFactory.java:1813)
	at org.springframework.beans.factory.support.AbstractAutowireCapableBeanFactory.doCreateBean(AbstractAutowireCapableBeanFactory.java:603)
	at org.springframework.beans.factory.support.AbstractAutowireCapableBeanFactory.createBean(AbstractAutowireCapableBeanFactory.java:525)
	at org.springframework.beans.factory.support.AbstractBeanFactory.lambda$doGetBean$0(AbstractBeanFactory.java:333)
	at org.springframework.beans.factory.support.DefaultSingletonBeanRegistry.getSingleton(DefaultSingletonBeanRegistry.java:371)
	at org.springframework.beans.factory.support.AbstractBeanFactory.doGetBean(AbstractBeanFactory.java:331)
	at org.springframework.beans.factory.support.AbstractBeanFactory.getBean(AbstractBeanFactory.java:201)
	at org.springframework.context.support.AbstractApplicationContext.finishBeanFactoryInitialization(AbstractApplicationContext.java:977)
	at org.springframework.context.support.AbstractApplicationContext.refresh(AbstractApplicationContext.java:621)
	at org.springframework.boot.web.server.servlet.context.ServletWebServerApplicationContext.refresh(ServletWebServerApplicationContext.java:143)
	at org.springframework.boot.SpringApplication.refresh(SpringApplication.java:756)
	at org.springframework.boot.SpringApplication.refreshContext(SpringApplication.java:445)
	at org.springframework.boot.SpringApplication.run(SpringApplication.java:321)
	at org.springframework.boot.SpringApplication.run(SpringApplication.java:1365)
	at org.springframework.boot.SpringApplication.run(SpringApplication.java:1354)
	at com.example.CineLogApplication.main(CineLogApplication.java:14)
	at java.base/jdk.internal.reflect.DirectMethodHandleAccessor.invoke(DirectMethodHandleAccessor.java:103)
	at java.base/java.lang.reflect.Method.invoke(Method.java:580)
	at org.springframework.boot.devtools.restart.RestartLauncher.run(RestartLauncher.java:52)
Caused by: java.sql.SQLSyntaxErrorException: ORA-00942: 테이블 또는 뷰가 존재하지 않습니다

https://docs.oracle.com/error-help/db/ora-00942/
	at oracle.jdbc.driver.T4CTTIoer11.processError(T4CTTIoer11.java:715)
	at oracle.jdbc.driver.T4CTTIoer11.processError(T4CTTIoer11.java:615)
	at oracle.jdbc.driver.T4C8Oall.processError(T4C8Oall.java:1372)
	at oracle.jdbc.driver.T4CTTIfun.receive(T4CTTIfun.java:972)
	at oracle.jdbc.driver.T4CTTIfun.doRPC(T4CTTIfun.java:237)
	at oracle.jdbc.driver.T4C8Oall.doOALL(T4C8Oall.java:524)
	at oracle.jdbc.driver.T4CStatement.doOall8(T4CStatement.java:197)
	at oracle.jdbc.driver.T4CStatement.executeForRows(T4CStatement.java:1408)
	at oracle.jdbc.driver.OracleStatement.executeSQLStatement(OracleStatement.java:2020)
	at oracle.jdbc.driver.OracleStatement.doExecuteWithTimeout(OracleStatement.java:1633)
	at oracle.jdbc.driver.OracleStatement.executeInternal(OracleStatement.java:2698)
	at oracle.jdbc.driver.OracleStatement.execute(OracleStatement.java:2647)
	at oracle.jdbc.driver.OracleStatementWrapper.execute(OracleStatementWrapper.java:349)
	at com.zaxxer.hikari.pool.ProxyStatement.execute(ProxyStatement.java:95)
	at com.zaxxer.hikari.pool.HikariProxyStatement.execute(HikariProxyStatement.java)
	at org.hibernate.tool.schema.internal.exec.GenerationTargetToDatabase.accept(GenerationTargetToDatabase.java:76)
	... 43 common frames omitted
Caused by: Error : 942, Position : 11, SQL = drop table tbl_reviews cascade constraints, Original SQL = drop table tbl_reviews cascade constraints, Error Message = ORA-00942: 테이블 또는 뷰가 존재하지 않습니다

	at oracle.jdbc.driver.T4CTTIoer11.processError(T4CTTIoer11.java:723)
	... 58 common frames omitted
2026-04-01 15:16:16 [restartedMain] WARN  o.h.t.s.i.ExceptionHandlerLoggedImpl - GenerationTarget encountered exception accepting command : Error executing DDL "drop sequence movie_seq" via JDBC [ORA-02289: 시퀀스가 존재하지 않습니다.

https://docs.oracle.com/error-help/db/ora-02289/]
org.hibernate.tool.schema.spi.CommandAcceptanceException: Error executing DDL "drop sequence movie_seq" via JDBC [ORA-02289: 시퀀스가 존재하지 않습니다.

https://docs.oracle.com/error-help/db/ora-02289/]
	at org.hibernate.tool.schema.internal.exec.GenerationTargetToDatabase.accept(GenerationTargetToDatabase.java:81)
	at org.hibernate.tool.schema.internal.Helper.applySqlString(Helper.java:218)
	at org.hibernate.tool.schema.internal.Helper.applySqlStrings(Helper.java:204)
	at org.hibernate.tool.schema.internal.SchemaDropperImpl.dropSequences(SchemaDropperImpl.java:335)
	at org.hibernate.tool.schema.internal.SchemaDropperImpl.dropConstraintsTablesSequences(SchemaDropperImpl.java:261)
	at org.hibernate.tool.schema.internal.SchemaDropperImpl.dropFromMetadata(SchemaDropperImpl.java:210)
	at org.hibernate.tool.schema.internal.SchemaDropperImpl.performDrop(SchemaDropperImpl.java:182)
	at org.hibernate.tool.schema.internal.SchemaDropperImpl.doDrop(SchemaDropperImpl.java:152)
	at org.hibernate.tool.schema.internal.SchemaDropperImpl.doDrop(SchemaDropperImpl.java:112)
	at org.hibernate.tool.schema.spi.SchemaManagementToolCoordinator.performDatabaseAction(SchemaManagementToolCoordinator.java:227)
	at org.hibernate.tool.schema.spi.SchemaManagementToolCoordinator.lambda$process$1(SchemaManagementToolCoordinator.java:101)
	at java.base/java.util.HashMap.forEach(HashMap.java:1429)
	at org.hibernate.tool.schema.spi.SchemaManagementToolCoordinator.process(SchemaManagementToolCoordinator.java:100)
	at org.hibernate.boot.internal.SessionFactoryObserverForSchemaExport.sessionFactoryCreated(SessionFactoryObserverForSchemaExport.java:35)
	at org.hibernate.internal.SessionFactoryObserverChain.sessionFactoryCreated(SessionFactoryObserverChain.java:33)
	at org.hibernate.internal.SessionFactoryImpl.<init>(SessionFactoryImpl.java:323)
	at org.hibernate.internal.SessionFactoryRegistry.instantiateSessionFactory(SessionFactoryRegistry.java:64)
	at org.hibernate.boot.internal.SessionFactoryBuilderImpl.build(SessionFactoryBuilderImpl.java:437)
	at org.hibernate.jpa.boot.internal.EntityManagerFactoryBuilderImpl.build(EntityManagerFactoryBuilderImpl.java:1456)
	at org.springframework.orm.jpa.vendor.SpringHibernateJpaPersistenceProvider.createContainerEntityManagerFactory(SpringHibernateJpaPersistenceProvider.java:93)
	at org.springframework.orm.jpa.LocalContainerEntityManagerFactoryBean.createNativeEntityManagerFactory(LocalContainerEntityManagerFactoryBean.java:443)
	at org.springframework.orm.jpa.AbstractEntityManagerFactoryBean.buildNativeEntityManagerFactory(AbstractEntityManagerFactoryBean.java:436)
	at org.springframework.orm.jpa.AbstractEntityManagerFactoryBean.afterPropertiesSet(AbstractEntityManagerFactoryBean.java:411)
	at org.springframework.orm.jpa.LocalContainerEntityManagerFactoryBean.afterPropertiesSet(LocalContainerEntityManagerFactoryBean.java:419)
	at org.springframework.beans.factory.support.AbstractAutowireCapableBeanFactory.invokeInitMethods(AbstractAutowireCapableBeanFactory.java:1864)
	at org.springframework.beans.factory.support.AbstractAutowireCapableBeanFactory.initializeBean(AbstractAutowireCapableBeanFactory.java:1813)
	at org.springframework.beans.factory.support.AbstractAutowireCapableBeanFactory.doCreateBean(AbstractAutowireCapableBeanFactory.java:603)
	at org.springframework.beans.factory.support.AbstractAutowireCapableBeanFactory.createBean(AbstractAutowireCapableBeanFactory.java:525)
	at org.springframework.beans.factory.support.AbstractBeanFactory.lambda$doGetBean$0(AbstractBeanFactory.java:333)
	at org.springframework.beans.factory.support.DefaultSingletonBeanRegistry.getSingleton(DefaultSingletonBeanRegistry.java:371)
	at org.springframework.beans.factory.support.AbstractBeanFactory.doGetBean(AbstractBeanFactory.java:331)
	at org.springframework.beans.factory.support.AbstractBeanFactory.getBean(AbstractBeanFactory.java:201)
	at org.springframework.context.support.AbstractApplicationContext.finishBeanFactoryInitialization(AbstractApplicationContext.java:977)
	at org.springframework.context.support.AbstractApplicationContext.refresh(AbstractApplicationContext.java:621)
	at org.springframework.boot.web.server.servlet.context.ServletWebServerApplicationContext.refresh(ServletWebServerApplicationContext.java:143)
	at org.springframework.boot.SpringApplication.refresh(SpringApplication.java:756)
	at org.springframework.boot.SpringApplication.refreshContext(SpringApplication.java:445)
	at org.springframework.boot.SpringApplication.run(SpringApplication.java:321)
	at org.springframework.boot.SpringApplication.run(SpringApplication.java:1365)
	at org.springframework.boot.SpringApplication.run(SpringApplication.java:1354)
	at com.example.CineLogApplication.main(CineLogApplication.java:14)
	at java.base/jdk.internal.reflect.DirectMethodHandleAccessor.invoke(DirectMethodHandleAccessor.java:103)
	at java.base/java.lang.reflect.Method.invoke(Method.java:580)
	at org.springframework.boot.devtools.restart.RestartLauncher.run(RestartLauncher.java:52)
Caused by: java.sql.SQLSyntaxErrorException: ORA-02289: 시퀀스가 존재하지 않습니다.

https://docs.oracle.com/error-help/db/ora-02289/
	at oracle.jdbc.driver.T4CTTIoer11.processError(T4CTTIoer11.java:715)
	at oracle.jdbc.driver.T4CTTIoer11.processError(T4CTTIoer11.java:615)
	at oracle.jdbc.driver.T4C8Oall.processError(T4C8Oall.java:1372)
	at oracle.jdbc.driver.T4CTTIfun.receive(T4CTTIfun.java:972)
	at oracle.jdbc.driver.T4CTTIfun.doRPC(T4CTTIfun.java:237)
	at oracle.jdbc.driver.T4C8Oall.doOALL(T4C8Oall.java:524)
	at oracle.jdbc.driver.T4CStatement.doOall8(T4CStatement.java:197)
	at oracle.jdbc.driver.T4CStatement.executeForRows(T4CStatement.java:1408)
	at oracle.jdbc.driver.OracleStatement.executeSQLStatement(OracleStatement.java:2020)
	at oracle.jdbc.driver.OracleStatement.doExecuteWithTimeout(OracleStatement.java:1633)
	at oracle.jdbc.driver.OracleStatement.executeInternal(OracleStatement.java:2698)
	at oracle.jdbc.driver.OracleStatement.execute(OracleStatement.java:2647)
	at oracle.jdbc.driver.OracleStatementWrapper.execute(OracleStatementWrapper.java:349)
	at com.zaxxer.hikari.pool.ProxyStatement.execute(ProxyStatement.java:95)
	at com.zaxxer.hikari.pool.HikariProxyStatement.execute(HikariProxyStatement.java)
	at org.hibernate.tool.schema.internal.exec.GenerationTargetToDatabase.accept(GenerationTargetToDatabase.java:76)
	... 43 common frames omitted
Caused by: Error : 2289, Position : 14, SQL = drop sequence movie_seq, Original SQL = drop sequence movie_seq, Error Message = ORA-02289: 시퀀스가 존재하지 않습니다.

	at oracle.jdbc.driver.T4CTTIoer11.processError(T4CTTIoer11.java:723)
	... 58 common frames omitted
2026-04-01 15:16:16 [restartedMain] WARN  o.h.t.s.i.ExceptionHandlerLoggedImpl - GenerationTarget encountered exception accepting command : Error executing DDL "drop sequence review_seq" via JDBC [ORA-02289: 시퀀스가 존재하지 않습니다.

https://docs.oracle.com/error-help/db/ora-02289/]
org.hibernate.tool.schema.spi.CommandAcceptanceException: Error executing DDL "drop sequence review_seq" via JDBC [ORA-02289: 시퀀스가 존재하지 않습니다.

https://docs.oracle.com/error-help/db/ora-02289/]
	at org.hibernate.tool.schema.internal.exec.GenerationTargetToDatabase.accept(GenerationTargetToDatabase.java:81)
	at org.hibernate.tool.schema.internal.Helper.applySqlString(Helper.java:218)
	at org.hibernate.tool.schema.internal.Helper.applySqlStrings(Helper.java:204)
	at org.hibernate.tool.schema.internal.SchemaDropperImpl.dropSequences(SchemaDropperImpl.java:335)
	at org.hibernate.tool.schema.internal.SchemaDropperImpl.dropConstraintsTablesSequences(SchemaDropperImpl.java:261)
	at org.hibernate.tool.schema.internal.SchemaDropperImpl.dropFromMetadata(SchemaDropperImpl.java:210)
	at org.hibernate.tool.schema.internal.SchemaDropperImpl.performDrop(SchemaDropperImpl.java:182)
	at org.hibernate.tool.schema.internal.SchemaDropperImpl.doDrop(SchemaDropperImpl.java:152)
	at org.hibernate.tool.schema.internal.SchemaDropperImpl.doDrop(SchemaDropperImpl.java:112)
	at org.hibernate.tool.schema.spi.SchemaManagementToolCoordinator.performDatabaseAction(SchemaManagementToolCoordinator.java:227)
	at org.hibernate.tool.schema.spi.SchemaManagementToolCoordinator.lambda$process$1(SchemaManagementToolCoordinator.java:101)
	at java.base/java.util.HashMap.forEach(HashMap.java:1429)
	at org.hibernate.tool.schema.spi.SchemaManagementToolCoordinator.process(SchemaManagementToolCoordinator.java:100)
	at org.hibernate.boot.internal.SessionFactoryObserverForSchemaExport.sessionFactoryCreated(SessionFactoryObserverForSchemaExport.java:35)
	at org.hibernate.internal.SessionFactoryObserverChain.sessionFactoryCreated(SessionFactoryObserverChain.java:33)
	at org.hibernate.internal.SessionFactoryImpl.<init>(SessionFactoryImpl.java:323)
	at org.hibernate.internal.SessionFactoryRegistry.instantiateSessionFactory(SessionFactoryRegistry.java:64)
	at org.hibernate.boot.internal.SessionFactoryBuilderImpl.build(SessionFactoryBuilderImpl.java:437)
	at org.hibernate.jpa.boot.internal.EntityManagerFactoryBuilderImpl.build(EntityManagerFactoryBuilderImpl.java:1456)
	at org.springframework.orm.jpa.vendor.SpringHibernateJpaPersistenceProvider.createContainerEntityManagerFactory(SpringHibernateJpaPersistenceProvider.java:93)
	at org.springframework.orm.jpa.LocalContainerEntityManagerFactoryBean.createNativeEntityManagerFactory(LocalContainerEntityManagerFactoryBean.java:443)
	at org.springframework.orm.jpa.AbstractEntityManagerFactoryBean.buildNativeEntityManagerFactory(AbstractEntityManagerFactoryBean.java:436)
	at org.springframework.orm.jpa.AbstractEntityManagerFactoryBean.afterPropertiesSet(AbstractEntityManagerFactoryBean.java:411)
	at org.springframework.orm.jpa.LocalContainerEntityManagerFactoryBean.afterPropertiesSet(LocalContainerEntityManagerFactoryBean.java:419)
	at org.springframework.beans.factory.support.AbstractAutowireCapableBeanFactory.invokeInitMethods(AbstractAutowireCapableBeanFactory.java:1864)
	at org.springframework.beans.factory.support.AbstractAutowireCapableBeanFactory.initializeBean(AbstractAutowireCapableBeanFactory.java:1813)
	at org.springframework.beans.factory.support.AbstractAutowireCapableBeanFactory.doCreateBean(AbstractAutowireCapableBeanFactory.java:603)
	at org.springframework.beans.factory.support.AbstractAutowireCapableBeanFactory.createBean(AbstractAutowireCapableBeanFactory.java:525)
	at org.springframework.beans.factory.support.AbstractBeanFactory.lambda$doGetBean$0(AbstractBeanFactory.java:333)
	at org.springframework.beans.factory.support.DefaultSingletonBeanRegistry.getSingleton(DefaultSingletonBeanRegistry.java:371)
	at org.springframework.beans.factory.support.AbstractBeanFactory.doGetBean(AbstractBeanFactory.java:331)
	at org.springframework.beans.factory.support.AbstractBeanFactory.getBean(AbstractBeanFactory.java:201)
	at org.springframework.context.support.AbstractApplicationContext.finishBeanFactoryInitialization(AbstractApplicationContext.java:977)
	at org.springframework.context.support.AbstractApplicationContext.refresh(AbstractApplicationContext.java:621)
	at org.springframework.boot.web.server.servlet.context.ServletWebServerApplicationContext.refresh(ServletWebServerApplicationContext.java:143)
	at org.springframework.boot.SpringApplication.refresh(SpringApplication.java:756)
	at org.springframework.boot.SpringApplication.refreshContext(SpringApplication.java:445)
	at org.springframework.boot.SpringApplication.run(SpringApplication.java:321)
	at org.springframework.boot.SpringApplication.run(SpringApplication.java:1365)
	at org.springframework.boot.SpringApplication.run(SpringApplication.java:1354)
	at com.example.CineLogApplication.main(CineLogApplication.java:14)
	at java.base/jdk.internal.reflect.DirectMethodHandleAccessor.invoke(DirectMethodHandleAccessor.java:103)
	at java.base/java.lang.reflect.Method.invoke(Method.java:580)
	at org.springframework.boot.devtools.restart.RestartLauncher.run(RestartLauncher.java:52)
Caused by: java.sql.SQLSyntaxErrorException: ORA-02289: 시퀀스가 존재하지 않습니다.

https://docs.oracle.com/error-help/db/ora-02289/
	at oracle.jdbc.driver.T4CTTIoer11.processError(T4CTTIoer11.java:715)
	at oracle.jdbc.driver.T4CTTIoer11.processError(T4CTTIoer11.java:615)
	at oracle.jdbc.driver.T4C8Oall.processError(T4C8Oall.java:1372)
	at oracle.jdbc.driver.T4CTTIfun.receive(T4CTTIfun.java:972)
	at oracle.jdbc.driver.T4CTTIfun.doRPC(T4CTTIfun.java:237)
	at oracle.jdbc.driver.T4C8Oall.doOALL(T4C8Oall.java:524)
	at oracle.jdbc.driver.T4CStatement.doOall8(T4CStatement.java:197)
	at oracle.jdbc.driver.T4CStatement.executeForRows(T4CStatement.java:1408)
	at oracle.jdbc.driver.OracleStatement.executeSQLStatement(OracleStatement.java:2020)
	at oracle.jdbc.driver.OracleStatement.doExecuteWithTimeout(OracleStatement.java:1633)
	at oracle.jdbc.driver.OracleStatement.executeInternal(OracleStatement.java:2698)
	at oracle.jdbc.driver.OracleStatement.execute(OracleStatement.java:2647)
	at oracle.jdbc.driver.OracleStatementWrapper.execute(OracleStatementWrapper.java:349)
	at com.zaxxer.hikari.pool.ProxyStatement.execute(ProxyStatement.java:95)
	at com.zaxxer.hikari.pool.HikariProxyStatement.execute(HikariProxyStatement.java)
	at org.hibernate.tool.schema.internal.exec.GenerationTargetToDatabase.accept(GenerationTargetToDatabase.java:76)
	... 43 common frames omitted
Caused by: Error : 2289, Position : 14, SQL = drop sequence review_seq, Original SQL = drop sequence review_seq, Error Message = ORA-02289: 시퀀스가 존재하지 않습니다.

	at oracle.jdbc.driver.T4CTTIoer11.processError(T4CTTIoer11.java:723)
	... 58 common frames omitted
2026-04-01 15:16:16 [restartedMain] INFO  o.s.o.j.LocalContainerEntityManagerFactoryBean - Initialized JPA EntityManagerFactory for persistence unit 'default'
2026-04-01 15:16:16 [restartedMain] WARN  o.s.b.j.a.JpaBaseConfiguration$JpaWebConfiguration - spring.jpa.open-in-view is enabled by default. Therefore, database queries may be performed during view rendering. Explicitly configure spring.jpa.open-in-view to disable this warning
2026-04-01 15:16:16 [restartedMain] INFO  o.s.s.c.a.a.c.InitializeUserDetailsBeanManagerConfigurer$InitializeUserDetailsManagerConfigurer - Global AuthenticationManager configured with UserDetailsService bean with name memberDetailsService
2026-04-01 15:16:16 [restartedMain] INFO  o.s.b.w.a.WelcomePageHandlerMapping - Adding welcome page template: index
2026-04-01 15:16:16 [restartedMain] INFO  o.a.coyote.http11.Http11NioProtocol - Starting ProtocolHandler ["http-nio-8092"]
2026-04-01 15:16:16 [restartedMain] INFO  o.s.boot.tomcat.TomcatWebServer - Tomcat started on port 8092 (http) with context path '/'
2026-04-01 15:16:16 [restartedMain] INFO  com.example.CineLogApplication - Started CineLogApplication in 0.837 seconds (process running for 388.907)
2026-04-01 15:16:16 [restartedMain] INFO  o.s.b.d.a.ConditionEvaluationDeltaLoggingListener - Condition evaluation unchanged
2026-04-01 15:16:23 [File Watcher] INFO  o.s.b.d.a.LocalDevToolsAutoConfiguration$RestartingClassPathChangeChangedEventListener - Restarting due to 1 class path change (0 additions, 0 deletions, 1 modification)
2026-04-01 15:16:23 [Thread-18] INFO  o.s.boot.tomcat.GracefulShutdown - Commencing graceful shutdown. Waiting for active requests to complete
2026-04-01 15:16:23 [tomcat-shutdown] INFO  o.a.coyote.http11.Http11NioProtocol - Pausing ProtocolHandler ["http-nio-8092"]
2026-04-01 15:16:23 [tomcat-shutdown] INFO  o.s.boot.tomcat.GracefulShutdown - Graceful shutdown complete
2026-04-01 15:16:23 [Thread-18] INFO  o.a.coyote.http11.Http11NioProtocol - Stopping ProtocolHandler ["http-nio-8092"]
2026-04-01 15:16:23 [Thread-18] INFO  o.s.o.j.LocalContainerEntityManagerFactoryBean - Closing JPA EntityManagerFactory for persistence unit 'default'
2026-04-01 15:16:24 [Thread-18] INFO  com.zaxxer.hikari.HikariDataSource - HikariPool-7 - Shutdown initiated...
2026-04-01 15:16:24 [Thread-18] INFO  com.zaxxer.hikari.HikariDataSource - HikariPool-7 - Shutdown completed.
2026-04-01 15:16:24 [restartedMain] INFO  com.example.CineLogApplication - Starting CineLogApplication using Java 21.0.10 with PID 5928 (C:\Dev\WS_sts\cinelog\bin\main started by GGG in C:\Dev\WS_sts\cinelog)
2026-04-01 15:16:24 [restartedMain] INFO  com.example.CineLogApplication - No active profile set, falling back to 1 default profile: "default"
2026-04-01 15:16:24 [restartedMain] INFO  o.s.d.r.c.RepositoryConfigurationDelegate - Bootstrapping Spring Data JPA repositories in DEFAULT mode.
2026-04-01 15:16:24 [restartedMain] INFO  o.s.d.r.c.RepositoryConfigurationDelegate - Finished Spring Data repository scanning in 7 ms. Found 3 JPA repository interfaces.
2026-04-01 15:16:24 [restartedMain] INFO  o.s.boot.tomcat.TomcatWebServer - Tomcat initialized with port 8092 (http)
2026-04-01 15:16:24 [restartedMain] INFO  o.a.coyote.http11.Http11NioProtocol - Initializing ProtocolHandler ["http-nio-8092"]
2026-04-01 15:16:24 [restartedMain] INFO  o.a.catalina.core.StandardService - Starting service [Tomcat]
2026-04-01 15:16:24 [restartedMain] INFO  o.a.catalina.core.StandardEngine - Starting Servlet engine: [Apache Tomcat/11.0.20]
2026-04-01 15:16:24 [restartedMain] INFO  o.s.b.w.c.s.WebApplicationContextInitializer - Root WebApplicationContext: initialization completed in 186 ms
2026-04-01 15:16:24 [restartedMain] INFO  org.hibernate.orm.jpa - HHH008540: Processing PersistenceUnitInfo [name: default]
2026-04-01 15:16:24 [restartedMain] INFO  o.s.o.j.p.SpringPersistenceUnitInfo - No LoadTimeWeaver setup: ignoring JPA class transformer
2026-04-01 15:16:24 [restartedMain] INFO  com.zaxxer.hikari.HikariDataSource - HikariPool-8 - Starting...
2026-04-01 15:16:24 [restartedMain] INFO  com.zaxxer.hikari.pool.HikariPool - HikariPool-8 - Added connection oracle.jdbc.driver.T4CConnection@71480bd0
2026-04-01 15:16:24 [restartedMain] INFO  com.zaxxer.hikari.HikariDataSource - HikariPool-8 - Start completed.
2026-04-01 15:16:24 [restartedMain] WARN  org.hibernate.orm.jdbc - HHH100123: Low default JDBC fetch size: 10 (consider setting 'hibernate.jdbc.fetch_size')
2026-04-01 15:16:24 [restartedMain] INFO  o.hibernate.orm.connections.pooling - HHH10001005: Database info:
	Database JDBC URL [jdbc:oracle:thin:@//localhost:1521/testdb]
	Database driver: Oracle JDBC driver
	Database dialect: OracleDialect
	Database version: 19.3
	Default catalog/schema: undefined/GREEN
	Autocommit mode: undefined/unknown
	Isolation level: READ_COMMITTED [default READ_COMMITTED]
	JDBC fetch size: 10
	Pool: DataSourceConnectionProvider
	Minimum pool size: undefined/unknown
	Maximum pool size: undefined/unknown
2026-04-01 15:16:24 [restartedMain] INFO  org.hibernate.orm.core - HHH000489: No JTA platform available (set 'hibernate.transaction.jta.platform' to enable JTA platform integration)
2026-04-01 15:16:24 [restartedMain] WARN  o.h.t.s.i.ExceptionHandlerLoggedImpl - GenerationTarget encountered exception accepting command : Error executing DDL "drop table tbl_movie_members cascade constraints" via JDBC [ORA-00942: 테이블 또는 뷰가 존재하지 않습니다

https://docs.oracle.com/error-help/db/ora-00942/]
org.hibernate.tool.schema.spi.CommandAcceptanceException: Error executing DDL "drop table tbl_movie_members cascade constraints" via JDBC [ORA-00942: 테이블 또는 뷰가 존재하지 않습니다

https://docs.oracle.com/error-help/db/ora-00942/]
	at org.hibernate.tool.schema.internal.exec.GenerationTargetToDatabase.accept(GenerationTargetToDatabase.java:81)
	at org.hibernate.tool.schema.internal.Helper.applySqlString(Helper.java:218)
	at org.hibernate.tool.schema.internal.Helper.applySqlStrings(Helper.java:204)
	at org.hibernate.tool.schema.internal.SchemaDropperImpl.dropTables(SchemaDropperImpl.java:376)
	at org.hibernate.tool.schema.internal.SchemaDropperImpl.dropConstraintsTablesSequences(SchemaDropperImpl.java:248)
	at org.hibernate.tool.schema.internal.SchemaDropperImpl.dropFromMetadata(SchemaDropperImpl.java:210)
	at org.hibernate.tool.schema.internal.SchemaDropperImpl.performDrop(SchemaDropperImpl.java:182)
	at org.hibernate.tool.schema.internal.SchemaDropperImpl.doDrop(SchemaDropperImpl.java:152)
	at org.hibernate.tool.schema.internal.SchemaDropperImpl.doDrop(SchemaDropperImpl.java:112)
	at org.hibernate.tool.schema.spi.SchemaManagementToolCoordinator.performDatabaseAction(SchemaManagementToolCoordinator.java:227)
	at org.hibernate.tool.schema.spi.SchemaManagementToolCoordinator.lambda$process$1(SchemaManagementToolCoordinator.java:101)
	at java.base/java.util.HashMap.forEach(HashMap.java:1429)
	at org.hibernate.tool.schema.spi.SchemaManagementToolCoordinator.process(SchemaManagementToolCoordinator.java:100)
	at org.hibernate.boot.internal.SessionFactoryObserverForSchemaExport.sessionFactoryCreated(SessionFactoryObserverForSchemaExport.java:35)
	at org.hibernate.internal.SessionFactoryObserverChain.sessionFactoryCreated(SessionFactoryObserverChain.java:33)
	at org.hibernate.internal.SessionFactoryImpl.<init>(SessionFactoryImpl.java:323)
	at org.hibernate.internal.SessionFactoryRegistry.instantiateSessionFactory(SessionFactoryRegistry.java:64)
	at org.hibernate.boot.internal.SessionFactoryBuilderImpl.build(SessionFactoryBuilderImpl.java:437)
	at org.hibernate.jpa.boot.internal.EntityManagerFactoryBuilderImpl.build(EntityManagerFactoryBuilderImpl.java:1456)
	at org.springframework.orm.jpa.vendor.SpringHibernateJpaPersistenceProvider.createContainerEntityManagerFactory(SpringHibernateJpaPersistenceProvider.java:93)
	at org.springframework.orm.jpa.LocalContainerEntityManagerFactoryBean.createNativeEntityManagerFactory(LocalContainerEntityManagerFactoryBean.java:443)
	at org.springframework.orm.jpa.AbstractEntityManagerFactoryBean.buildNativeEntityManagerFactory(AbstractEntityManagerFactoryBean.java:436)
	at org.springframework.orm.jpa.AbstractEntityManagerFactoryBean.afterPropertiesSet(AbstractEntityManagerFactoryBean.java:411)
	at org.springframework.orm.jpa.LocalContainerEntityManagerFactoryBean.afterPropertiesSet(LocalContainerEntityManagerFactoryBean.java:419)
	at org.springframework.beans.factory.support.AbstractAutowireCapableBeanFactory.invokeInitMethods(AbstractAutowireCapableBeanFactory.java:1864)
	at org.springframework.beans.factory.support.AbstractAutowireCapableBeanFactory.initializeBean(AbstractAutowireCapableBeanFactory.java:1813)
	at org.springframework.beans.factory.support.AbstractAutowireCapableBeanFactory.doCreateBean(AbstractAutowireCapableBeanFactory.java:603)
	at org.springframework.beans.factory.support.AbstractAutowireCapableBeanFactory.createBean(AbstractAutowireCapableBeanFactory.java:525)
	at org.springframework.beans.factory.support.AbstractBeanFactory.lambda$doGetBean$0(AbstractBeanFactory.java:333)
	at org.springframework.beans.factory.support.DefaultSingletonBeanRegistry.getSingleton(DefaultSingletonBeanRegistry.java:371)
	at org.springframework.beans.factory.support.AbstractBeanFactory.doGetBean(AbstractBeanFactory.java:331)
	at org.springframework.beans.factory.support.AbstractBeanFactory.getBean(AbstractBeanFactory.java:201)
	at org.springframework.context.support.AbstractApplicationContext.finishBeanFactoryInitialization(AbstractApplicationContext.java:977)
	at org.springframework.context.support.AbstractApplicationContext.refresh(AbstractApplicationContext.java:621)
	at org.springframework.boot.web.server.servlet.context.ServletWebServerApplicationContext.refresh(ServletWebServerApplicationContext.java:143)
	at org.springframework.boot.SpringApplication.refresh(SpringApplication.java:756)
	at org.springframework.boot.SpringApplication.refreshContext(SpringApplication.java:445)
	at org.springframework.boot.SpringApplication.run(SpringApplication.java:321)
	at org.springframework.boot.SpringApplication.run(SpringApplication.java:1365)
	at org.springframework.boot.SpringApplication.run(SpringApplication.java:1354)
	at com.example.CineLogApplication.main(CineLogApplication.java:14)
	at java.base/jdk.internal.reflect.DirectMethodHandleAccessor.invoke(DirectMethodHandleAccessor.java:103)
	at java.base/java.lang.reflect.Method.invoke(Method.java:580)
	at org.springframework.boot.devtools.restart.RestartLauncher.run(RestartLauncher.java:52)
Caused by: java.sql.SQLSyntaxErrorException: ORA-00942: 테이블 또는 뷰가 존재하지 않습니다

https://docs.oracle.com/error-help/db/ora-00942/
	at oracle.jdbc.driver.T4CTTIoer11.processError(T4CTTIoer11.java:715)
	at oracle.jdbc.driver.T4CTTIoer11.processError(T4CTTIoer11.java:615)
	at oracle.jdbc.driver.T4C8Oall.processError(T4C8Oall.java:1372)
	at oracle.jdbc.driver.T4CTTIfun.receive(T4CTTIfun.java:972)
	at oracle.jdbc.driver.T4CTTIfun.doRPC(T4CTTIfun.java:237)
	at oracle.jdbc.driver.T4C8Oall.doOALL(T4C8Oall.java:524)
	at oracle.jdbc.driver.T4CStatement.doOall8(T4CStatement.java:197)
	at oracle.jdbc.driver.T4CStatement.executeForRows(T4CStatement.java:1408)
	at oracle.jdbc.driver.OracleStatement.executeSQLStatement(OracleStatement.java:2020)
	at oracle.jdbc.driver.OracleStatement.doExecuteWithTimeout(OracleStatement.java:1633)
	at oracle.jdbc.driver.OracleStatement.executeInternal(OracleStatement.java:2698)
	at oracle.jdbc.driver.OracleStatement.execute(OracleStatement.java:2647)
	at oracle.jdbc.driver.OracleStatementWrapper.execute(OracleStatementWrapper.java:349)
	at com.zaxxer.hikari.pool.ProxyStatement.execute(ProxyStatement.java:95)
	at com.zaxxer.hikari.pool.HikariProxyStatement.execute(HikariProxyStatement.java)
	at org.hibernate.tool.schema.internal.exec.GenerationTargetToDatabase.accept(GenerationTargetToDatabase.java:76)
	... 43 common frames omitted
Caused by: Error : 942, Position : 11, SQL = drop table tbl_movie_members cascade constraints, Original SQL = drop table tbl_movie_members cascade constraints, Error Message = ORA-00942: 테이블 또는 뷰가 존재하지 않습니다

	at oracle.jdbc.driver.T4CTTIoer11.processError(T4CTTIoer11.java:723)
	... 58 common frames omitted
2026-04-01 15:16:24 [restartedMain] WARN  o.h.t.s.i.ExceptionHandlerLoggedImpl - GenerationTarget encountered exception accepting command : Error executing DDL "drop table tbl_movies cascade constraints" via JDBC [ORA-00942: 테이블 또는 뷰가 존재하지 않습니다

https://docs.oracle.com/error-help/db/ora-00942/]
org.hibernate.tool.schema.spi.CommandAcceptanceException: Error executing DDL "drop table tbl_movies cascade constraints" via JDBC [ORA-00942: 테이블 또는 뷰가 존재하지 않습니다

https://docs.oracle.com/error-help/db/ora-00942/]
	at org.hibernate.tool.schema.internal.exec.GenerationTargetToDatabase.accept(GenerationTargetToDatabase.java:81)
	at org.hibernate.tool.schema.internal.Helper.applySqlString(Helper.java:218)
	at org.hibernate.tool.schema.internal.Helper.applySqlStrings(Helper.java:204)
	at org.hibernate.tool.schema.internal.SchemaDropperImpl.dropTables(SchemaDropperImpl.java:376)
	at org.hibernate.tool.schema.internal.SchemaDropperImpl.dropConstraintsTablesSequences(SchemaDropperImpl.java:248)
	at org.hibernate.tool.schema.internal.SchemaDropperImpl.dropFromMetadata(SchemaDropperImpl.java:210)
	at org.hibernate.tool.schema.internal.SchemaDropperImpl.performDrop(SchemaDropperImpl.java:182)
	at org.hibernate.tool.schema.internal.SchemaDropperImpl.doDrop(SchemaDropperImpl.java:152)
	at org.hibernate.tool.schema.internal.SchemaDropperImpl.doDrop(SchemaDropperImpl.java:112)
	at org.hibernate.tool.schema.spi.SchemaManagementToolCoordinator.performDatabaseAction(SchemaManagementToolCoordinator.java:227)
	at org.hibernate.tool.schema.spi.SchemaManagementToolCoordinator.lambda$process$1(SchemaManagementToolCoordinator.java:101)
	at java.base/java.util.HashMap.forEach(HashMap.java:1429)
	at org.hibernate.tool.schema.spi.SchemaManagementToolCoordinator.process(SchemaManagementToolCoordinator.java:100)
	at org.hibernate.boot.internal.SessionFactoryObserverForSchemaExport.sessionFactoryCreated(SessionFactoryObserverForSchemaExport.java:35)
	at org.hibernate.internal.SessionFactoryObserverChain.sessionFactoryCreated(SessionFactoryObserverChain.java:33)
	at org.hibernate.internal.SessionFactoryImpl.<init>(SessionFactoryImpl.java:323)
	at org.hibernate.internal.SessionFactoryRegistry.instantiateSessionFactory(SessionFactoryRegistry.java:64)
	at org.hibernate.boot.internal.SessionFactoryBuilderImpl.build(SessionFactoryBuilderImpl.java:437)
	at org.hibernate.jpa.boot.internal.EntityManagerFactoryBuilderImpl.build(EntityManagerFactoryBuilderImpl.java:1456)
	at org.springframework.orm.jpa.vendor.SpringHibernateJpaPersistenceProvider.createContainerEntityManagerFactory(SpringHibernateJpaPersistenceProvider.java:93)
	at org.springframework.orm.jpa.LocalContainerEntityManagerFactoryBean.createNativeEntityManagerFactory(LocalContainerEntityManagerFactoryBean.java:443)
	at org.springframework.orm.jpa.AbstractEntityManagerFactoryBean.buildNativeEntityManagerFactory(AbstractEntityManagerFactoryBean.java:436)
	at org.springframework.orm.jpa.AbstractEntityManagerFactoryBean.afterPropertiesSet(AbstractEntityManagerFactoryBean.java:411)
	at org.springframework.orm.jpa.LocalContainerEntityManagerFactoryBean.afterPropertiesSet(LocalContainerEntityManagerFactoryBean.java:419)
	at org.springframework.beans.factory.support.AbstractAutowireCapableBeanFactory.invokeInitMethods(AbstractAutowireCapableBeanFactory.java:1864)
	at org.springframework.beans.factory.support.AbstractAutowireCapableBeanFactory.initializeBean(AbstractAutowireCapableBeanFactory.java:1813)
	at org.springframework.beans.factory.support.AbstractAutowireCapableBeanFactory.doCreateBean(AbstractAutowireCapableBeanFactory.java:603)
	at org.springframework.beans.factory.support.AbstractAutowireCapableBeanFactory.createBean(AbstractAutowireCapableBeanFactory.java:525)
	at org.springframework.beans.factory.support.AbstractBeanFactory.lambda$doGetBean$0(AbstractBeanFactory.java:333)
	at org.springframework.beans.factory.support.DefaultSingletonBeanRegistry.getSingleton(DefaultSingletonBeanRegistry.java:371)
	at org.springframework.beans.factory.support.AbstractBeanFactory.doGetBean(AbstractBeanFactory.java:331)
	at org.springframework.beans.factory.support.AbstractBeanFactory.getBean(AbstractBeanFactory.java:201)
	at org.springframework.context.support.AbstractApplicationContext.finishBeanFactoryInitialization(AbstractApplicationContext.java:977)
	at org.springframework.context.support.AbstractApplicationContext.refresh(AbstractApplicationContext.java:621)
	at org.springframework.boot.web.server.servlet.context.ServletWebServerApplicationContext.refresh(ServletWebServerApplicationContext.java:143)
	at org.springframework.boot.SpringApplication.refresh(SpringApplication.java:756)
	at org.springframework.boot.SpringApplication.refreshContext(SpringApplication.java:445)
	at org.springframework.boot.SpringApplication.run(SpringApplication.java:321)
	at org.springframework.boot.SpringApplication.run(SpringApplication.java:1365)
	at org.springframework.boot.SpringApplication.run(SpringApplication.java:1354)
	at com.example.CineLogApplication.main(CineLogApplication.java:14)
	at java.base/jdk.internal.reflect.DirectMethodHandleAccessor.invoke(DirectMethodHandleAccessor.java:103)
	at java.base/java.lang.reflect.Method.invoke(Method.java:580)
	at org.springframework.boot.devtools.restart.RestartLauncher.run(RestartLauncher.java:52)
Caused by: java.sql.SQLSyntaxErrorException: ORA-00942: 테이블 또는 뷰가 존재하지 않습니다

https://docs.oracle.com/error-help/db/ora-00942/
	at oracle.jdbc.driver.T4CTTIoer11.processError(T4CTTIoer11.java:715)
	at oracle.jdbc.driver.T4CTTIoer11.processError(T4CTTIoer11.java:615)
	at oracle.jdbc.driver.T4C8Oall.processError(T4C8Oall.java:1372)
	at oracle.jdbc.driver.T4CTTIfun.receive(T4CTTIfun.java:972)
	at oracle.jdbc.driver.T4CTTIfun.doRPC(T4CTTIfun.java:237)
	at oracle.jdbc.driver.T4C8Oall.doOALL(T4C8Oall.java:524)
	at oracle.jdbc.driver.T4CStatement.doOall8(T4CStatement.java:197)
	at oracle.jdbc.driver.T4CStatement.executeForRows(T4CStatement.java:1408)
	at oracle.jdbc.driver.OracleStatement.executeSQLStatement(OracleStatement.java:2020)
	at oracle.jdbc.driver.OracleStatement.doExecuteWithTimeout(OracleStatement.java:1633)
	at oracle.jdbc.driver.OracleStatement.executeInternal(OracleStatement.java:2698)
	at oracle.jdbc.driver.OracleStatement.execute(OracleStatement.java:2647)
	at oracle.jdbc.driver.OracleStatementWrapper.execute(OracleStatementWrapper.java:349)
	at com.zaxxer.hikari.pool.ProxyStatement.execute(ProxyStatement.java:95)
	at com.zaxxer.hikari.pool.HikariProxyStatement.execute(HikariProxyStatement.java)
	at org.hibernate.tool.schema.internal.exec.GenerationTargetToDatabase.accept(GenerationTargetToDatabase.java:76)
	... 43 common frames omitted
Caused by: Error : 942, Position : 11, SQL = drop table tbl_movies cascade constraints, Original SQL = drop table tbl_movies cascade constraints, Error Message = ORA-00942: 테이블 또는 뷰가 존재하지 않습니다

	at oracle.jdbc.driver.T4CTTIoer11.processError(T4CTTIoer11.java:723)
	... 58 common frames omitted
2026-04-01 15:16:24 [restartedMain] WARN  o.h.t.s.i.ExceptionHandlerLoggedImpl - GenerationTarget encountered exception accepting command : Error executing DDL "drop table tbl_reviews cascade constraints" via JDBC [ORA-00942: 테이블 또는 뷰가 존재하지 않습니다

https://docs.oracle.com/error-help/db/ora-00942/]
org.hibernate.tool.schema.spi.CommandAcceptanceException: Error executing DDL "drop table tbl_reviews cascade constraints" via JDBC [ORA-00942: 테이블 또는 뷰가 존재하지 않습니다

https://docs.oracle.com/error-help/db/ora-00942/]
	at org.hibernate.tool.schema.internal.exec.GenerationTargetToDatabase.accept(GenerationTargetToDatabase.java:81)
	at org.hibernate.tool.schema.internal.Helper.applySqlString(Helper.java:218)
	at org.hibernate.tool.schema.internal.Helper.applySqlStrings(Helper.java:204)
	at org.hibernate.tool.schema.internal.SchemaDropperImpl.dropTables(SchemaDropperImpl.java:376)
	at org.hibernate.tool.schema.internal.SchemaDropperImpl.dropConstraintsTablesSequences(SchemaDropperImpl.java:248)
	at org.hibernate.tool.schema.internal.SchemaDropperImpl.dropFromMetadata(SchemaDropperImpl.java:210)
	at org.hibernate.tool.schema.internal.SchemaDropperImpl.performDrop(SchemaDropperImpl.java:182)
	at org.hibernate.tool.schema.internal.SchemaDropperImpl.doDrop(SchemaDropperImpl.java:152)
	at org.hibernate.tool.schema.internal.SchemaDropperImpl.doDrop(SchemaDropperImpl.java:112)
	at org.hibernate.tool.schema.spi.SchemaManagementToolCoordinator.performDatabaseAction(SchemaManagementToolCoordinator.java:227)
	at org.hibernate.tool.schema.spi.SchemaManagementToolCoordinator.lambda$process$1(SchemaManagementToolCoordinator.java:101)
	at java.base/java.util.HashMap.forEach(HashMap.java:1429)
	at org.hibernate.tool.schema.spi.SchemaManagementToolCoordinator.process(SchemaManagementToolCoordinator.java:100)
	at org.hibernate.boot.internal.SessionFactoryObserverForSchemaExport.sessionFactoryCreated(SessionFactoryObserverForSchemaExport.java:35)
	at org.hibernate.internal.SessionFactoryObserverChain.sessionFactoryCreated(SessionFactoryObserverChain.java:33)
	at org.hibernate.internal.SessionFactoryImpl.<init>(SessionFactoryImpl.java:323)
	at org.hibernate.internal.SessionFactoryRegistry.instantiateSessionFactory(SessionFactoryRegistry.java:64)
	at org.hibernate.boot.internal.SessionFactoryBuilderImpl.build(SessionFactoryBuilderImpl.java:437)
	at org.hibernate.jpa.boot.internal.EntityManagerFactoryBuilderImpl.build(EntityManagerFactoryBuilderImpl.java:1456)
	at org.springframework.orm.jpa.vendor.SpringHibernateJpaPersistenceProvider.createContainerEntityManagerFactory(SpringHibernateJpaPersistenceProvider.java:93)
	at org.springframework.orm.jpa.LocalContainerEntityManagerFactoryBean.createNativeEntityManagerFactory(LocalContainerEntityManagerFactoryBean.java:443)
	at org.springframework.orm.jpa.AbstractEntityManagerFactoryBean.buildNativeEntityManagerFactory(AbstractEntityManagerFactoryBean.java:436)
	at org.springframework.orm.jpa.AbstractEntityManagerFactoryBean.afterPropertiesSet(AbstractEntityManagerFactoryBean.java:411)
	at org.springframework.orm.jpa.LocalContainerEntityManagerFactoryBean.afterPropertiesSet(LocalContainerEntityManagerFactoryBean.java:419)
	at org.springframework.beans.factory.support.AbstractAutowireCapableBeanFactory.invokeInitMethods(AbstractAutowireCapableBeanFactory.java:1864)
	at org.springframework.beans.factory.support.AbstractAutowireCapableBeanFactory.initializeBean(AbstractAutowireCapableBeanFactory.java:1813)
	at org.springframework.beans.factory.support.AbstractAutowireCapableBeanFactory.doCreateBean(AbstractAutowireCapableBeanFactory.java:603)
	at org.springframework.beans.factory.support.AbstractAutowireCapableBeanFactory.createBean(AbstractAutowireCapableBeanFactory.java:525)
	at org.springframework.beans.factory.support.AbstractBeanFactory.lambda$doGetBean$0(AbstractBeanFactory.java:333)
	at org.springframework.beans.factory.support.DefaultSingletonBeanRegistry.getSingleton(DefaultSingletonBeanRegistry.java:371)
	at org.springframework.beans.factory.support.AbstractBeanFactory.doGetBean(AbstractBeanFactory.java:331)
	at org.springframework.beans.factory.support.AbstractBeanFactory.getBean(AbstractBeanFactory.java:201)
	at org.springframework.context.support.AbstractApplicationContext.finishBeanFactoryInitialization(AbstractApplicationContext.java:977)
	at org.springframework.context.support.AbstractApplicationContext.refresh(AbstractApplicationContext.java:621)
	at org.springframework.boot.web.server.servlet.context.ServletWebServerApplicationContext.refresh(ServletWebServerApplicationContext.java:143)
	at org.springframework.boot.SpringApplication.refresh(SpringApplication.java:756)
	at org.springframework.boot.SpringApplication.refreshContext(SpringApplication.java:445)
	at org.springframework.boot.SpringApplication.run(SpringApplication.java:321)
	at org.springframework.boot.SpringApplication.run(SpringApplication.java:1365)
	at org.springframework.boot.SpringApplication.run(SpringApplication.java:1354)
	at com.example.CineLogApplication.main(CineLogApplication.java:14)
	at java.base/jdk.internal.reflect.DirectMethodHandleAccessor.invoke(DirectMethodHandleAccessor.java:103)
	at java.base/java.lang.reflect.Method.invoke(Method.java:580)
	at org.springframework.boot.devtools.restart.RestartLauncher.run(RestartLauncher.java:52)
Caused by: java.sql.SQLSyntaxErrorException: ORA-00942: 테이블 또는 뷰가 존재하지 않습니다

https://docs.oracle.com/error-help/db/ora-00942/
	at oracle.jdbc.driver.T4CTTIoer11.processError(T4CTTIoer11.java:715)
	at oracle.jdbc.driver.T4CTTIoer11.processError(T4CTTIoer11.java:615)
	at oracle.jdbc.driver.T4C8Oall.processError(T4C8Oall.java:1372)
	at oracle.jdbc.driver.T4CTTIfun.receive(T4CTTIfun.java:972)
	at oracle.jdbc.driver.T4CTTIfun.doRPC(T4CTTIfun.java:237)
	at oracle.jdbc.driver.T4C8Oall.doOALL(T4C8Oall.java:524)
	at oracle.jdbc.driver.T4CStatement.doOall8(T4CStatement.java:197)
	at oracle.jdbc.driver.T4CStatement.executeForRows(T4CStatement.java:1408)
	at oracle.jdbc.driver.OracleStatement.executeSQLStatement(OracleStatement.java:2020)
	at oracle.jdbc.driver.OracleStatement.doExecuteWithTimeout(OracleStatement.java:1633)
	at oracle.jdbc.driver.OracleStatement.executeInternal(OracleStatement.java:2698)
	at oracle.jdbc.driver.OracleStatement.execute(OracleStatement.java:2647)
	at oracle.jdbc.driver.OracleStatementWrapper.execute(OracleStatementWrapper.java:349)
	at com.zaxxer.hikari.pool.ProxyStatement.execute(ProxyStatement.java:95)
	at com.zaxxer.hikari.pool.HikariProxyStatement.execute(HikariProxyStatement.java)
	at org.hibernate.tool.schema.internal.exec.GenerationTargetToDatabase.accept(GenerationTargetToDatabase.java:76)
	... 43 common frames omitted
Caused by: Error : 942, Position : 11, SQL = drop table tbl_reviews cascade constraints, Original SQL = drop table tbl_reviews cascade constraints, Error Message = ORA-00942: 테이블 또는 뷰가 존재하지 않습니다

	at oracle.jdbc.driver.T4CTTIoer11.processError(T4CTTIoer11.java:723)
	... 58 common frames omitted
2026-04-01 15:16:24 [restartedMain] WARN  o.h.t.s.i.ExceptionHandlerLoggedImpl - GenerationTarget encountered exception accepting command : Error executing DDL "drop sequence movie_seq" via JDBC [ORA-02289: 시퀀스가 존재하지 않습니다.

https://docs.oracle.com/error-help/db/ora-02289/]
org.hibernate.tool.schema.spi.CommandAcceptanceException: Error executing DDL "drop sequence movie_seq" via JDBC [ORA-02289: 시퀀스가 존재하지 않습니다.

https://docs.oracle.com/error-help/db/ora-02289/]
	at org.hibernate.tool.schema.internal.exec.GenerationTargetToDatabase.accept(GenerationTargetToDatabase.java:81)
	at org.hibernate.tool.schema.internal.Helper.applySqlString(Helper.java:218)
	at org.hibernate.tool.schema.internal.Helper.applySqlStrings(Helper.java:204)
	at org.hibernate.tool.schema.internal.SchemaDropperImpl.dropSequences(SchemaDropperImpl.java:335)
	at org.hibernate.tool.schema.internal.SchemaDropperImpl.dropConstraintsTablesSequences(SchemaDropperImpl.java:261)
	at org.hibernate.tool.schema.internal.SchemaDropperImpl.dropFromMetadata(SchemaDropperImpl.java:210)
	at org.hibernate.tool.schema.internal.SchemaDropperImpl.performDrop(SchemaDropperImpl.java:182)
	at org.hibernate.tool.schema.internal.SchemaDropperImpl.doDrop(SchemaDropperImpl.java:152)
	at org.hibernate.tool.schema.internal.SchemaDropperImpl.doDrop(SchemaDropperImpl.java:112)
	at org.hibernate.tool.schema.spi.SchemaManagementToolCoordinator.performDatabaseAction(SchemaManagementToolCoordinator.java:227)
	at org.hibernate.tool.schema.spi.SchemaManagementToolCoordinator.lambda$process$1(SchemaManagementToolCoordinator.java:101)
	at java.base/java.util.HashMap.forEach(HashMap.java:1429)
	at org.hibernate.tool.schema.spi.SchemaManagementToolCoordinator.process(SchemaManagementToolCoordinator.java:100)
	at org.hibernate.boot.internal.SessionFactoryObserverForSchemaExport.sessionFactoryCreated(SessionFactoryObserverForSchemaExport.java:35)
	at org.hibernate.internal.SessionFactoryObserverChain.sessionFactoryCreated(SessionFactoryObserverChain.java:33)
	at org.hibernate.internal.SessionFactoryImpl.<init>(SessionFactoryImpl.java:323)
	at org.hibernate.internal.SessionFactoryRegistry.instantiateSessionFactory(SessionFactoryRegistry.java:64)
	at org.hibernate.boot.internal.SessionFactoryBuilderImpl.build(SessionFactoryBuilderImpl.java:437)
	at org.hibernate.jpa.boot.internal.EntityManagerFactoryBuilderImpl.build(EntityManagerFactoryBuilderImpl.java:1456)
	at org.springframework.orm.jpa.vendor.SpringHibernateJpaPersistenceProvider.createContainerEntityManagerFactory(SpringHibernateJpaPersistenceProvider.java:93)
	at org.springframework.orm.jpa.LocalContainerEntityManagerFactoryBean.createNativeEntityManagerFactory(LocalContainerEntityManagerFactoryBean.java:443)
	at org.springframework.orm.jpa.AbstractEntityManagerFactoryBean.buildNativeEntityManagerFactory(AbstractEntityManagerFactoryBean.java:436)
	at org.springframework.orm.jpa.AbstractEntityManagerFactoryBean.afterPropertiesSet(AbstractEntityManagerFactoryBean.java:411)
	at org.springframework.orm.jpa.LocalContainerEntityManagerFactoryBean.afterPropertiesSet(LocalContainerEntityManagerFactoryBean.java:419)
	at org.springframework.beans.factory.support.AbstractAutowireCapableBeanFactory.invokeInitMethods(AbstractAutowireCapableBeanFactory.java:1864)
	at org.springframework.beans.factory.support.AbstractAutowireCapableBeanFactory.initializeBean(AbstractAutowireCapableBeanFactory.java:1813)
	at org.springframework.beans.factory.support.AbstractAutowireCapableBeanFactory.doCreateBean(AbstractAutowireCapableBeanFactory.java:603)
	at org.springframework.beans.factory.support.AbstractAutowireCapableBeanFactory.createBean(AbstractAutowireCapableBeanFactory.java:525)
	at org.springframework.beans.factory.support.AbstractBeanFactory.lambda$doGetBean$0(AbstractBeanFactory.java:333)
	at org.springframework.beans.factory.support.DefaultSingletonBeanRegistry.getSingleton(DefaultSingletonBeanRegistry.java:371)
	at org.springframework.beans.factory.support.AbstractBeanFactory.doGetBean(AbstractBeanFactory.java:331)
	at org.springframework.beans.factory.support.AbstractBeanFactory.getBean(AbstractBeanFactory.java:201)
	at org.springframework.context.support.AbstractApplicationContext.finishBeanFactoryInitialization(AbstractApplicationContext.java:977)
	at org.springframework.context.support.AbstractApplicationContext.refresh(AbstractApplicationContext.java:621)
	at org.springframework.boot.web.server.servlet.context.ServletWebServerApplicationContext.refresh(ServletWebServerApplicationContext.java:143)
	at org.springframework.boot.SpringApplication.refresh(SpringApplication.java:756)
	at org.springframework.boot.SpringApplication.refreshContext(SpringApplication.java:445)
	at org.springframework.boot.SpringApplication.run(SpringApplication.java:321)
	at org.springframework.boot.SpringApplication.run(SpringApplication.java:1365)
	at org.springframework.boot.SpringApplication.run(SpringApplication.java:1354)
	at com.example.CineLogApplication.main(CineLogApplication.java:14)
	at java.base/jdk.internal.reflect.DirectMethodHandleAccessor.invoke(DirectMethodHandleAccessor.java:103)
	at java.base/java.lang.reflect.Method.invoke(Method.java:580)
	at org.springframework.boot.devtools.restart.RestartLauncher.run(RestartLauncher.java:52)
Caused by: java.sql.SQLSyntaxErrorException: ORA-02289: 시퀀스가 존재하지 않습니다.

https://docs.oracle.com/error-help/db/ora-02289/
	at oracle.jdbc.driver.T4CTTIoer11.processError(T4CTTIoer11.java:715)
	at oracle.jdbc.driver.T4CTTIoer11.processError(T4CTTIoer11.java:615)
	at oracle.jdbc.driver.T4C8Oall.processError(T4C8Oall.java:1372)
	at oracle.jdbc.driver.T4CTTIfun.receive(T4CTTIfun.java:972)
	at oracle.jdbc.driver.T4CTTIfun.doRPC(T4CTTIfun.java:237)
	at oracle.jdbc.driver.T4C8Oall.doOALL(T4C8Oall.java:524)
	at oracle.jdbc.driver.T4CStatement.doOall8(T4CStatement.java:197)
	at oracle.jdbc.driver.T4CStatement.executeForRows(T4CStatement.java:1408)
	at oracle.jdbc.driver.OracleStatement.executeSQLStatement(OracleStatement.java:2020)
	at oracle.jdbc.driver.OracleStatement.doExecuteWithTimeout(OracleStatement.java:1633)
	at oracle.jdbc.driver.OracleStatement.executeInternal(OracleStatement.java:2698)
	at oracle.jdbc.driver.OracleStatement.execute(OracleStatement.java:2647)
	at oracle.jdbc.driver.OracleStatementWrapper.execute(OracleStatementWrapper.java:349)
	at com.zaxxer.hikari.pool.ProxyStatement.execute(ProxyStatement.java:95)
	at com.zaxxer.hikari.pool.HikariProxyStatement.execute(HikariProxyStatement.java)
	at org.hibernate.tool.schema.internal.exec.GenerationTargetToDatabase.accept(GenerationTargetToDatabase.java:76)
	... 43 common frames omitted
Caused by: Error : 2289, Position : 14, SQL = drop sequence movie_seq, Original SQL = drop sequence movie_seq, Error Message = ORA-02289: 시퀀스가 존재하지 않습니다.

	at oracle.jdbc.driver.T4CTTIoer11.processError(T4CTTIoer11.java:723)
	... 58 common frames omitted
2026-04-01 15:16:24 [restartedMain] WARN  o.h.t.s.i.ExceptionHandlerLoggedImpl - GenerationTarget encountered exception accepting command : Error executing DDL "drop sequence review_seq" via JDBC [ORA-02289: 시퀀스가 존재하지 않습니다.

https://docs.oracle.com/error-help/db/ora-02289/]
org.hibernate.tool.schema.spi.CommandAcceptanceException: Error executing DDL "drop sequence review_seq" via JDBC [ORA-02289: 시퀀스가 존재하지 않습니다.

https://docs.oracle.com/error-help/db/ora-02289/]
	at org.hibernate.tool.schema.internal.exec.GenerationTargetToDatabase.accept(GenerationTargetToDatabase.java:81)
	at org.hibernate.tool.schema.internal.Helper.applySqlString(Helper.java:218)
	at org.hibernate.tool.schema.internal.Helper.applySqlStrings(Helper.java:204)
	at org.hibernate.tool.schema.internal.SchemaDropperImpl.dropSequences(SchemaDropperImpl.java:335)
	at org.hibernate.tool.schema.internal.SchemaDropperImpl.dropConstraintsTablesSequences(SchemaDropperImpl.java:261)
	at org.hibernate.tool.schema.internal.SchemaDropperImpl.dropFromMetadata(SchemaDropperImpl.java:210)
	at org.hibernate.tool.schema.internal.SchemaDropperImpl.performDrop(SchemaDropperImpl.java:182)
	at org.hibernate.tool.schema.internal.SchemaDropperImpl.doDrop(SchemaDropperImpl.java:152)
	at org.hibernate.tool.schema.internal.SchemaDropperImpl.doDrop(SchemaDropperImpl.java:112)
	at org.hibernate.tool.schema.spi.SchemaManagementToolCoordinator.performDatabaseAction(SchemaManagementToolCoordinator.java:227)
	at org.hibernate.tool.schema.spi.SchemaManagementToolCoordinator.lambda$process$1(SchemaManagementToolCoordinator.java:101)
	at java.base/java.util.HashMap.forEach(HashMap.java:1429)
	at org.hibernate.tool.schema.spi.SchemaManagementToolCoordinator.process(SchemaManagementToolCoordinator.java:100)
	at org.hibernate.boot.internal.SessionFactoryObserverForSchemaExport.sessionFactoryCreated(SessionFactoryObserverForSchemaExport.java:35)
	at org.hibernate.internal.SessionFactoryObserverChain.sessionFactoryCreated(SessionFactoryObserverChain.java:33)
	at org.hibernate.internal.SessionFactoryImpl.<init>(SessionFactoryImpl.java:323)
	at org.hibernate.internal.SessionFactoryRegistry.instantiateSessionFactory(SessionFactoryRegistry.java:64)
	at org.hibernate.boot.internal.SessionFactoryBuilderImpl.build(SessionFactoryBuilderImpl.java:437)
	at org.hibernate.jpa.boot.internal.EntityManagerFactoryBuilderImpl.build(EntityManagerFactoryBuilderImpl.java:1456)
	at org.springframework.orm.jpa.vendor.SpringHibernateJpaPersistenceProvider.createContainerEntityManagerFactory(SpringHibernateJpaPersistenceProvider.java:93)
	at org.springframework.orm.jpa.LocalContainerEntityManagerFactoryBean.createNativeEntityManagerFactory(LocalContainerEntityManagerFactoryBean.java:443)
	at org.springframework.orm.jpa.AbstractEntityManagerFactoryBean.buildNativeEntityManagerFactory(AbstractEntityManagerFactoryBean.java:436)
	at org.springframework.orm.jpa.AbstractEntityManagerFactoryBean.afterPropertiesSet(AbstractEntityManagerFactoryBean.java:411)
	at org.springframework.orm.jpa.LocalContainerEntityManagerFactoryBean.afterPropertiesSet(LocalContainerEntityManagerFactoryBean.java:419)
	at org.springframework.beans.factory.support.AbstractAutowireCapableBeanFactory.invokeInitMethods(AbstractAutowireCapableBeanFactory.java:1864)
	at org.springframework.beans.factory.support.AbstractAutowireCapableBeanFactory.initializeBean(AbstractAutowireCapableBeanFactory.java:1813)
	at org.springframework.beans.factory.support.AbstractAutowireCapableBeanFactory.doCreateBean(AbstractAutowireCapableBeanFactory.java:603)
	at org.springframework.beans.factory.support.AbstractAutowireCapableBeanFactory.createBean(AbstractAutowireCapableBeanFactory.java:525)
	at org.springframework.beans.factory.support.AbstractBeanFactory.lambda$doGetBean$0(AbstractBeanFactory.java:333)
	at org.springframework.beans.factory.support.DefaultSingletonBeanRegistry.getSingleton(DefaultSingletonBeanRegistry.java:371)
	at org.springframework.beans.factory.support.AbstractBeanFactory.doGetBean(AbstractBeanFactory.java:331)
	at org.springframework.beans.factory.support.AbstractBeanFactory.getBean(AbstractBeanFactory.java:201)
	at org.springframework.context.support.AbstractApplicationContext.finishBeanFactoryInitialization(AbstractApplicationContext.java:977)
	at org.springframework.context.support.AbstractApplicationContext.refresh(AbstractApplicationContext.java:621)
	at org.springframework.boot.web.server.servlet.context.ServletWebServerApplicationContext.refresh(ServletWebServerApplicationContext.java:143)
	at org.springframework.boot.SpringApplication.refresh(SpringApplication.java:756)
	at org.springframework.boot.SpringApplication.refreshContext(SpringApplication.java:445)
	at org.springframework.boot.SpringApplication.run(SpringApplication.java:321)
	at org.springframework.boot.SpringApplication.run(SpringApplication.java:1365)
	at org.springframework.boot.SpringApplication.run(SpringApplication.java:1354)
	at com.example.CineLogApplication.main(CineLogApplication.java:14)
	at java.base/jdk.internal.reflect.DirectMethodHandleAccessor.invoke(DirectMethodHandleAccessor.java:103)
	at java.base/java.lang.reflect.Method.invoke(Method.java:580)
	at org.springframework.boot.devtools.restart.RestartLauncher.run(RestartLauncher.java:52)
Caused by: java.sql.SQLSyntaxErrorException: ORA-02289: 시퀀스가 존재하지 않습니다.

https://docs.oracle.com/error-help/db/ora-02289/
	at oracle.jdbc.driver.T4CTTIoer11.processError(T4CTTIoer11.java:715)
	at oracle.jdbc.driver.T4CTTIoer11.processError(T4CTTIoer11.java:615)
	at oracle.jdbc.driver.T4C8Oall.processError(T4C8Oall.java:1372)
	at oracle.jdbc.driver.T4CTTIfun.receive(T4CTTIfun.java:972)
	at oracle.jdbc.driver.T4CTTIfun.doRPC(T4CTTIfun.java:237)
	at oracle.jdbc.driver.T4C8Oall.doOALL(T4C8Oall.java:524)
	at oracle.jdbc.driver.T4CStatement.doOall8(T4CStatement.java:197)
	at oracle.jdbc.driver.T4CStatement.executeForRows(T4CStatement.java:1408)
	at oracle.jdbc.driver.OracleStatement.executeSQLStatement(OracleStatement.java:2020)
	at oracle.jdbc.driver.OracleStatement.doExecuteWithTimeout(OracleStatement.java:1633)
	at oracle.jdbc.driver.OracleStatement.executeInternal(OracleStatement.java:2698)
	at oracle.jdbc.driver.OracleStatement.execute(OracleStatement.java:2647)
	at oracle.jdbc.driver.OracleStatementWrapper.execute(OracleStatementWrapper.java:349)
	at com.zaxxer.hikari.pool.ProxyStatement.execute(ProxyStatement.java:95)
	at com.zaxxer.hikari.pool.HikariProxyStatement.execute(HikariProxyStatement.java)
	at org.hibernate.tool.schema.internal.exec.GenerationTargetToDatabase.accept(GenerationTargetToDatabase.java:76)
	... 43 common frames omitted
Caused by: Error : 2289, Position : 14, SQL = drop sequence review_seq, Original SQL = drop sequence review_seq, Error Message = ORA-02289: 시퀀스가 존재하지 않습니다.

	at oracle.jdbc.driver.T4CTTIoer11.processError(T4CTTIoer11.java:723)
	... 58 common frames omitted
2026-04-01 15:16:24 [restartedMain] INFO  o.s.o.j.LocalContainerEntityManagerFactoryBean - Initialized JPA EntityManagerFactory for persistence unit 'default'
2026-04-01 15:16:24 [restartedMain] WARN  o.s.b.j.a.JpaBaseConfiguration$JpaWebConfiguration - spring.jpa.open-in-view is enabled by default. Therefore, database queries may be performed during view rendering. Explicitly configure spring.jpa.open-in-view to disable this warning
2026-04-01 15:16:24 [restartedMain] INFO  o.s.s.c.a.a.c.InitializeUserDetailsBeanManagerConfigurer$InitializeUserDetailsManagerConfigurer - Global AuthenticationManager configured with UserDetailsService bean with name memberDetailsService
2026-04-01 15:16:24 [restartedMain] INFO  o.s.b.w.a.WelcomePageHandlerMapping - Adding welcome page template: index
2026-04-01 15:16:24 [restartedMain] INFO  o.a.coyote.http11.Http11NioProtocol - Starting ProtocolHandler ["http-nio-8092"]
2026-04-01 15:16:24 [restartedMain] INFO  o.s.boot.tomcat.TomcatWebServer - Tomcat started on port 8092 (http) with context path '/'
2026-04-01 15:16:24 [restartedMain] INFO  com.example.CineLogApplication - Started CineLogApplication in 0.591 seconds (process running for 397.076)
2026-04-01 15:16:24 [restartedMain] INFO  o.s.b.d.a.ConditionEvaluationDeltaLoggingListener - Condition evaluation unchanged
2026-04-01 15:16:27 [RMI TCP Connection(20)-127.0.0.1] INFO  o.s.b.a.SpringApplicationAdminMXBeanRegistrar$SpringApplicationAdmin - Application shutdown requested.
2026-04-01 15:16:27 [RMI TCP Connection(20)-127.0.0.1] INFO  o.s.boot.tomcat.GracefulShutdown - Commencing graceful shutdown. Waiting for active requests to complete
2026-04-01 15:16:27 [tomcat-shutdown] INFO  o.a.coyote.http11.Http11NioProtocol - Pausing ProtocolHandler ["http-nio-8092"]
2026-04-01 15:16:27 [tomcat-shutdown] INFO  o.s.boot.tomcat.GracefulShutdown - Graceful shutdown complete
2026-04-01 15:16:27 [RMI TCP Connection(20)-127.0.0.1] INFO  o.a.coyote.http11.Http11NioProtocol - Stopping ProtocolHandler ["http-nio-8092"]
2026-04-01 15:16:27 [RMI TCP Connection(20)-127.0.0.1] INFO  o.s.o.j.LocalContainerEntityManagerFactoryBean - Closing JPA EntityManagerFactory for persistence unit 'default'
2026-04-01 15:16:27 [RMI TCP Connection(20)-127.0.0.1] INFO  com.zaxxer.hikari.HikariDataSource - HikariPool-8 - Shutdown initiated...
2026-04-01 15:16:27 [RMI TCP Connection(20)-127.0.0.1] INFO  com.zaxxer.hikari.HikariDataSource - HikariPool-8 - Shutdown completed.
2026-04-01 15:16:28 [background-preinit] INFO  o.h.validator.internal.util.Version - HV000001: Hibernate Validator 9.0.1.Final
2026-04-01 15:16:28 [restartedMain] INFO  com.example.CineLogApplication - Starting CineLogApplication using Java 21.0.10 with PID 416 (C:\Dev\WS_sts\cinelog\bin\main started by GGG in C:\Dev\WS_sts\cinelog)
2026-04-01 15:16:28 [restartedMain] INFO  com.example.CineLogApplication - No active profile set, falling back to 1 default profile: "default"
2026-04-01 15:16:28 [restartedMain] INFO  o.s.b.d.restart.ChangeableUrls - The Class-Path manifest attribute in C:\Users\GGG\.gradle\caches\modules-2\files-2.1\com.oracle.database.jdbc\ojdbc11\23.9.0.25.07\4fe3479be8322eaac43f1cd0fb5818e93048201d\ojdbc11-23.9.0.25.07.jar referenced one or more files that do not exist: file:/C:/Users/GGG/.gradle/caches/modules-2/files-2.1/com.oracle.database.jdbc/ojdbc11/23.9.0.25.07/4fe3479be8322eaac43f1cd0fb5818e93048201d/oraclepki.jar
2026-04-01 15:16:28 [restartedMain] INFO  o.s.b.d.e.DevToolsPropertyDefaultsPostProcessor - Devtools property defaults active! Set 'spring.devtools.add-properties' to 'false' to disable
2026-04-01 15:16:28 [restartedMain] INFO  o.s.b.d.e.DevToolsPropertyDefaultsPostProcessor - For additional web related logging consider setting the 'logging.level.web' property to 'DEBUG'
2026-04-01 15:16:29 [restartedMain] INFO  o.s.d.r.c.RepositoryConfigurationDelegate - Bootstrapping Spring Data JPA repositories in DEFAULT mode.
2026-04-01 15:16:29 [restartedMain] INFO  o.s.d.r.c.RepositoryConfigurationDelegate - Finished Spring Data repository scanning in 31 ms. Found 3 JPA repository interfaces.
2026-04-01 15:16:29 [restartedMain] INFO  o.s.boot.tomcat.TomcatWebServer - Tomcat initialized with port 8092 (http)
2026-04-01 15:16:29 [restartedMain] INFO  o.a.coyote.http11.Http11NioProtocol - Initializing ProtocolHandler ["http-nio-8092"]
2026-04-01 15:16:29 [restartedMain] INFO  o.a.catalina.core.StandardService - Starting service [Tomcat]
2026-04-01 15:16:29 [restartedMain] INFO  o.a.catalina.core.StandardEngine - Starting Servlet engine: [Apache Tomcat/11.0.20]
2026-04-01 15:16:29 [restartedMain] INFO  o.s.b.w.c.s.WebApplicationContextInitializer - Root WebApplicationContext: initialization completed in 971 ms
2026-04-01 15:16:29 [restartedMain] INFO  org.hibernate.orm.jpa - HHH008540: Processing PersistenceUnitInfo [name: default]
2026-04-01 15:16:29 [restartedMain] INFO  org.hibernate.orm.core - HHH000001: Hibernate ORM core version 7.2.7.Final
2026-04-01 15:16:30 [restartedMain] INFO  o.s.o.j.p.SpringPersistenceUnitInfo - No LoadTimeWeaver setup: ignoring JPA class transformer
2026-04-01 15:16:30 [restartedMain] INFO  com.zaxxer.hikari.HikariDataSource - HikariPool-1 - Starting...
2026-04-01 15:16:30 [restartedMain] INFO  com.zaxxer.hikari.pool.HikariPool - HikariPool-1 - Added connection oracle.jdbc.driver.T4CConnection@73b6c
2026-04-01 15:16:30 [restartedMain] INFO  com.zaxxer.hikari.HikariDataSource - HikariPool-1 - Start completed.
2026-04-01 15:16:30 [restartedMain] WARN  org.hibernate.orm.jdbc - HHH100123: Low default JDBC fetch size: 10 (consider setting 'hibernate.jdbc.fetch_size')
2026-04-01 15:16:30 [restartedMain] INFO  o.hibernate.orm.connections.pooling - HHH10001005: Database info:
	Database JDBC URL [jdbc:oracle:thin:@//localhost:1521/testdb]
	Database driver: Oracle JDBC driver
	Database dialect: OracleDialect
	Database version: 19.3
	Default catalog/schema: undefined/GREEN
	Autocommit mode: undefined/unknown
	Isolation level: READ_COMMITTED [default READ_COMMITTED]
	JDBC fetch size: 10
	Pool: DataSourceConnectionProvider
	Minimum pool size: undefined/unknown
	Maximum pool size: undefined/unknown
2026-04-01 15:16:31 [restartedMain] INFO  org.hibernate.orm.core - HHH000489: No JTA platform available (set 'hibernate.transaction.jta.platform' to enable JTA platform integration)
2026-04-01 15:16:31 [restartedMain] WARN  o.h.t.s.i.ExceptionHandlerLoggedImpl - GenerationTarget encountered exception accepting command : Error executing DDL "drop table tbl_movie_members cascade constraints" via JDBC [ORA-00942: 테이블 또는 뷰가 존재하지 않습니다

https://docs.oracle.com/error-help/db/ora-00942/]
org.hibernate.tool.schema.spi.CommandAcceptanceException: Error executing DDL "drop table tbl_movie_members cascade constraints" via JDBC [ORA-00942: 테이블 또는 뷰가 존재하지 않습니다

https://docs.oracle.com/error-help/db/ora-00942/]
	at org.hibernate.tool.schema.internal.exec.GenerationTargetToDatabase.accept(GenerationTargetToDatabase.java:81)
	at org.hibernate.tool.schema.internal.Helper.applySqlString(Helper.java:218)
	at org.hibernate.tool.schema.internal.Helper.applySqlStrings(Helper.java:204)
	at org.hibernate.tool.schema.internal.SchemaDropperImpl.dropTables(SchemaDropperImpl.java:376)
	at org.hibernate.tool.schema.internal.SchemaDropperImpl.dropConstraintsTablesSequences(SchemaDropperImpl.java:248)
	at org.hibernate.tool.schema.internal.SchemaDropperImpl.dropFromMetadata(SchemaDropperImpl.java:210)
	at org.hibernate.tool.schema.internal.SchemaDropperImpl.performDrop(SchemaDropperImpl.java:182)
	at org.hibernate.tool.schema.internal.SchemaDropperImpl.doDrop(SchemaDropperImpl.java:152)
	at org.hibernate.tool.schema.internal.SchemaDropperImpl.doDrop(SchemaDropperImpl.java:112)
	at org.hibernate.tool.schema.spi.SchemaManagementToolCoordinator.performDatabaseAction(SchemaManagementToolCoordinator.java:227)
	at org.hibernate.tool.schema.spi.SchemaManagementToolCoordinator.lambda$process$1(SchemaManagementToolCoordinator.java:101)
	at java.base/java.util.HashMap.forEach(HashMap.java:1429)
	at org.hibernate.tool.schema.spi.SchemaManagementToolCoordinator.process(SchemaManagementToolCoordinator.java:100)
	at org.hibernate.boot.internal.SessionFactoryObserverForSchemaExport.sessionFactoryCreated(SessionFactoryObserverForSchemaExport.java:35)
	at org.hibernate.internal.SessionFactoryObserverChain.sessionFactoryCreated(SessionFactoryObserverChain.java:33)
	at org.hibernate.internal.SessionFactoryImpl.<init>(SessionFactoryImpl.java:323)
	at org.hibernate.internal.SessionFactoryRegistry.instantiateSessionFactory(SessionFactoryRegistry.java:64)
	at org.hibernate.boot.internal.SessionFactoryBuilderImpl.build(SessionFactoryBuilderImpl.java:437)
	at org.hibernate.jpa.boot.internal.EntityManagerFactoryBuilderImpl.build(EntityManagerFactoryBuilderImpl.java:1456)
	at org.springframework.orm.jpa.vendor.SpringHibernateJpaPersistenceProvider.createContainerEntityManagerFactory(SpringHibernateJpaPersistenceProvider.java:93)
	at org.springframework.orm.jpa.LocalContainerEntityManagerFactoryBean.createNativeEntityManagerFactory(LocalContainerEntityManagerFactoryBean.java:443)
	at org.springframework.orm.jpa.AbstractEntityManagerFactoryBean.buildNativeEntityManagerFactory(AbstractEntityManagerFactoryBean.java:436)
	at org.springframework.orm.jpa.AbstractEntityManagerFactoryBean.afterPropertiesSet(AbstractEntityManagerFactoryBean.java:411)
	at org.springframework.orm.jpa.LocalContainerEntityManagerFactoryBean.afterPropertiesSet(LocalContainerEntityManagerFactoryBean.java:419)
	at org.springframework.beans.factory.support.AbstractAutowireCapableBeanFactory.invokeInitMethods(AbstractAutowireCapableBeanFactory.java:1864)
	at org.springframework.beans.factory.support.AbstractAutowireCapableBeanFactory.initializeBean(AbstractAutowireCapableBeanFactory.java:1813)
	at org.springframework.beans.factory.support.AbstractAutowireCapableBeanFactory.doCreateBean(AbstractAutowireCapableBeanFactory.java:603)
	at org.springframework.beans.factory.support.AbstractAutowireCapableBeanFactory.createBean(AbstractAutowireCapableBeanFactory.java:525)
	at org.springframework.beans.factory.support.AbstractBeanFactory.lambda$doGetBean$0(AbstractBeanFactory.java:333)
	at org.springframework.beans.factory.support.DefaultSingletonBeanRegistry.getSingleton(DefaultSingletonBeanRegistry.java:371)
	at org.springframework.beans.factory.support.AbstractBeanFactory.doGetBean(AbstractBeanFactory.java:331)
	at org.springframework.beans.factory.support.AbstractBeanFactory.getBean(AbstractBeanFactory.java:201)
	at org.springframework.context.support.AbstractApplicationContext.finishBeanFactoryInitialization(AbstractApplicationContext.java:977)
	at org.springframework.context.support.AbstractApplicationContext.refresh(AbstractApplicationContext.java:621)
	at org.springframework.boot.web.server.servlet.context.ServletWebServerApplicationContext.refresh(ServletWebServerApplicationContext.java:143)
	at org.springframework.boot.SpringApplication.refresh(SpringApplication.java:756)
	at org.springframework.boot.SpringApplication.refreshContext(SpringApplication.java:445)
	at org.springframework.boot.SpringApplication.run(SpringApplication.java:321)
	at org.springframework.boot.SpringApplication.run(SpringApplication.java:1365)
	at org.springframework.boot.SpringApplication.run(SpringApplication.java:1354)
	at com.example.CineLogApplication.main(CineLogApplication.java:14)
	at java.base/jdk.internal.reflect.DirectMethodHandleAccessor.invoke(DirectMethodHandleAccessor.java:103)
	at java.base/java.lang.reflect.Method.invoke(Method.java:580)
	at org.springframework.boot.devtools.restart.RestartLauncher.run(RestartLauncher.java:52)
Caused by: java.sql.SQLSyntaxErrorException: ORA-00942: 테이블 또는 뷰가 존재하지 않습니다

https://docs.oracle.com/error-help/db/ora-00942/
	at oracle.jdbc.driver.T4CTTIoer11.processError(T4CTTIoer11.java:715)
	at oracle.jdbc.driver.T4CTTIoer11.processError(T4CTTIoer11.java:615)
	at oracle.jdbc.driver.T4C8Oall.processError(T4C8Oall.java:1372)
	at oracle.jdbc.driver.T4CTTIfun.receive(T4CTTIfun.java:972)
	at oracle.jdbc.driver.T4CTTIfun.doRPC(T4CTTIfun.java:237)
	at oracle.jdbc.driver.T4C8Oall.doOALL(T4C8Oall.java:524)
	at oracle.jdbc.driver.T4CStatement.doOall8(T4CStatement.java:197)
	at oracle.jdbc.driver.T4CStatement.executeForRows(T4CStatement.java:1408)
	at oracle.jdbc.driver.OracleStatement.executeSQLStatement(OracleStatement.java:2020)
	at oracle.jdbc.driver.OracleStatement.doExecuteWithTimeout(OracleStatement.java:1633)
	at oracle.jdbc.driver.OracleStatement.executeInternal(OracleStatement.java:2698)
	at oracle.jdbc.driver.OracleStatement.execute(OracleStatement.java:2647)
	at oracle.jdbc.driver.OracleStatementWrapper.execute(OracleStatementWrapper.java:349)
	at com.zaxxer.hikari.pool.ProxyStatement.execute(ProxyStatement.java:95)
	at com.zaxxer.hikari.pool.HikariProxyStatement.execute(HikariProxyStatement.java)
	at org.hibernate.tool.schema.internal.exec.GenerationTargetToDatabase.accept(GenerationTargetToDatabase.java:76)
	... 43 common frames omitted
Caused by: Error : 942, Position : 11, SQL = drop table tbl_movie_members cascade constraints, Original SQL = drop table tbl_movie_members cascade constraints, Error Message = ORA-00942: 테이블 또는 뷰가 존재하지 않습니다

	at oracle.jdbc.driver.T4CTTIoer11.processError(T4CTTIoer11.java:723)
	... 58 common frames omitted
2026-04-01 15:16:31 [restartedMain] WARN  o.h.t.s.i.ExceptionHandlerLoggedImpl - GenerationTarget encountered exception accepting command : Error executing DDL "drop table tbl_movies cascade constraints" via JDBC [ORA-00942: 테이블 또는 뷰가 존재하지 않습니다

https://docs.oracle.com/error-help/db/ora-00942/]
org.hibernate.tool.schema.spi.CommandAcceptanceException: Error executing DDL "drop table tbl_movies cascade constraints" via JDBC [ORA-00942: 테이블 또는 뷰가 존재하지 않습니다

https://docs.oracle.com/error-help/db/ora-00942/]
	at org.hibernate.tool.schema.internal.exec.GenerationTargetToDatabase.accept(GenerationTargetToDatabase.java:81)
	at org.hibernate.tool.schema.internal.Helper.applySqlString(Helper.java:218)
	at org.hibernate.tool.schema.internal.Helper.applySqlStrings(Helper.java:204)
	at org.hibernate.tool.schema.internal.SchemaDropperImpl.dropTables(SchemaDropperImpl.java:376)
	at org.hibernate.tool.schema.internal.SchemaDropperImpl.dropConstraintsTablesSequences(SchemaDropperImpl.java:248)
	at org.hibernate.tool.schema.internal.SchemaDropperImpl.dropFromMetadata(SchemaDropperImpl.java:210)
	at org.hibernate.tool.schema.internal.SchemaDropperImpl.performDrop(SchemaDropperImpl.java:182)
	at org.hibernate.tool.schema.internal.SchemaDropperImpl.doDrop(SchemaDropperImpl.java:152)
	at org.hibernate.tool.schema.internal.SchemaDropperImpl.doDrop(SchemaDropperImpl.java:112)
	at org.hibernate.tool.schema.spi.SchemaManagementToolCoordinator.performDatabaseAction(SchemaManagementToolCoordinator.java:227)
	at org.hibernate.tool.schema.spi.SchemaManagementToolCoordinator.lambda$process$1(SchemaManagementToolCoordinator.java:101)
	at java.base/java.util.HashMap.forEach(HashMap.java:1429)
	at org.hibernate.tool.schema.spi.SchemaManagementToolCoordinator.process(SchemaManagementToolCoordinator.java:100)
	at org.hibernate.boot.internal.SessionFactoryObserverForSchemaExport.sessionFactoryCreated(SessionFactoryObserverForSchemaExport.java:35)
	at org.hibernate.internal.SessionFactoryObserverChain.sessionFactoryCreated(SessionFactoryObserverChain.java:33)
	at org.hibernate.internal.SessionFactoryImpl.<init>(SessionFactoryImpl.java:323)
	at org.hibernate.internal.SessionFactoryRegistry.instantiateSessionFactory(SessionFactoryRegistry.java:64)
	at org.hibernate.boot.internal.SessionFactoryBuilderImpl.build(SessionFactoryBuilderImpl.java:437)
	at org.hibernate.jpa.boot.internal.EntityManagerFactoryBuilderImpl.build(EntityManagerFactoryBuilderImpl.java:1456)
	at org.springframework.orm.jpa.vendor.SpringHibernateJpaPersistenceProvider.createContainerEntityManagerFactory(SpringHibernateJpaPersistenceProvider.java:93)
	at org.springframework.orm.jpa.LocalContainerEntityManagerFactoryBean.createNativeEntityManagerFactory(LocalContainerEntityManagerFactoryBean.java:443)
	at org.springframework.orm.jpa.AbstractEntityManagerFactoryBean.buildNativeEntityManagerFactory(AbstractEntityManagerFactoryBean.java:436)
	at org.springframework.orm.jpa.AbstractEntityManagerFactoryBean.afterPropertiesSet(AbstractEntityManagerFactoryBean.java:411)
	at org.springframework.orm.jpa.LocalContainerEntityManagerFactoryBean.afterPropertiesSet(LocalContainerEntityManagerFactoryBean.java:419)
	at org.springframework.beans.factory.support.AbstractAutowireCapableBeanFactory.invokeInitMethods(AbstractAutowireCapableBeanFactory.java:1864)
	at org.springframework.beans.factory.support.AbstractAutowireCapableBeanFactory.initializeBean(AbstractAutowireCapableBeanFactory.java:1813)
	at org.springframework.beans.factory.support.AbstractAutowireCapableBeanFactory.doCreateBean(AbstractAutowireCapableBeanFactory.java:603)
	at org.springframework.beans.factory.support.AbstractAutowireCapableBeanFactory.createBean(AbstractAutowireCapableBeanFactory.java:525)
	at org.springframework.beans.factory.support.AbstractBeanFactory.lambda$doGetBean$0(AbstractBeanFactory.java:333)
	at org.springframework.beans.factory.support.DefaultSingletonBeanRegistry.getSingleton(DefaultSingletonBeanRegistry.java:371)
	at org.springframework.beans.factory.support.AbstractBeanFactory.doGetBean(AbstractBeanFactory.java:331)
	at org.springframework.beans.factory.support.AbstractBeanFactory.getBean(AbstractBeanFactory.java:201)
	at org.springframework.context.support.AbstractApplicationContext.finishBeanFactoryInitialization(AbstractApplicationContext.java:977)
	at org.springframework.context.support.AbstractApplicationContext.refresh(AbstractApplicationContext.java:621)
	at org.springframework.boot.web.server.servlet.context.ServletWebServerApplicationContext.refresh(ServletWebServerApplicationContext.java:143)
	at org.springframework.boot.SpringApplication.refresh(SpringApplication.java:756)
	at org.springframework.boot.SpringApplication.refreshContext(SpringApplication.java:445)
	at org.springframework.boot.SpringApplication.run(SpringApplication.java:321)
	at org.springframework.boot.SpringApplication.run(SpringApplication.java:1365)
	at org.springframework.boot.SpringApplication.run(SpringApplication.java:1354)
	at com.example.CineLogApplication.main(CineLogApplication.java:14)
	at java.base/jdk.internal.reflect.DirectMethodHandleAccessor.invoke(DirectMethodHandleAccessor.java:103)
	at java.base/java.lang.reflect.Method.invoke(Method.java:580)
	at org.springframework.boot.devtools.restart.RestartLauncher.run(RestartLauncher.java:52)
Caused by: java.sql.SQLSyntaxErrorException: ORA-00942: 테이블 또는 뷰가 존재하지 않습니다

https://docs.oracle.com/error-help/db/ora-00942/
	at oracle.jdbc.driver.T4CTTIoer11.processError(T4CTTIoer11.java:715)
	at oracle.jdbc.driver.T4CTTIoer11.processError(T4CTTIoer11.java:615)
	at oracle.jdbc.driver.T4C8Oall.processError(T4C8Oall.java:1372)
	at oracle.jdbc.driver.T4CTTIfun.receive(T4CTTIfun.java:972)
	at oracle.jdbc.driver.T4CTTIfun.doRPC(T4CTTIfun.java:237)
	at oracle.jdbc.driver.T4C8Oall.doOALL(T4C8Oall.java:524)
	at oracle.jdbc.driver.T4CStatement.doOall8(T4CStatement.java:197)
	at oracle.jdbc.driver.T4CStatement.executeForRows(T4CStatement.java:1408)
	at oracle.jdbc.driver.OracleStatement.executeSQLStatement(OracleStatement.java:2020)
	at oracle.jdbc.driver.OracleStatement.doExecuteWithTimeout(OracleStatement.java:1633)
	at oracle.jdbc.driver.OracleStatement.executeInternal(OracleStatement.java:2698)
	at oracle.jdbc.driver.OracleStatement.execute(OracleStatement.java:2647)
	at oracle.jdbc.driver.OracleStatementWrapper.execute(OracleStatementWrapper.java:349)
	at com.zaxxer.hikari.pool.ProxyStatement.execute(ProxyStatement.java:95)
	at com.zaxxer.hikari.pool.HikariProxyStatement.execute(HikariProxyStatement.java)
	at org.hibernate.tool.schema.internal.exec.GenerationTargetToDatabase.accept(GenerationTargetToDatabase.java:76)
	... 43 common frames omitted
Caused by: Error : 942, Position : 11, SQL = drop table tbl_movies cascade constraints, Original SQL = drop table tbl_movies cascade constraints, Error Message = ORA-00942: 테이블 또는 뷰가 존재하지 않습니다

	at oracle.jdbc.driver.T4CTTIoer11.processError(T4CTTIoer11.java:723)
	... 58 common frames omitted
2026-04-01 15:16:31 [restartedMain] WARN  o.h.t.s.i.ExceptionHandlerLoggedImpl - GenerationTarget encountered exception accepting command : Error executing DDL "drop table tbl_reviews cascade constraints" via JDBC [ORA-00942: 테이블 또는 뷰가 존재하지 않습니다

https://docs.oracle.com/error-help/db/ora-00942/]
org.hibernate.tool.schema.spi.CommandAcceptanceException: Error executing DDL "drop table tbl_reviews cascade constraints" via JDBC [ORA-00942: 테이블 또는 뷰가 존재하지 않습니다

https://docs.oracle.com/error-help/db/ora-00942/]
	at org.hibernate.tool.schema.internal.exec.GenerationTargetToDatabase.accept(GenerationTargetToDatabase.java:81)
	at org.hibernate.tool.schema.internal.Helper.applySqlString(Helper.java:218)
	at org.hibernate.tool.schema.internal.Helper.applySqlStrings(Helper.java:204)
	at org.hibernate.tool.schema.internal.SchemaDropperImpl.dropTables(SchemaDropperImpl.java:376)
	at org.hibernate.tool.schema.internal.SchemaDropperImpl.dropConstraintsTablesSequences(SchemaDropperImpl.java:248)
	at org.hibernate.tool.schema.internal.SchemaDropperImpl.dropFromMetadata(SchemaDropperImpl.java:210)
	at org.hibernate.tool.schema.internal.SchemaDropperImpl.performDrop(SchemaDropperImpl.java:182)
	at org.hibernate.tool.schema.internal.SchemaDropperImpl.doDrop(SchemaDropperImpl.java:152)
	at org.hibernate.tool.schema.internal.SchemaDropperImpl.doDrop(SchemaDropperImpl.java:112)
	at org.hibernate.tool.schema.spi.SchemaManagementToolCoordinator.performDatabaseAction(SchemaManagementToolCoordinator.java:227)
	at org.hibernate.tool.schema.spi.SchemaManagementToolCoordinator.lambda$process$1(SchemaManagementToolCoordinator.java:101)
	at java.base/java.util.HashMap.forEach(HashMap.java:1429)
	at org.hibernate.tool.schema.spi.SchemaManagementToolCoordinator.process(SchemaManagementToolCoordinator.java:100)
	at org.hibernate.boot.internal.SessionFactoryObserverForSchemaExport.sessionFactoryCreated(SessionFactoryObserverForSchemaExport.java:35)
	at org.hibernate.internal.SessionFactoryObserverChain.sessionFactoryCreated(SessionFactoryObserverChain.java:33)
	at org.hibernate.internal.SessionFactoryImpl.<init>(SessionFactoryImpl.java:323)
	at org.hibernate.internal.SessionFactoryRegistry.instantiateSessionFactory(SessionFactoryRegistry.java:64)
	at org.hibernate.boot.internal.SessionFactoryBuilderImpl.build(SessionFactoryBuilderImpl.java:437)
	at org.hibernate.jpa.boot.internal.EntityManagerFactoryBuilderImpl.build(EntityManagerFactoryBuilderImpl.java:1456)
	at org.springframework.orm.jpa.vendor.SpringHibernateJpaPersistenceProvider.createContainerEntityManagerFactory(SpringHibernateJpaPersistenceProvider.java:93)
	at org.springframework.orm.jpa.LocalContainerEntityManagerFactoryBean.createNativeEntityManagerFactory(LocalContainerEntityManagerFactoryBean.java:443)
	at org.springframework.orm.jpa.AbstractEntityManagerFactoryBean.buildNativeEntityManagerFactory(AbstractEntityManagerFactoryBean.java:436)
	at org.springframework.orm.jpa.AbstractEntityManagerFactoryBean.afterPropertiesSet(AbstractEntityManagerFactoryBean.java:411)
	at org.springframework.orm.jpa.LocalContainerEntityManagerFactoryBean.afterPropertiesSet(LocalContainerEntityManagerFactoryBean.java:419)
	at org.springframework.beans.factory.support.AbstractAutowireCapableBeanFactory.invokeInitMethods(AbstractAutowireCapableBeanFactory.java:1864)
	at org.springframework.beans.factory.support.AbstractAutowireCapableBeanFactory.initializeBean(AbstractAutowireCapableBeanFactory.java:1813)
	at org.springframework.beans.factory.support.AbstractAutowireCapableBeanFactory.doCreateBean(AbstractAutowireCapableBeanFactory.java:603)
	at org.springframework.beans.factory.support.AbstractAutowireCapableBeanFactory.createBean(AbstractAutowireCapableBeanFactory.java:525)
	at org.springframework.beans.factory.support.AbstractBeanFactory.lambda$doGetBean$0(AbstractBeanFactory.java:333)
	at org.springframework.beans.factory.support.DefaultSingletonBeanRegistry.getSingleton(DefaultSingletonBeanRegistry.java:371)
	at org.springframework.beans.factory.support.AbstractBeanFactory.doGetBean(AbstractBeanFactory.java:331)
	at org.springframework.beans.factory.support.AbstractBeanFactory.getBean(AbstractBeanFactory.java:201)
	at org.springframework.context.support.AbstractApplicationContext.finishBeanFactoryInitialization(AbstractApplicationContext.java:977)
	at org.springframework.context.support.AbstractApplicationContext.refresh(AbstractApplicationContext.java:621)
	at org.springframework.boot.web.server.servlet.context.ServletWebServerApplicationContext.refresh(ServletWebServerApplicationContext.java:143)
	at org.springframework.boot.SpringApplication.refresh(SpringApplication.java:756)
	at org.springframework.boot.SpringApplication.refreshContext(SpringApplication.java:445)
	at org.springframework.boot.SpringApplication.run(SpringApplication.java:321)
	at org.springframework.boot.SpringApplication.run(SpringApplication.java:1365)
	at org.springframework.boot.SpringApplication.run(SpringApplication.java:1354)
	at com.example.CineLogApplication.main(CineLogApplication.java:14)
	at java.base/jdk.internal.reflect.DirectMethodHandleAccessor.invoke(DirectMethodHandleAccessor.java:103)
	at java.base/java.lang.reflect.Method.invoke(Method.java:580)
	at org.springframework.boot.devtools.restart.RestartLauncher.run(RestartLauncher.java:52)
Caused by: java.sql.SQLSyntaxErrorException: ORA-00942: 테이블 또는 뷰가 존재하지 않습니다

https://docs.oracle.com/error-help/db/ora-00942/
	at oracle.jdbc.driver.T4CTTIoer11.processError(T4CTTIoer11.java:715)
	at oracle.jdbc.driver.T4CTTIoer11.processError(T4CTTIoer11.java:615)
	at oracle.jdbc.driver.T4C8Oall.processError(T4C8Oall.java:1372)
	at oracle.jdbc.driver.T4CTTIfun.receive(T4CTTIfun.java:972)
	at oracle.jdbc.driver.T4CTTIfun.doRPC(T4CTTIfun.java:237)
	at oracle.jdbc.driver.T4C8Oall.doOALL(T4C8Oall.java:524)
	at oracle.jdbc.driver.T4CStatement.doOall8(T4CStatement.java:197)
	at oracle.jdbc.driver.T4CStatement.executeForRows(T4CStatement.java:1408)
	at oracle.jdbc.driver.OracleStatement.executeSQLStatement(OracleStatement.java:2020)
	at oracle.jdbc.driver.OracleStatement.doExecuteWithTimeout(OracleStatement.java:1633)
	at oracle.jdbc.driver.OracleStatement.executeInternal(OracleStatement.java:2698)
	at oracle.jdbc.driver.OracleStatement.execute(OracleStatement.java:2647)
	at oracle.jdbc.driver.OracleStatementWrapper.execute(OracleStatementWrapper.java:349)
	at com.zaxxer.hikari.pool.ProxyStatement.execute(ProxyStatement.java:95)
	at com.zaxxer.hikari.pool.HikariProxyStatement.execute(HikariProxyStatement.java)
	at org.hibernate.tool.schema.internal.exec.GenerationTargetToDatabase.accept(GenerationTargetToDatabase.java:76)
	... 43 common frames omitted
Caused by: Error : 942, Position : 11, SQL = drop table tbl_reviews cascade constraints, Original SQL = drop table tbl_reviews cascade constraints, Error Message = ORA-00942: 테이블 또는 뷰가 존재하지 않습니다

	at oracle.jdbc.driver.T4CTTIoer11.processError(T4CTTIoer11.java:723)
	... 58 common frames omitted
2026-04-01 15:16:31 [restartedMain] WARN  o.h.t.s.i.ExceptionHandlerLoggedImpl - GenerationTarget encountered exception accepting command : Error executing DDL "drop sequence movie_seq" via JDBC [ORA-02289: 시퀀스가 존재하지 않습니다.

https://docs.oracle.com/error-help/db/ora-02289/]
org.hibernate.tool.schema.spi.CommandAcceptanceException: Error executing DDL "drop sequence movie_seq" via JDBC [ORA-02289: 시퀀스가 존재하지 않습니다.

https://docs.oracle.com/error-help/db/ora-02289/]
	at org.hibernate.tool.schema.internal.exec.GenerationTargetToDatabase.accept(GenerationTargetToDatabase.java:81)
	at org.hibernate.tool.schema.internal.Helper.applySqlString(Helper.java:218)
	at org.hibernate.tool.schema.internal.Helper.applySqlStrings(Helper.java:204)
	at org.hibernate.tool.schema.internal.SchemaDropperImpl.dropSequences(SchemaDropperImpl.java:335)
	at org.hibernate.tool.schema.internal.SchemaDropperImpl.dropConstraintsTablesSequences(SchemaDropperImpl.java:261)
	at org.hibernate.tool.schema.internal.SchemaDropperImpl.dropFromMetadata(SchemaDropperImpl.java:210)
	at org.hibernate.tool.schema.internal.SchemaDropperImpl.performDrop(SchemaDropperImpl.java:182)
	at org.hibernate.tool.schema.internal.SchemaDropperImpl.doDrop(SchemaDropperImpl.java:152)
	at org.hibernate.tool.schema.internal.SchemaDropperImpl.doDrop(SchemaDropperImpl.java:112)
	at org.hibernate.tool.schema.spi.SchemaManagementToolCoordinator.performDatabaseAction(SchemaManagementToolCoordinator.java:227)
	at org.hibernate.tool.schema.spi.SchemaManagementToolCoordinator.lambda$process$1(SchemaManagementToolCoordinator.java:101)
	at java.base/java.util.HashMap.forEach(HashMap.java:1429)
	at org.hibernate.tool.schema.spi.SchemaManagementToolCoordinator.process(SchemaManagementToolCoordinator.java:100)
	at org.hibernate.boot.internal.SessionFactoryObserverForSchemaExport.sessionFactoryCreated(SessionFactoryObserverForSchemaExport.java:35)
	at org.hibernate.internal.SessionFactoryObserverChain.sessionFactoryCreated(SessionFactoryObserverChain.java:33)
	at org.hibernate.internal.SessionFactoryImpl.<init>(SessionFactoryImpl.java:323)
	at org.hibernate.internal.SessionFactoryRegistry.instantiateSessionFactory(SessionFactoryRegistry.java:64)
	at org.hibernate.boot.internal.SessionFactoryBuilderImpl.build(SessionFactoryBuilderImpl.java:437)
	at org.hibernate.jpa.boot.internal.EntityManagerFactoryBuilderImpl.build(EntityManagerFactoryBuilderImpl.java:1456)
	at org.springframework.orm.jpa.vendor.SpringHibernateJpaPersistenceProvider.createContainerEntityManagerFactory(SpringHibernateJpaPersistenceProvider.java:93)
	at org.springframework.orm.jpa.LocalContainerEntityManagerFactoryBean.createNativeEntityManagerFactory(LocalContainerEntityManagerFactoryBean.java:443)
	at org.springframework.orm.jpa.AbstractEntityManagerFactoryBean.buildNativeEntityManagerFactory(AbstractEntityManagerFactoryBean.java:436)
	at org.springframework.orm.jpa.AbstractEntityManagerFactoryBean.afterPropertiesSet(AbstractEntityManagerFactoryBean.java:411)
	at org.springframework.orm.jpa.LocalContainerEntityManagerFactoryBean.afterPropertiesSet(LocalContainerEntityManagerFactoryBean.java:419)
	at org.springframework.beans.factory.support.AbstractAutowireCapableBeanFactory.invokeInitMethods(AbstractAutowireCapableBeanFactory.java:1864)
	at org.springframework.beans.factory.support.AbstractAutowireCapableBeanFactory.initializeBean(AbstractAutowireCapableBeanFactory.java:1813)
	at org.springframework.beans.factory.support.AbstractAutowireCapableBeanFactory.doCreateBean(AbstractAutowireCapableBeanFactory.java:603)
	at org.springframework.beans.factory.support.AbstractAutowireCapableBeanFactory.createBean(AbstractAutowireCapableBeanFactory.java:525)
	at org.springframework.beans.factory.support.AbstractBeanFactory.lambda$doGetBean$0(AbstractBeanFactory.java:333)
	at org.springframework.beans.factory.support.DefaultSingletonBeanRegistry.getSingleton(DefaultSingletonBeanRegistry.java:371)
	at org.springframework.beans.factory.support.AbstractBeanFactory.doGetBean(AbstractBeanFactory.java:331)
	at org.springframework.beans.factory.support.AbstractBeanFactory.getBean(AbstractBeanFactory.java:201)
	at org.springframework.context.support.AbstractApplicationContext.finishBeanFactoryInitialization(AbstractApplicationContext.java:977)
	at org.springframework.context.support.AbstractApplicationContext.refresh(AbstractApplicationContext.java:621)
	at org.springframework.boot.web.server.servlet.context.ServletWebServerApplicationContext.refresh(ServletWebServerApplicationContext.java:143)
	at org.springframework.boot.SpringApplication.refresh(SpringApplication.java:756)
	at org.springframework.boot.SpringApplication.refreshContext(SpringApplication.java:445)
	at org.springframework.boot.SpringApplication.run(SpringApplication.java:321)
	at org.springframework.boot.SpringApplication.run(SpringApplication.java:1365)
	at org.springframework.boot.SpringApplication.run(SpringApplication.java:1354)
	at com.example.CineLogApplication.main(CineLogApplication.java:14)
	at java.base/jdk.internal.reflect.DirectMethodHandleAccessor.invoke(DirectMethodHandleAccessor.java:103)
	at java.base/java.lang.reflect.Method.invoke(Method.java:580)
	at org.springframework.boot.devtools.restart.RestartLauncher.run(RestartLauncher.java:52)
Caused by: java.sql.SQLSyntaxErrorException: ORA-02289: 시퀀스가 존재하지 않습니다.

https://docs.oracle.com/error-help/db/ora-02289/
	at oracle.jdbc.driver.T4CTTIoer11.processError(T4CTTIoer11.java:715)
	at oracle.jdbc.driver.T4CTTIoer11.processError(T4CTTIoer11.java:615)
	at oracle.jdbc.driver.T4C8Oall.processError(T4C8Oall.java:1372)
	at oracle.jdbc.driver.T4CTTIfun.receive(T4CTTIfun.java:972)
	at oracle.jdbc.driver.T4CTTIfun.doRPC(T4CTTIfun.java:237)
	at oracle.jdbc.driver.T4C8Oall.doOALL(T4C8Oall.java:524)
	at oracle.jdbc.driver.T4CStatement.doOall8(T4CStatement.java:197)
	at oracle.jdbc.driver.T4CStatement.executeForRows(T4CStatement.java:1408)
	at oracle.jdbc.driver.OracleStatement.executeSQLStatement(OracleStatement.java:2020)
	at oracle.jdbc.driver.OracleStatement.doExecuteWithTimeout(OracleStatement.java:1633)
	at oracle.jdbc.driver.OracleStatement.executeInternal(OracleStatement.java:2698)
	at oracle.jdbc.driver.OracleStatement.execute(OracleStatement.java:2647)
	at oracle.jdbc.driver.OracleStatementWrapper.execute(OracleStatementWrapper.java:349)
	at com.zaxxer.hikari.pool.ProxyStatement.execute(ProxyStatement.java:95)
	at com.zaxxer.hikari.pool.HikariProxyStatement.execute(HikariProxyStatement.java)
	at org.hibernate.tool.schema.internal.exec.GenerationTargetToDatabase.accept(GenerationTargetToDatabase.java:76)
	... 43 common frames omitted
Caused by: Error : 2289, Position : 14, SQL = drop sequence movie_seq, Original SQL = drop sequence movie_seq, Error Message = ORA-02289: 시퀀스가 존재하지 않습니다.

	at oracle.jdbc.driver.T4CTTIoer11.processError(T4CTTIoer11.java:723)
	... 58 common frames omitted
2026-04-01 15:16:31 [restartedMain] WARN  o.h.t.s.i.ExceptionHandlerLoggedImpl - GenerationTarget encountered exception accepting command : Error executing DDL "drop sequence review_seq" via JDBC [ORA-02289: 시퀀스가 존재하지 않습니다.

https://docs.oracle.com/error-help/db/ora-02289/]
org.hibernate.tool.schema.spi.CommandAcceptanceException: Error executing DDL "drop sequence review_seq" via JDBC [ORA-02289: 시퀀스가 존재하지 않습니다.

https://docs.oracle.com/error-help/db/ora-02289/]
	at org.hibernate.tool.schema.internal.exec.GenerationTargetToDatabase.accept(GenerationTargetToDatabase.java:81)
	at org.hibernate.tool.schema.internal.Helper.applySqlString(Helper.java:218)
	at org.hibernate.tool.schema.internal.Helper.applySqlStrings(Helper.java:204)
	at org.hibernate.tool.schema.internal.SchemaDropperImpl.dropSequences(SchemaDropperImpl.java:335)
	at org.hibernate.tool.schema.internal.SchemaDropperImpl.dropConstraintsTablesSequences(SchemaDropperImpl.java:261)
	at org.hibernate.tool.schema.internal.SchemaDropperImpl.dropFromMetadata(SchemaDropperImpl.java:210)
	at org.hibernate.tool.schema.internal.SchemaDropperImpl.performDrop(SchemaDropperImpl.java:182)
	at org.hibernate.tool.schema.internal.SchemaDropperImpl.doDrop(SchemaDropperImpl.java:152)
	at org.hibernate.tool.schema.internal.SchemaDropperImpl.doDrop(SchemaDropperImpl.java:112)
	at org.hibernate.tool.schema.spi.SchemaManagementToolCoordinator.performDatabaseAction(SchemaManagementToolCoordinator.java:227)
	at org.hibernate.tool.schema.spi.SchemaManagementToolCoordinator.lambda$process$1(SchemaManagementToolCoordinator.java:101)
	at java.base/java.util.HashMap.forEach(HashMap.java:1429)
	at org.hibernate.tool.schema.spi.SchemaManagementToolCoordinator.process(SchemaManagementToolCoordinator.java:100)
	at org.hibernate.boot.internal.SessionFactoryObserverForSchemaExport.sessionFactoryCreated(SessionFactoryObserverForSchemaExport.java:35)
	at org.hibernate.internal.SessionFactoryObserverChain.sessionFactoryCreated(SessionFactoryObserverChain.java:33)
	at org.hibernate.internal.SessionFactoryImpl.<init>(SessionFactoryImpl.java:323)
	at org.hibernate.internal.SessionFactoryRegistry.instantiateSessionFactory(SessionFactoryRegistry.java:64)
	at org.hibernate.boot.internal.SessionFactoryBuilderImpl.build(SessionFactoryBuilderImpl.java:437)
	at org.hibernate.jpa.boot.internal.EntityManagerFactoryBuilderImpl.build(EntityManagerFactoryBuilderImpl.java:1456)
	at org.springframework.orm.jpa.vendor.SpringHibernateJpaPersistenceProvider.createContainerEntityManagerFactory(SpringHibernateJpaPersistenceProvider.java:93)
	at org.springframework.orm.jpa.LocalContainerEntityManagerFactoryBean.createNativeEntityManagerFactory(LocalContainerEntityManagerFactoryBean.java:443)
	at org.springframework.orm.jpa.AbstractEntityManagerFactoryBean.buildNativeEntityManagerFactory(AbstractEntityManagerFactoryBean.java:436)
	at org.springframework.orm.jpa.AbstractEntityManagerFactoryBean.afterPropertiesSet(AbstractEntityManagerFactoryBean.java:411)
	at org.springframework.orm.jpa.LocalContainerEntityManagerFactoryBean.afterPropertiesSet(LocalContainerEntityManagerFactoryBean.java:419)
	at org.springframework.beans.factory.support.AbstractAutowireCapableBeanFactory.invokeInitMethods(AbstractAutowireCapableBeanFactory.java:1864)
	at org.springframework.beans.factory.support.AbstractAutowireCapableBeanFactory.initializeBean(AbstractAutowireCapableBeanFactory.java:1813)
	at org.springframework.beans.factory.support.AbstractAutowireCapableBeanFactory.doCreateBean(AbstractAutowireCapableBeanFactory.java:603)
	at org.springframework.beans.factory.support.AbstractAutowireCapableBeanFactory.createBean(AbstractAutowireCapableBeanFactory.java:525)
	at org.springframework.beans.factory.support.AbstractBeanFactory.lambda$doGetBean$0(AbstractBeanFactory.java:333)
	at org.springframework.beans.factory.support.DefaultSingletonBeanRegistry.getSingleton(DefaultSingletonBeanRegistry.java:371)
	at org.springframework.beans.factory.support.AbstractBeanFactory.doGetBean(AbstractBeanFactory.java:331)
	at org.springframework.beans.factory.support.AbstractBeanFactory.getBean(AbstractBeanFactory.java:201)
	at org.springframework.context.support.AbstractApplicationContext.finishBeanFactoryInitialization(AbstractApplicationContext.java:977)
	at org.springframework.context.support.AbstractApplicationContext.refresh(AbstractApplicationContext.java:621)
	at org.springframework.boot.web.server.servlet.context.ServletWebServerApplicationContext.refresh(ServletWebServerApplicationContext.java:143)
	at org.springframework.boot.SpringApplication.refresh(SpringApplication.java:756)
	at org.springframework.boot.SpringApplication.refreshContext(SpringApplication.java:445)
	at org.springframework.boot.SpringApplication.run(SpringApplication.java:321)
	at org.springframework.boot.SpringApplication.run(SpringApplication.java:1365)
	at org.springframework.boot.SpringApplication.run(SpringApplication.java:1354)
	at com.example.CineLogApplication.main(CineLogApplication.java:14)
	at java.base/jdk.internal.reflect.DirectMethodHandleAccessor.invoke(DirectMethodHandleAccessor.java:103)
	at java.base/java.lang.reflect.Method.invoke(Method.java:580)
	at org.springframework.boot.devtools.restart.RestartLauncher.run(RestartLauncher.java:52)
Caused by: java.sql.SQLSyntaxErrorException: ORA-02289: 시퀀스가 존재하지 않습니다.

https://docs.oracle.com/error-help/db/ora-02289/
	at oracle.jdbc.driver.T4CTTIoer11.processError(T4CTTIoer11.java:715)
	at oracle.jdbc.driver.T4CTTIoer11.processError(T4CTTIoer11.java:615)
	at oracle.jdbc.driver.T4C8Oall.processError(T4C8Oall.java:1372)
	at oracle.jdbc.driver.T4CTTIfun.receive(T4CTTIfun.java:972)
	at oracle.jdbc.driver.T4CTTIfun.doRPC(T4CTTIfun.java:237)
	at oracle.jdbc.driver.T4C8Oall.doOALL(T4C8Oall.java:524)
	at oracle.jdbc.driver.T4CStatement.doOall8(T4CStatement.java:197)
	at oracle.jdbc.driver.T4CStatement.executeForRows(T4CStatement.java:1408)
	at oracle.jdbc.driver.OracleStatement.executeSQLStatement(OracleStatement.java:2020)
	at oracle.jdbc.driver.OracleStatement.doExecuteWithTimeout(OracleStatement.java:1633)
	at oracle.jdbc.driver.OracleStatement.executeInternal(OracleStatement.java:2698)
	at oracle.jdbc.driver.OracleStatement.execute(OracleStatement.java:2647)
	at oracle.jdbc.driver.OracleStatementWrapper.execute(OracleStatementWrapper.java:349)
	at com.zaxxer.hikari.pool.ProxyStatement.execute(ProxyStatement.java:95)
	at com.zaxxer.hikari.pool.HikariProxyStatement.execute(HikariProxyStatement.java)
	at org.hibernate.tool.schema.internal.exec.GenerationTargetToDatabase.accept(GenerationTargetToDatabase.java:76)
	... 43 common frames omitted
Caused by: Error : 2289, Position : 14, SQL = drop sequence review_seq, Original SQL = drop sequence review_seq, Error Message = ORA-02289: 시퀀스가 존재하지 않습니다.

	at oracle.jdbc.driver.T4CTTIoer11.processError(T4CTTIoer11.java:723)
	... 58 common frames omitted
2026-04-01 15:16:31 [restartedMain] INFO  o.s.o.j.LocalContainerEntityManagerFactoryBean - Initialized JPA EntityManagerFactory for persistence unit 'default'
2026-04-01 15:16:31 [restartedMain] INFO  o.s.d.j.r.q.QueryEnhancerFactories - Hibernate is in classpath; If applicable, HQL parser will be used.
2026-04-01 15:16:32 [restartedMain] WARN  o.s.b.j.a.JpaBaseConfiguration$JpaWebConfiguration - spring.jpa.open-in-view is enabled by default. Therefore, database queries may be performed during view rendering. Explicitly configure spring.jpa.open-in-view to disable this warning
2026-04-01 15:16:32 [restartedMain] INFO  o.s.s.c.a.a.c.InitializeUserDetailsBeanManagerConfigurer$InitializeUserDetailsManagerConfigurer - Global AuthenticationManager configured with UserDetailsService bean with name memberDetailsService
2026-04-01 15:16:32 [restartedMain] INFO  o.s.b.w.a.WelcomePageHandlerMapping - Adding welcome page template: index
2026-04-01 15:16:32 [restartedMain] INFO  o.a.coyote.http11.Http11NioProtocol - Starting ProtocolHandler ["http-nio-8092"]
2026-04-01 15:16:32 [restartedMain] INFO  o.s.boot.tomcat.TomcatWebServer - Tomcat started on port 8092 (http) with context path '/'
2026-04-01 15:16:32 [restartedMain] INFO  com.example.CineLogApplication - Started CineLogApplication in 4.33 seconds (process running for 4.824)
2026-04-01 15:16:41 [RMI TCP Connection(6)-127.0.0.1] INFO  o.s.b.a.SpringApplicationAdminMXBeanRegistrar$SpringApplicationAdmin - Application shutdown requested.
2026-04-01 15:16:41 [RMI TCP Connection(6)-127.0.0.1] INFO  o.s.boot.tomcat.GracefulShutdown - Commencing graceful shutdown. Waiting for active requests to complete
2026-04-01 15:16:41 [tomcat-shutdown] INFO  o.a.coyote.http11.Http11NioProtocol - Pausing ProtocolHandler ["http-nio-8092"]
2026-04-01 15:16:41 [tomcat-shutdown] INFO  o.s.boot.tomcat.GracefulShutdown - Graceful shutdown complete
2026-04-01 15:16:41 [RMI TCP Connection(6)-127.0.0.1] INFO  o.a.coyote.http11.Http11NioProtocol - Stopping ProtocolHandler ["http-nio-8092"]
2026-04-01 15:16:41 [RMI TCP Connection(6)-127.0.0.1] INFO  o.s.o.j.LocalContainerEntityManagerFactoryBean - Closing JPA EntityManagerFactory for persistence unit 'default'
2026-04-01 15:16:41 [RMI TCP Connection(6)-127.0.0.1] INFO  com.zaxxer.hikari.HikariDataSource - HikariPool-1 - Shutdown initiated...
2026-04-01 15:16:41 [RMI TCP Connection(6)-127.0.0.1] INFO  com.zaxxer.hikari.HikariDataSource - HikariPool-1 - Shutdown completed.
2026-04-01 15:16:42 [background-preinit] INFO  o.h.validator.internal.util.Version - HV000001: Hibernate Validator 9.0.1.Final
2026-04-01 15:16:42 [restartedMain] INFO  com.example.CineLogApplication - Starting CineLogApplication using Java 21.0.10 with PID 6300 (C:\Dev\WS_sts\cinelog\bin\main started by GGG in C:\Dev\WS_sts\cinelog)
2026-04-01 15:16:42 [restartedMain] INFO  com.example.CineLogApplication - No active profile set, falling back to 1 default profile: "default"
2026-04-01 15:16:42 [restartedMain] INFO  o.s.b.d.restart.ChangeableUrls - The Class-Path manifest attribute in C:\Users\GGG\.gradle\caches\modules-2\files-2.1\com.oracle.database.jdbc\ojdbc11\23.9.0.25.07\4fe3479be8322eaac43f1cd0fb5818e93048201d\ojdbc11-23.9.0.25.07.jar referenced one or more files that do not exist: file:/C:/Users/GGG/.gradle/caches/modules-2/files-2.1/com.oracle.database.jdbc/ojdbc11/23.9.0.25.07/4fe3479be8322eaac43f1cd0fb5818e93048201d/oraclepki.jar
2026-04-01 15:16:42 [restartedMain] INFO  o.s.b.d.e.DevToolsPropertyDefaultsPostProcessor - Devtools property defaults active! Set 'spring.devtools.add-properties' to 'false' to disable
2026-04-01 15:16:42 [restartedMain] INFO  o.s.b.d.e.DevToolsPropertyDefaultsPostProcessor - For additional web related logging consider setting the 'logging.level.web' property to 'DEBUG'
2026-04-01 15:16:43 [restartedMain] INFO  o.s.d.r.c.RepositoryConfigurationDelegate - Bootstrapping Spring Data JPA repositories in DEFAULT mode.
2026-04-01 15:16:43 [restartedMain] INFO  o.s.d.r.c.RepositoryConfigurationDelegate - Finished Spring Data repository scanning in 33 ms. Found 3 JPA repository interfaces.
2026-04-01 15:16:43 [restartedMain] INFO  o.s.boot.tomcat.TomcatWebServer - Tomcat initialized with port 8092 (http)
2026-04-01 15:16:43 [restartedMain] INFO  o.a.coyote.http11.Http11NioProtocol - Initializing ProtocolHandler ["http-nio-8092"]
2026-04-01 15:16:43 [restartedMain] INFO  o.a.catalina.core.StandardService - Starting service [Tomcat]
2026-04-01 15:16:43 [restartedMain] INFO  o.a.catalina.core.StandardEngine - Starting Servlet engine: [Apache Tomcat/11.0.20]
2026-04-01 15:16:43 [restartedMain] INFO  o.s.b.w.c.s.WebApplicationContextInitializer - Root WebApplicationContext: initialization completed in 997 ms
2026-04-01 15:16:44 [restartedMain] INFO  org.hibernate.orm.jpa - HHH008540: Processing PersistenceUnitInfo [name: default]
2026-04-01 15:16:44 [restartedMain] INFO  org.hibernate.orm.core - HHH000001: Hibernate ORM core version 7.2.7.Final
2026-04-01 15:16:44 [restartedMain] INFO  o.s.o.j.p.SpringPersistenceUnitInfo - No LoadTimeWeaver setup: ignoring JPA class transformer
2026-04-01 15:16:44 [restartedMain] INFO  com.zaxxer.hikari.HikariDataSource - HikariPool-1 - Starting...
2026-04-01 15:16:44 [restartedMain] INFO  com.zaxxer.hikari.pool.HikariPool - HikariPool-1 - Added connection oracle.jdbc.driver.T4CConnection@1b960345
2026-04-01 15:16:44 [restartedMain] INFO  com.zaxxer.hikari.HikariDataSource - HikariPool-1 - Start completed.
2026-04-01 15:16:44 [restartedMain] WARN  org.hibernate.orm.jdbc - HHH100123: Low default JDBC fetch size: 10 (consider setting 'hibernate.jdbc.fetch_size')
2026-04-01 15:16:44 [restartedMain] INFO  o.hibernate.orm.connections.pooling - HHH10001005: Database info:
	Database JDBC URL [jdbc:oracle:thin:@//localhost:1521/testdb]
	Database driver: Oracle JDBC driver
	Database dialect: OracleDialect
	Database version: 19.3
	Default catalog/schema: undefined/GREEN
	Autocommit mode: undefined/unknown
	Isolation level: READ_COMMITTED [default READ_COMMITTED]
	JDBC fetch size: 10
	Pool: DataSourceConnectionProvider
	Minimum pool size: undefined/unknown
	Maximum pool size: undefined/unknown
2026-04-01 15:16:45 [restartedMain] INFO  org.hibernate.orm.core - HHH000489: No JTA platform available (set 'hibernate.transaction.jta.platform' to enable JTA platform integration)
2026-04-01 15:16:45 [restartedMain] WARN  o.h.t.s.i.ExceptionHandlerLoggedImpl - GenerationTarget encountered exception accepting command : Error executing DDL "drop table tbl_movie_members cascade constraints" via JDBC [ORA-00942: 테이블 또는 뷰가 존재하지 않습니다

https://docs.oracle.com/error-help/db/ora-00942/]
org.hibernate.tool.schema.spi.CommandAcceptanceException: Error executing DDL "drop table tbl_movie_members cascade constraints" via JDBC [ORA-00942: 테이블 또는 뷰가 존재하지 않습니다

https://docs.oracle.com/error-help/db/ora-00942/]
	at org.hibernate.tool.schema.internal.exec.GenerationTargetToDatabase.accept(GenerationTargetToDatabase.java:81)
	at org.hibernate.tool.schema.internal.Helper.applySqlString(Helper.java:218)
	at org.hibernate.tool.schema.internal.Helper.applySqlStrings(Helper.java:204)
	at org.hibernate.tool.schema.internal.SchemaDropperImpl.dropTables(SchemaDropperImpl.java:376)
	at org.hibernate.tool.schema.internal.SchemaDropperImpl.dropConstraintsTablesSequences(SchemaDropperImpl.java:248)
	at org.hibernate.tool.schema.internal.SchemaDropperImpl.dropFromMetadata(SchemaDropperImpl.java:210)
	at org.hibernate.tool.schema.internal.SchemaDropperImpl.performDrop(SchemaDropperImpl.java:182)
	at org.hibernate.tool.schema.internal.SchemaDropperImpl.doDrop(SchemaDropperImpl.java:152)
	at org.hibernate.tool.schema.internal.SchemaDropperImpl.doDrop(SchemaDropperImpl.java:112)
	at org.hibernate.tool.schema.spi.SchemaManagementToolCoordinator.performDatabaseAction(SchemaManagementToolCoordinator.java:227)
	at org.hibernate.tool.schema.spi.SchemaManagementToolCoordinator.lambda$process$1(SchemaManagementToolCoordinator.java:101)
	at java.base/java.util.HashMap.forEach(HashMap.java:1429)
	at org.hibernate.tool.schema.spi.SchemaManagementToolCoordinator.process(SchemaManagementToolCoordinator.java:100)
	at org.hibernate.boot.internal.SessionFactoryObserverForSchemaExport.sessionFactoryCreated(SessionFactoryObserverForSchemaExport.java:35)
	at org.hibernate.internal.SessionFactoryObserverChain.sessionFactoryCreated(SessionFactoryObserverChain.java:33)
	at org.hibernate.internal.SessionFactoryImpl.<init>(SessionFactoryImpl.java:323)
	at org.hibernate.internal.SessionFactoryRegistry.instantiateSessionFactory(SessionFactoryRegistry.java:64)
	at org.hibernate.boot.internal.SessionFactoryBuilderImpl.build(SessionFactoryBuilderImpl.java:437)
	at org.hibernate.jpa.boot.internal.EntityManagerFactoryBuilderImpl.build(EntityManagerFactoryBuilderImpl.java:1456)
	at org.springframework.orm.jpa.vendor.SpringHibernateJpaPersistenceProvider.createContainerEntityManagerFactory(SpringHibernateJpaPersistenceProvider.java:93)
	at org.springframework.orm.jpa.LocalContainerEntityManagerFactoryBean.createNativeEntityManagerFactory(LocalContainerEntityManagerFactoryBean.java:443)
	at org.springframework.orm.jpa.AbstractEntityManagerFactoryBean.buildNativeEntityManagerFactory(AbstractEntityManagerFactoryBean.java:436)
	at org.springframework.orm.jpa.AbstractEntityManagerFactoryBean.afterPropertiesSet(AbstractEntityManagerFactoryBean.java:411)
	at org.springframework.orm.jpa.LocalContainerEntityManagerFactoryBean.afterPropertiesSet(LocalContainerEntityManagerFactoryBean.java:419)
	at org.springframework.beans.factory.support.AbstractAutowireCapableBeanFactory.invokeInitMethods(AbstractAutowireCapableBeanFactory.java:1864)
	at org.springframework.beans.factory.support.AbstractAutowireCapableBeanFactory.initializeBean(AbstractAutowireCapableBeanFactory.java:1813)
	at org.springframework.beans.factory.support.AbstractAutowireCapableBeanFactory.doCreateBean(AbstractAutowireCapableBeanFactory.java:603)
	at org.springframework.beans.factory.support.AbstractAutowireCapableBeanFactory.createBean(AbstractAutowireCapableBeanFactory.java:525)
	at org.springframework.beans.factory.support.AbstractBeanFactory.lambda$doGetBean$0(AbstractBeanFactory.java:333)
	at org.springframework.beans.factory.support.DefaultSingletonBeanRegistry.getSingleton(DefaultSingletonBeanRegistry.java:371)
	at org.springframework.beans.factory.support.AbstractBeanFactory.doGetBean(AbstractBeanFactory.java:331)
	at org.springframework.beans.factory.support.AbstractBeanFactory.getBean(AbstractBeanFactory.java:201)
	at org.springframework.context.support.AbstractApplicationContext.finishBeanFactoryInitialization(AbstractApplicationContext.java:977)
	at org.springframework.context.support.AbstractApplicationContext.refresh(AbstractApplicationContext.java:621)
	at org.springframework.boot.web.server.servlet.context.ServletWebServerApplicationContext.refresh(ServletWebServerApplicationContext.java:143)
	at org.springframework.boot.SpringApplication.refresh(SpringApplication.java:756)
	at org.springframework.boot.SpringApplication.refreshContext(SpringApplication.java:445)
	at org.springframework.boot.SpringApplication.run(SpringApplication.java:321)
	at org.springframework.boot.SpringApplication.run(SpringApplication.java:1365)
	at org.springframework.boot.SpringApplication.run(SpringApplication.java:1354)
	at com.example.CineLogApplication.main(CineLogApplication.java:14)
	at java.base/jdk.internal.reflect.DirectMethodHandleAccessor.invoke(DirectMethodHandleAccessor.java:103)
	at java.base/java.lang.reflect.Method.invoke(Method.java:580)
	at org.springframework.boot.devtools.restart.RestartLauncher.run(RestartLauncher.java:52)
Caused by: java.sql.SQLSyntaxErrorException: ORA-00942: 테이블 또는 뷰가 존재하지 않습니다

https://docs.oracle.com/error-help/db/ora-00942/
	at oracle.jdbc.driver.T4CTTIoer11.processError(T4CTTIoer11.java:715)
	at oracle.jdbc.driver.T4CTTIoer11.processError(T4CTTIoer11.java:615)
	at oracle.jdbc.driver.T4C8Oall.processError(T4C8Oall.java:1372)
	at oracle.jdbc.driver.T4CTTIfun.receive(T4CTTIfun.java:972)
	at oracle.jdbc.driver.T4CTTIfun.doRPC(T4CTTIfun.java:237)
	at oracle.jdbc.driver.T4C8Oall.doOALL(T4C8Oall.java:524)
	at oracle.jdbc.driver.T4CStatement.doOall8(T4CStatement.java:197)
	at oracle.jdbc.driver.T4CStatement.executeForRows(T4CStatement.java:1408)
	at oracle.jdbc.driver.OracleStatement.executeSQLStatement(OracleStatement.java:2020)
	at oracle.jdbc.driver.OracleStatement.doExecuteWithTimeout(OracleStatement.java:1633)
	at oracle.jdbc.driver.OracleStatement.executeInternal(OracleStatement.java:2698)
	at oracle.jdbc.driver.OracleStatement.execute(OracleStatement.java:2647)
	at oracle.jdbc.driver.OracleStatementWrapper.execute(OracleStatementWrapper.java:349)
	at com.zaxxer.hikari.pool.ProxyStatement.execute(ProxyStatement.java:95)
	at com.zaxxer.hikari.pool.HikariProxyStatement.execute(HikariProxyStatement.java)
	at org.hibernate.tool.schema.internal.exec.GenerationTargetToDatabase.accept(GenerationTargetToDatabase.java:76)
	... 43 common frames omitted
Caused by: Error : 942, Position : 11, SQL = drop table tbl_movie_members cascade constraints, Original SQL = drop table tbl_movie_members cascade constraints, Error Message = ORA-00942: 테이블 또는 뷰가 존재하지 않습니다

	at oracle.jdbc.driver.T4CTTIoer11.processError(T4CTTIoer11.java:723)
	... 58 common frames omitted
2026-04-01 15:16:45 [restartedMain] WARN  o.h.t.s.i.ExceptionHandlerLoggedImpl - GenerationTarget encountered exception accepting command : Error executing DDL "drop table tbl_movies cascade constraints" via JDBC [ORA-00942: 테이블 또는 뷰가 존재하지 않습니다

https://docs.oracle.com/error-help/db/ora-00942/]
org.hibernate.tool.schema.spi.CommandAcceptanceException: Error executing DDL "drop table tbl_movies cascade constraints" via JDBC [ORA-00942: 테이블 또는 뷰가 존재하지 않습니다

https://docs.oracle.com/error-help/db/ora-00942/]
	at org.hibernate.tool.schema.internal.exec.GenerationTargetToDatabase.accept(GenerationTargetToDatabase.java:81)
	at org.hibernate.tool.schema.internal.Helper.applySqlString(Helper.java:218)
	at org.hibernate.tool.schema.internal.Helper.applySqlStrings(Helper.java:204)
	at org.hibernate.tool.schema.internal.SchemaDropperImpl.dropTables(SchemaDropperImpl.java:376)
	at org.hibernate.tool.schema.internal.SchemaDropperImpl.dropConstraintsTablesSequences(SchemaDropperImpl.java:248)
	at org.hibernate.tool.schema.internal.SchemaDropperImpl.dropFromMetadata(SchemaDropperImpl.java:210)
	at org.hibernate.tool.schema.internal.SchemaDropperImpl.performDrop(SchemaDropperImpl.java:182)
	at org.hibernate.tool.schema.internal.SchemaDropperImpl.doDrop(SchemaDropperImpl.java:152)
	at org.hibernate.tool.schema.internal.SchemaDropperImpl.doDrop(SchemaDropperImpl.java:112)
	at org.hibernate.tool.schema.spi.SchemaManagementToolCoordinator.performDatabaseAction(SchemaManagementToolCoordinator.java:227)
	at org.hibernate.tool.schema.spi.SchemaManagementToolCoordinator.lambda$process$1(SchemaManagementToolCoordinator.java:101)
	at java.base/java.util.HashMap.forEach(HashMap.java:1429)
	at org.hibernate.tool.schema.spi.SchemaManagementToolCoordinator.process(SchemaManagementToolCoordinator.java:100)
	at org.hibernate.boot.internal.SessionFactoryObserverForSchemaExport.sessionFactoryCreated(SessionFactoryObserverForSchemaExport.java:35)
	at org.hibernate.internal.SessionFactoryObserverChain.sessionFactoryCreated(SessionFactoryObserverChain.java:33)
	at org.hibernate.internal.SessionFactoryImpl.<init>(SessionFactoryImpl.java:323)
	at org.hibernate.internal.SessionFactoryRegistry.instantiateSessionFactory(SessionFactoryRegistry.java:64)
	at org.hibernate.boot.internal.SessionFactoryBuilderImpl.build(SessionFactoryBuilderImpl.java:437)
	at org.hibernate.jpa.boot.internal.EntityManagerFactoryBuilderImpl.build(EntityManagerFactoryBuilderImpl.java:1456)
	at org.springframework.orm.jpa.vendor.SpringHibernateJpaPersistenceProvider.createContainerEntityManagerFactory(SpringHibernateJpaPersistenceProvider.java:93)
	at org.springframework.orm.jpa.LocalContainerEntityManagerFactoryBean.createNativeEntityManagerFactory(LocalContainerEntityManagerFactoryBean.java:443)
	at org.springframework.orm.jpa.AbstractEntityManagerFactoryBean.buildNativeEntityManagerFactory(AbstractEntityManagerFactoryBean.java:436)
	at org.springframework.orm.jpa.AbstractEntityManagerFactoryBean.afterPropertiesSet(AbstractEntityManagerFactoryBean.java:411)
	at org.springframework.orm.jpa.LocalContainerEntityManagerFactoryBean.afterPropertiesSet(LocalContainerEntityManagerFactoryBean.java:419)
	at org.springframework.beans.factory.support.AbstractAutowireCapableBeanFactory.invokeInitMethods(AbstractAutowireCapableBeanFactory.java:1864)
	at org.springframework.beans.factory.support.AbstractAutowireCapableBeanFactory.initializeBean(AbstractAutowireCapableBeanFactory.java:1813)
	at org.springframework.beans.factory.support.AbstractAutowireCapableBeanFactory.doCreateBean(AbstractAutowireCapableBeanFactory.java:603)
	at org.springframework.beans.factory.support.AbstractAutowireCapableBeanFactory.createBean(AbstractAutowireCapableBeanFactory.java:525)
	at org.springframework.beans.factory.support.AbstractBeanFactory.lambda$doGetBean$0(AbstractBeanFactory.java:333)
	at org.springframework.beans.factory.support.DefaultSingletonBeanRegistry.getSingleton(DefaultSingletonBeanRegistry.java:371)
	at org.springframework.beans.factory.support.AbstractBeanFactory.doGetBean(AbstractBeanFactory.java:331)
	at org.springframework.beans.factory.support.AbstractBeanFactory.getBean(AbstractBeanFactory.java:201)
	at org.springframework.context.support.AbstractApplicationContext.finishBeanFactoryInitialization(AbstractApplicationContext.java:977)
	at org.springframework.context.support.AbstractApplicationContext.refresh(AbstractApplicationContext.java:621)
	at org.springframework.boot.web.server.servlet.context.ServletWebServerApplicationContext.refresh(ServletWebServerApplicationContext.java:143)
	at org.springframework.boot.SpringApplication.refresh(SpringApplication.java:756)
	at org.springframework.boot.SpringApplication.refreshContext(SpringApplication.java:445)
	at org.springframework.boot.SpringApplication.run(SpringApplication.java:321)
	at org.springframework.boot.SpringApplication.run(SpringApplication.java:1365)
	at org.springframework.boot.SpringApplication.run(SpringApplication.java:1354)
	at com.example.CineLogApplication.main(CineLogApplication.java:14)
	at java.base/jdk.internal.reflect.DirectMethodHandleAccessor.invoke(DirectMethodHandleAccessor.java:103)
	at java.base/java.lang.reflect.Method.invoke(Method.java:580)
	at org.springframework.boot.devtools.restart.RestartLauncher.run(RestartLauncher.java:52)
Caused by: java.sql.SQLSyntaxErrorException: ORA-00942: 테이블 또는 뷰가 존재하지 않습니다

https://docs.oracle.com/error-help/db/ora-00942/
	at oracle.jdbc.driver.T4CTTIoer11.processError(T4CTTIoer11.java:715)
	at oracle.jdbc.driver.T4CTTIoer11.processError(T4CTTIoer11.java:615)
	at oracle.jdbc.driver.T4C8Oall.processError(T4C8Oall.java:1372)
	at oracle.jdbc.driver.T4CTTIfun.receive(T4CTTIfun.java:972)
	at oracle.jdbc.driver.T4CTTIfun.doRPC(T4CTTIfun.java:237)
	at oracle.jdbc.driver.T4C8Oall.doOALL(T4C8Oall.java:524)
	at oracle.jdbc.driver.T4CStatement.doOall8(T4CStatement.java:197)
	at oracle.jdbc.driver.T4CStatement.executeForRows(T4CStatement.java:1408)
	at oracle.jdbc.driver.OracleStatement.executeSQLStatement(OracleStatement.java:2020)
	at oracle.jdbc.driver.OracleStatement.doExecuteWithTimeout(OracleStatement.java:1633)
	at oracle.jdbc.driver.OracleStatement.executeInternal(OracleStatement.java:2698)
	at oracle.jdbc.driver.OracleStatement.execute(OracleStatement.java:2647)
	at oracle.jdbc.driver.OracleStatementWrapper.execute(OracleStatementWrapper.java:349)
	at com.zaxxer.hikari.pool.ProxyStatement.execute(ProxyStatement.java:95)
	at com.zaxxer.hikari.pool.HikariProxyStatement.execute(HikariProxyStatement.java)
	at org.hibernate.tool.schema.internal.exec.GenerationTargetToDatabase.accept(GenerationTargetToDatabase.java:76)
	... 43 common frames omitted
Caused by: Error : 942, Position : 11, SQL = drop table tbl_movies cascade constraints, Original SQL = drop table tbl_movies cascade constraints, Error Message = ORA-00942: 테이블 또는 뷰가 존재하지 않습니다

	at oracle.jdbc.driver.T4CTTIoer11.processError(T4CTTIoer11.java:723)
	... 58 common frames omitted
2026-04-01 15:16:45 [restartedMain] WARN  o.h.t.s.i.ExceptionHandlerLoggedImpl - GenerationTarget encountered exception accepting command : Error executing DDL "drop table tbl_reviews cascade constraints" via JDBC [ORA-00942: 테이블 또는 뷰가 존재하지 않습니다

https://docs.oracle.com/error-help/db/ora-00942/]
org.hibernate.tool.schema.spi.CommandAcceptanceException: Error executing DDL "drop table tbl_reviews cascade constraints" via JDBC [ORA-00942: 테이블 또는 뷰가 존재하지 않습니다

https://docs.oracle.com/error-help/db/ora-00942/]
	at org.hibernate.tool.schema.internal.exec.GenerationTargetToDatabase.accept(GenerationTargetToDatabase.java:81)
	at org.hibernate.tool.schema.internal.Helper.applySqlString(Helper.java:218)
	at org.hibernate.tool.schema.internal.Helper.applySqlStrings(Helper.java:204)
	at org.hibernate.tool.schema.internal.SchemaDropperImpl.dropTables(SchemaDropperImpl.java:376)
	at org.hibernate.tool.schema.internal.SchemaDropperImpl.dropConstraintsTablesSequences(SchemaDropperImpl.java:248)
	at org.hibernate.tool.schema.internal.SchemaDropperImpl.dropFromMetadata(SchemaDropperImpl.java:210)
	at org.hibernate.tool.schema.internal.SchemaDropperImpl.performDrop(SchemaDropperImpl.java:182)
	at org.hibernate.tool.schema.internal.SchemaDropperImpl.doDrop(SchemaDropperImpl.java:152)
	at org.hibernate.tool.schema.internal.SchemaDropperImpl.doDrop(SchemaDropperImpl.java:112)
	at org.hibernate.tool.schema.spi.SchemaManagementToolCoordinator.performDatabaseAction(SchemaManagementToolCoordinator.java:227)
	at org.hibernate.tool.schema.spi.SchemaManagementToolCoordinator.lambda$process$1(SchemaManagementToolCoordinator.java:101)
	at java.base/java.util.HashMap.forEach(HashMap.java:1429)
	at org.hibernate.tool.schema.spi.SchemaManagementToolCoordinator.process(SchemaManagementToolCoordinator.java:100)
	at org.hibernate.boot.internal.SessionFactoryObserverForSchemaExport.sessionFactoryCreated(SessionFactoryObserverForSchemaExport.java:35)
	at org.hibernate.internal.SessionFactoryObserverChain.sessionFactoryCreated(SessionFactoryObserverChain.java:33)
	at org.hibernate.internal.SessionFactoryImpl.<init>(SessionFactoryImpl.java:323)
	at org.hibernate.internal.SessionFactoryRegistry.instantiateSessionFactory(SessionFactoryRegistry.java:64)
	at org.hibernate.boot.internal.SessionFactoryBuilderImpl.build(SessionFactoryBuilderImpl.java:437)
	at org.hibernate.jpa.boot.internal.EntityManagerFactoryBuilderImpl.build(EntityManagerFactoryBuilderImpl.java:1456)
	at org.springframework.orm.jpa.vendor.SpringHibernateJpaPersistenceProvider.createContainerEntityManagerFactory(SpringHibernateJpaPersistenceProvider.java:93)
	at org.springframework.orm.jpa.LocalContainerEntityManagerFactoryBean.createNativeEntityManagerFactory(LocalContainerEntityManagerFactoryBean.java:443)
	at org.springframework.orm.jpa.AbstractEntityManagerFactoryBean.buildNativeEntityManagerFactory(AbstractEntityManagerFactoryBean.java:436)
	at org.springframework.orm.jpa.AbstractEntityManagerFactoryBean.afterPropertiesSet(AbstractEntityManagerFactoryBean.java:411)
	at org.springframework.orm.jpa.LocalContainerEntityManagerFactoryBean.afterPropertiesSet(LocalContainerEntityManagerFactoryBean.java:419)
	at org.springframework.beans.factory.support.AbstractAutowireCapableBeanFactory.invokeInitMethods(AbstractAutowireCapableBeanFactory.java:1864)
	at org.springframework.beans.factory.support.AbstractAutowireCapableBeanFactory.initializeBean(AbstractAutowireCapableBeanFactory.java:1813)
	at org.springframework.beans.factory.support.AbstractAutowireCapableBeanFactory.doCreateBean(AbstractAutowireCapableBeanFactory.java:603)
	at org.springframework.beans.factory.support.AbstractAutowireCapableBeanFactory.createBean(AbstractAutowireCapableBeanFactory.java:525)
	at org.springframework.beans.factory.support.AbstractBeanFactory.lambda$doGetBean$0(AbstractBeanFactory.java:333)
	at org.springframework.beans.factory.support.DefaultSingletonBeanRegistry.getSingleton(DefaultSingletonBeanRegistry.java:371)
	at org.springframework.beans.factory.support.AbstractBeanFactory.doGetBean(AbstractBeanFactory.java:331)
	at org.springframework.beans.factory.support.AbstractBeanFactory.getBean(AbstractBeanFactory.java:201)
	at org.springframework.context.support.AbstractApplicationContext.finishBeanFactoryInitialization(AbstractApplicationContext.java:977)
	at org.springframework.context.support.AbstractApplicationContext.refresh(AbstractApplicationContext.java:621)
	at org.springframework.boot.web.server.servlet.context.ServletWebServerApplicationContext.refresh(ServletWebServerApplicationContext.java:143)
	at org.springframework.boot.SpringApplication.refresh(SpringApplication.java:756)
	at org.springframework.boot.SpringApplication.refreshContext(SpringApplication.java:445)
	at org.springframework.boot.SpringApplication.run(SpringApplication.java:321)
	at org.springframework.boot.SpringApplication.run(SpringApplication.java:1365)
	at org.springframework.boot.SpringApplication.run(SpringApplication.java:1354)
	at com.example.CineLogApplication.main(CineLogApplication.java:14)
	at java.base/jdk.internal.reflect.DirectMethodHandleAccessor.invoke(DirectMethodHandleAccessor.java:103)
	at java.base/java.lang.reflect.Method.invoke(Method.java:580)
	at org.springframework.boot.devtools.restart.RestartLauncher.run(RestartLauncher.java:52)
Caused by: java.sql.SQLSyntaxErrorException: ORA-00942: 테이블 또는 뷰가 존재하지 않습니다

https://docs.oracle.com/error-help/db/ora-00942/
	at oracle.jdbc.driver.T4CTTIoer11.processError(T4CTTIoer11.java:715)
	at oracle.jdbc.driver.T4CTTIoer11.processError(T4CTTIoer11.java:615)
	at oracle.jdbc.driver.T4C8Oall.processError(T4C8Oall.java:1372)
	at oracle.jdbc.driver.T4CTTIfun.receive(T4CTTIfun.java:972)
	at oracle.jdbc.driver.T4CTTIfun.doRPC(T4CTTIfun.java:237)
	at oracle.jdbc.driver.T4C8Oall.doOALL(T4C8Oall.java:524)
	at oracle.jdbc.driver.T4CStatement.doOall8(T4CStatement.java:197)
	at oracle.jdbc.driver.T4CStatement.executeForRows(T4CStatement.java:1408)
	at oracle.jdbc.driver.OracleStatement.executeSQLStatement(OracleStatement.java:2020)
	at oracle.jdbc.driver.OracleStatement.doExecuteWithTimeout(OracleStatement.java:1633)
	at oracle.jdbc.driver.OracleStatement.executeInternal(OracleStatement.java:2698)
	at oracle.jdbc.driver.OracleStatement.execute(OracleStatement.java:2647)
	at oracle.jdbc.driver.OracleStatementWrapper.execute(OracleStatementWrapper.java:349)
	at com.zaxxer.hikari.pool.ProxyStatement.execute(ProxyStatement.java:95)
	at com.zaxxer.hikari.pool.HikariProxyStatement.execute(HikariProxyStatement.java)
	at org.hibernate.tool.schema.internal.exec.GenerationTargetToDatabase.accept(GenerationTargetToDatabase.java:76)
	... 43 common frames omitted
Caused by: Error : 942, Position : 11, SQL = drop table tbl_reviews cascade constraints, Original SQL = drop table tbl_reviews cascade constraints, Error Message = ORA-00942: 테이블 또는 뷰가 존재하지 않습니다

	at oracle.jdbc.driver.T4CTTIoer11.processError(T4CTTIoer11.java:723)
	... 58 common frames omitted
2026-04-01 15:16:45 [restartedMain] WARN  o.h.t.s.i.ExceptionHandlerLoggedImpl - GenerationTarget encountered exception accepting command : Error executing DDL "drop sequence movie_seq" via JDBC [ORA-02289: 시퀀스가 존재하지 않습니다.

https://docs.oracle.com/error-help/db/ora-02289/]
org.hibernate.tool.schema.spi.CommandAcceptanceException: Error executing DDL "drop sequence movie_seq" via JDBC [ORA-02289: 시퀀스가 존재하지 않습니다.

https://docs.oracle.com/error-help/db/ora-02289/]
	at org.hibernate.tool.schema.internal.exec.GenerationTargetToDatabase.accept(GenerationTargetToDatabase.java:81)
	at org.hibernate.tool.schema.internal.Helper.applySqlString(Helper.java:218)
	at org.hibernate.tool.schema.internal.Helper.applySqlStrings(Helper.java:204)
	at org.hibernate.tool.schema.internal.SchemaDropperImpl.dropSequences(SchemaDropperImpl.java:335)
	at org.hibernate.tool.schema.internal.SchemaDropperImpl.dropConstraintsTablesSequences(SchemaDropperImpl.java:261)
	at org.hibernate.tool.schema.internal.SchemaDropperImpl.dropFromMetadata(SchemaDropperImpl.java:210)
	at org.hibernate.tool.schema.internal.SchemaDropperImpl.performDrop(SchemaDropperImpl.java:182)
	at org.hibernate.tool.schema.internal.SchemaDropperImpl.doDrop(SchemaDropperImpl.java:152)
	at org.hibernate.tool.schema.internal.SchemaDropperImpl.doDrop(SchemaDropperImpl.java:112)
	at org.hibernate.tool.schema.spi.SchemaManagementToolCoordinator.performDatabaseAction(SchemaManagementToolCoordinator.java:227)
	at org.hibernate.tool.schema.spi.SchemaManagementToolCoordinator.lambda$process$1(SchemaManagementToolCoordinator.java:101)
	at java.base/java.util.HashMap.forEach(HashMap.java:1429)
	at org.hibernate.tool.schema.spi.SchemaManagementToolCoordinator.process(SchemaManagementToolCoordinator.java:100)
	at org.hibernate.boot.internal.SessionFactoryObserverForSchemaExport.sessionFactoryCreated(SessionFactoryObserverForSchemaExport.java:35)
	at org.hibernate.internal.SessionFactoryObserverChain.sessionFactoryCreated(SessionFactoryObserverChain.java:33)
	at org.hibernate.internal.SessionFactoryImpl.<init>(SessionFactoryImpl.java:323)
	at org.hibernate.internal.SessionFactoryRegistry.instantiateSessionFactory(SessionFactoryRegistry.java:64)
	at org.hibernate.boot.internal.SessionFactoryBuilderImpl.build(SessionFactoryBuilderImpl.java:437)
	at org.hibernate.jpa.boot.internal.EntityManagerFactoryBuilderImpl.build(EntityManagerFactoryBuilderImpl.java:1456)
	at org.springframework.orm.jpa.vendor.SpringHibernateJpaPersistenceProvider.createContainerEntityManagerFactory(SpringHibernateJpaPersistenceProvider.java:93)
	at org.springframework.orm.jpa.LocalContainerEntityManagerFactoryBean.createNativeEntityManagerFactory(LocalContainerEntityManagerFactoryBean.java:443)
	at org.springframework.orm.jpa.AbstractEntityManagerFactoryBean.buildNativeEntityManagerFactory(AbstractEntityManagerFactoryBean.java:436)
	at org.springframework.orm.jpa.AbstractEntityManagerFactoryBean.afterPropertiesSet(AbstractEntityManagerFactoryBean.java:411)
	at org.springframework.orm.jpa.LocalContainerEntityManagerFactoryBean.afterPropertiesSet(LocalContainerEntityManagerFactoryBean.java:419)
	at org.springframework.beans.factory.support.AbstractAutowireCapableBeanFactory.invokeInitMethods(AbstractAutowireCapableBeanFactory.java:1864)
	at org.springframework.beans.factory.support.AbstractAutowireCapableBeanFactory.initializeBean(AbstractAutowireCapableBeanFactory.java:1813)
	at org.springframework.beans.factory.support.AbstractAutowireCapableBeanFactory.doCreateBean(AbstractAutowireCapableBeanFactory.java:603)
	at org.springframework.beans.factory.support.AbstractAutowireCapableBeanFactory.createBean(AbstractAutowireCapableBeanFactory.java:525)
	at org.springframework.beans.factory.support.AbstractBeanFactory.lambda$doGetBean$0(AbstractBeanFactory.java:333)
	at org.springframework.beans.factory.support.DefaultSingletonBeanRegistry.getSingleton(DefaultSingletonBeanRegistry.java:371)
	at org.springframework.beans.factory.support.AbstractBeanFactory.doGetBean(AbstractBeanFactory.java:331)
	at org.springframework.beans.factory.support.AbstractBeanFactory.getBean(AbstractBeanFactory.java:201)
	at org.springframework.context.support.AbstractApplicationContext.finishBeanFactoryInitialization(AbstractApplicationContext.java:977)
	at org.springframework.context.support.AbstractApplicationContext.refresh(AbstractApplicationContext.java:621)
	at org.springframework.boot.web.server.servlet.context.ServletWebServerApplicationContext.refresh(ServletWebServerApplicationContext.java:143)
	at org.springframework.boot.SpringApplication.refresh(SpringApplication.java:756)
	at org.springframework.boot.SpringApplication.refreshContext(SpringApplication.java:445)
	at org.springframework.boot.SpringApplication.run(SpringApplication.java:321)
	at org.springframework.boot.SpringApplication.run(SpringApplication.java:1365)
	at org.springframework.boot.SpringApplication.run(SpringApplication.java:1354)
	at com.example.CineLogApplication.main(CineLogApplication.java:14)
	at java.base/jdk.internal.reflect.DirectMethodHandleAccessor.invoke(DirectMethodHandleAccessor.java:103)
	at java.base/java.lang.reflect.Method.invoke(Method.java:580)
	at org.springframework.boot.devtools.restart.RestartLauncher.run(RestartLauncher.java:52)
Caused by: java.sql.SQLSyntaxErrorException: ORA-02289: 시퀀스가 존재하지 않습니다.

https://docs.oracle.com/error-help/db/ora-02289/
	at oracle.jdbc.driver.T4CTTIoer11.processError(T4CTTIoer11.java:715)
	at oracle.jdbc.driver.T4CTTIoer11.processError(T4CTTIoer11.java:615)
	at oracle.jdbc.driver.T4C8Oall.processError(T4C8Oall.java:1372)
	at oracle.jdbc.driver.T4CTTIfun.receive(T4CTTIfun.java:972)
	at oracle.jdbc.driver.T4CTTIfun.doRPC(T4CTTIfun.java:237)
	at oracle.jdbc.driver.T4C8Oall.doOALL(T4C8Oall.java:524)
	at oracle.jdbc.driver.T4CStatement.doOall8(T4CStatement.java:197)
	at oracle.jdbc.driver.T4CStatement.executeForRows(T4CStatement.java:1408)
	at oracle.jdbc.driver.OracleStatement.executeSQLStatement(OracleStatement.java:2020)
	at oracle.jdbc.driver.OracleStatement.doExecuteWithTimeout(OracleStatement.java:1633)
	at oracle.jdbc.driver.OracleStatement.executeInternal(OracleStatement.java:2698)
	at oracle.jdbc.driver.OracleStatement.execute(OracleStatement.java:2647)
	at oracle.jdbc.driver.OracleStatementWrapper.execute(OracleStatementWrapper.java:349)
	at com.zaxxer.hikari.pool.ProxyStatement.execute(ProxyStatement.java:95)
	at com.zaxxer.hikari.pool.HikariProxyStatement.execute(HikariProxyStatement.java)
	at org.hibernate.tool.schema.internal.exec.GenerationTargetToDatabase.accept(GenerationTargetToDatabase.java:76)
	... 43 common frames omitted
Caused by: Error : 2289, Position : 14, SQL = drop sequence movie_seq, Original SQL = drop sequence movie_seq, Error Message = ORA-02289: 시퀀스가 존재하지 않습니다.

	at oracle.jdbc.driver.T4CTTIoer11.processError(T4CTTIoer11.java:723)
	... 58 common frames omitted
2026-04-01 15:16:45 [restartedMain] WARN  o.h.t.s.i.ExceptionHandlerLoggedImpl - GenerationTarget encountered exception accepting command : Error executing DDL "drop sequence review_seq" via JDBC [ORA-02289: 시퀀스가 존재하지 않습니다.

https://docs.oracle.com/error-help/db/ora-02289/]
org.hibernate.tool.schema.spi.CommandAcceptanceException: Error executing DDL "drop sequence review_seq" via JDBC [ORA-02289: 시퀀스가 존재하지 않습니다.

https://docs.oracle.com/error-help/db/ora-02289/]
	at org.hibernate.tool.schema.internal.exec.GenerationTargetToDatabase.accept(GenerationTargetToDatabase.java:81)
	at org.hibernate.tool.schema.internal.Helper.applySqlString(Helper.java:218)
	at org.hibernate.tool.schema.internal.Helper.applySqlStrings(Helper.java:204)
	at org.hibernate.tool.schema.internal.SchemaDropperImpl.dropSequences(SchemaDropperImpl.java:335)
	at org.hibernate.tool.schema.internal.SchemaDropperImpl.dropConstraintsTablesSequences(SchemaDropperImpl.java:261)
	at org.hibernate.tool.schema.internal.SchemaDropperImpl.dropFromMetadata(SchemaDropperImpl.java:210)
	at org.hibernate.tool.schema.internal.SchemaDropperImpl.performDrop(SchemaDropperImpl.java:182)
	at org.hibernate.tool.schema.internal.SchemaDropperImpl.doDrop(SchemaDropperImpl.java:152)
	at org.hibernate.tool.schema.internal.SchemaDropperImpl.doDrop(SchemaDropperImpl.java:112)
	at org.hibernate.tool.schema.spi.SchemaManagementToolCoordinator.performDatabaseAction(SchemaManagementToolCoordinator.java:227)
	at org.hibernate.tool.schema.spi.SchemaManagementToolCoordinator.lambda$process$1(SchemaManagementToolCoordinator.java:101)
	at java.base/java.util.HashMap.forEach(HashMap.java:1429)
	at org.hibernate.tool.schema.spi.SchemaManagementToolCoordinator.process(SchemaManagementToolCoordinator.java:100)
	at org.hibernate.boot.internal.SessionFactoryObserverForSchemaExport.sessionFactoryCreated(SessionFactoryObserverForSchemaExport.java:35)
	at org.hibernate.internal.SessionFactoryObserverChain.sessionFactoryCreated(SessionFactoryObserverChain.java:33)
	at org.hibernate.internal.SessionFactoryImpl.<init>(SessionFactoryImpl.java:323)
	at org.hibernate.internal.SessionFactoryRegistry.instantiateSessionFactory(SessionFactoryRegistry.java:64)
	at org.hibernate.boot.internal.SessionFactoryBuilderImpl.build(SessionFactoryBuilderImpl.java:437)
	at org.hibernate.jpa.boot.internal.EntityManagerFactoryBuilderImpl.build(EntityManagerFactoryBuilderImpl.java:1456)
	at org.springframework.orm.jpa.vendor.SpringHibernateJpaPersistenceProvider.createContainerEntityManagerFactory(SpringHibernateJpaPersistenceProvider.java:93)
	at org.springframework.orm.jpa.LocalContainerEntityManagerFactoryBean.createNativeEntityManagerFactory(LocalContainerEntityManagerFactoryBean.java:443)
	at org.springframework.orm.jpa.AbstractEntityManagerFactoryBean.buildNativeEntityManagerFactory(AbstractEntityManagerFactoryBean.java:436)
	at org.springframework.orm.jpa.AbstractEntityManagerFactoryBean.afterPropertiesSet(AbstractEntityManagerFactoryBean.java:411)
	at org.springframework.orm.jpa.LocalContainerEntityManagerFactoryBean.afterPropertiesSet(LocalContainerEntityManagerFactoryBean.java:419)
	at org.springframework.beans.factory.support.AbstractAutowireCapableBeanFactory.invokeInitMethods(AbstractAutowireCapableBeanFactory.java:1864)
	at org.springframework.beans.factory.support.AbstractAutowireCapableBeanFactory.initializeBean(AbstractAutowireCapableBeanFactory.java:1813)
	at org.springframework.beans.factory.support.AbstractAutowireCapableBeanFactory.doCreateBean(AbstractAutowireCapableBeanFactory.java:603)
	at org.springframework.beans.factory.support.AbstractAutowireCapableBeanFactory.createBean(AbstractAutowireCapableBeanFactory.java:525)
	at org.springframework.beans.factory.support.AbstractBeanFactory.lambda$doGetBean$0(AbstractBeanFactory.java:333)
	at org.springframework.beans.factory.support.DefaultSingletonBeanRegistry.getSingleton(DefaultSingletonBeanRegistry.java:371)
	at org.springframework.beans.factory.support.AbstractBeanFactory.doGetBean(AbstractBeanFactory.java:331)
	at org.springframework.beans.factory.support.AbstractBeanFactory.getBean(AbstractBeanFactory.java:201)
	at org.springframework.context.support.AbstractApplicationContext.finishBeanFactoryInitialization(AbstractApplicationContext.java:977)
	at org.springframework.context.support.AbstractApplicationContext.refresh(AbstractApplicationContext.java:621)
	at org.springframework.boot.web.server.servlet.context.ServletWebServerApplicationContext.refresh(ServletWebServerApplicationContext.java:143)
	at org.springframework.boot.SpringApplication.refresh(SpringApplication.java:756)
	at org.springframework.boot.SpringApplication.refreshContext(SpringApplication.java:445)
	at org.springframework.boot.SpringApplication.run(SpringApplication.java:321)
	at org.springframework.boot.SpringApplication.run(SpringApplication.java:1365)
	at org.springframework.boot.SpringApplication.run(SpringApplication.java:1354)
	at com.example.CineLogApplication.main(CineLogApplication.java:14)
	at java.base/jdk.internal.reflect.DirectMethodHandleAccessor.invoke(DirectMethodHandleAccessor.java:103)
	at java.base/java.lang.reflect.Method.invoke(Method.java:580)
	at org.springframework.boot.devtools.restart.RestartLauncher.run(RestartLauncher.java:52)
Caused by: java.sql.SQLSyntaxErrorException: ORA-02289: 시퀀스가 존재하지 않습니다.

https://docs.oracle.com/error-help/db/ora-02289/
	at oracle.jdbc.driver.T4CTTIoer11.processError(T4CTTIoer11.java:715)
	at oracle.jdbc.driver.T4CTTIoer11.processError(T4CTTIoer11.java:615)
	at oracle.jdbc.driver.T4C8Oall.processError(T4C8Oall.java:1372)
	at oracle.jdbc.driver.T4CTTIfun.receive(T4CTTIfun.java:972)
	at oracle.jdbc.driver.T4CTTIfun.doRPC(T4CTTIfun.java:237)
	at oracle.jdbc.driver.T4C8Oall.doOALL(T4C8Oall.java:524)
	at oracle.jdbc.driver.T4CStatement.doOall8(T4CStatement.java:197)
	at oracle.jdbc.driver.T4CStatement.executeForRows(T4CStatement.java:1408)
	at oracle.jdbc.driver.OracleStatement.executeSQLStatement(OracleStatement.java:2020)
	at oracle.jdbc.driver.OracleStatement.doExecuteWithTimeout(OracleStatement.java:1633)
	at oracle.jdbc.driver.OracleStatement.executeInternal(OracleStatement.java:2698)
	at oracle.jdbc.driver.OracleStatement.execute(OracleStatement.java:2647)
	at oracle.jdbc.driver.OracleStatementWrapper.execute(OracleStatementWrapper.java:349)
	at com.zaxxer.hikari.pool.ProxyStatement.execute(ProxyStatement.java:95)
	at com.zaxxer.hikari.pool.HikariProxyStatement.execute(HikariProxyStatement.java)
	at org.hibernate.tool.schema.internal.exec.GenerationTargetToDatabase.accept(GenerationTargetToDatabase.java:76)
	... 43 common frames omitted
Caused by: Error : 2289, Position : 14, SQL = drop sequence review_seq, Original SQL = drop sequence review_seq, Error Message = ORA-02289: 시퀀스가 존재하지 않습니다.

	at oracle.jdbc.driver.T4CTTIoer11.processError(T4CTTIoer11.java:723)
	... 58 common frames omitted
2026-04-01 15:16:45 [restartedMain] INFO  o.s.o.j.LocalContainerEntityManagerFactoryBean - Initialized JPA EntityManagerFactory for persistence unit 'default'
2026-04-01 15:16:45 [restartedMain] INFO  o.s.d.j.r.q.QueryEnhancerFactories - Hibernate is in classpath; If applicable, HQL parser will be used.
2026-04-01 15:16:46 [restartedMain] WARN  o.s.b.j.a.JpaBaseConfiguration$JpaWebConfiguration - spring.jpa.open-in-view is enabled by default. Therefore, database queries may be performed during view rendering. Explicitly configure spring.jpa.open-in-view to disable this warning
2026-04-01 15:16:46 [restartedMain] INFO  o.s.s.c.a.a.c.InitializeUserDetailsBeanManagerConfigurer$InitializeUserDetailsManagerConfigurer - Global AuthenticationManager configured with UserDetailsService bean with name memberDetailsService
2026-04-01 15:16:46 [restartedMain] INFO  o.s.b.w.a.WelcomePageHandlerMapping - Adding welcome page template: index
2026-04-01 15:16:46 [restartedMain] INFO  o.a.coyote.http11.Http11NioProtocol - Starting ProtocolHandler ["http-nio-8092"]
2026-04-01 15:16:46 [restartedMain] INFO  o.s.boot.tomcat.TomcatWebServer - Tomcat started on port 8092 (http) with context path '/'
2026-04-01 15:16:46 [restartedMain] INFO  com.example.CineLogApplication - Started CineLogApplication in 4.416 seconds (process running for 4.928)
2026-04-01 15:20:04 [RMI TCP Connection(14)-127.0.0.1] INFO  o.s.b.a.SpringApplicationAdminMXBeanRegistrar$SpringApplicationAdmin - Application shutdown requested.
2026-04-01 15:20:04 [RMI TCP Connection(14)-127.0.0.1] INFO  o.s.boot.tomcat.GracefulShutdown - Commencing graceful shutdown. Waiting for active requests to complete
2026-04-01 15:20:04 [tomcat-shutdown] INFO  o.a.coyote.http11.Http11NioProtocol - Pausing ProtocolHandler ["http-nio-8092"]
2026-04-01 15:20:04 [tomcat-shutdown] INFO  o.s.boot.tomcat.GracefulShutdown - Graceful shutdown complete
2026-04-01 15:20:04 [RMI TCP Connection(14)-127.0.0.1] INFO  o.a.coyote.http11.Http11NioProtocol - Stopping ProtocolHandler ["http-nio-8092"]
2026-04-01 15:20:04 [RMI TCP Connection(14)-127.0.0.1] INFO  o.s.o.j.LocalContainerEntityManagerFactoryBean - Closing JPA EntityManagerFactory for persistence unit 'default'
2026-04-01 15:20:04 [RMI TCP Connection(14)-127.0.0.1] INFO  com.zaxxer.hikari.HikariDataSource - HikariPool-1 - Shutdown initiated...
2026-04-01 15:20:04 [RMI TCP Connection(14)-127.0.0.1] INFO  com.zaxxer.hikari.HikariDataSource - HikariPool-1 - Shutdown completed.
2026-04-01 15:20:05 [background-preinit] INFO  o.h.validator.internal.util.Version - HV000001: Hibernate Validator 9.0.1.Final
2026-04-01 15:20:05 [restartedMain] INFO  com.example.CineLogApplication - Starting CineLogApplication using Java 21.0.10 with PID 1392 (C:\Dev\WS_sts\cinelog\bin\main started by GGG in C:\Dev\WS_sts\cinelog)
2026-04-01 15:20:05 [restartedMain] INFO  com.example.CineLogApplication - No active profile set, falling back to 1 default profile: "default"
2026-04-01 15:20:05 [restartedMain] INFO  o.s.b.d.restart.ChangeableUrls - The Class-Path manifest attribute in C:\Users\GGG\.gradle\caches\modules-2\files-2.1\com.oracle.database.jdbc\ojdbc11\23.9.0.25.07\4fe3479be8322eaac43f1cd0fb5818e93048201d\ojdbc11-23.9.0.25.07.jar referenced one or more files that do not exist: file:/C:/Users/GGG/.gradle/caches/modules-2/files-2.1/com.oracle.database.jdbc/ojdbc11/23.9.0.25.07/4fe3479be8322eaac43f1cd0fb5818e93048201d/oraclepki.jar
2026-04-01 15:20:05 [restartedMain] INFO  o.s.b.d.e.DevToolsPropertyDefaultsPostProcessor - Devtools property defaults active! Set 'spring.devtools.add-properties' to 'false' to disable
2026-04-01 15:20:05 [restartedMain] INFO  o.s.b.d.e.DevToolsPropertyDefaultsPostProcessor - For additional web related logging consider setting the 'logging.level.web' property to 'DEBUG'
2026-04-01 15:20:06 [restartedMain] INFO  o.s.d.r.c.RepositoryConfigurationDelegate - Bootstrapping Spring Data JPA repositories in DEFAULT mode.
2026-04-01 15:20:06 [restartedMain] INFO  o.s.d.r.c.RepositoryConfigurationDelegate - Finished Spring Data repository scanning in 35 ms. Found 3 JPA repository interfaces.
2026-04-01 15:20:06 [restartedMain] INFO  o.s.boot.tomcat.TomcatWebServer - Tomcat initialized with port 8092 (http)
2026-04-01 15:20:06 [restartedMain] INFO  o.a.coyote.http11.Http11NioProtocol - Initializing ProtocolHandler ["http-nio-8092"]
2026-04-01 15:20:06 [restartedMain] INFO  o.a.catalina.core.StandardService - Starting service [Tomcat]
2026-04-01 15:20:06 [restartedMain] INFO  o.a.catalina.core.StandardEngine - Starting Servlet engine: [Apache Tomcat/11.0.20]
2026-04-01 15:20:06 [restartedMain] INFO  o.s.b.w.c.s.WebApplicationContextInitializer - Root WebApplicationContext: initialization completed in 986 ms
2026-04-01 15:20:06 [restartedMain] INFO  org.hibernate.orm.jpa - HHH008540: Processing PersistenceUnitInfo [name: default]
2026-04-01 15:20:06 [restartedMain] INFO  org.hibernate.orm.core - HHH000001: Hibernate ORM core version 7.2.7.Final
2026-04-01 15:20:07 [restartedMain] INFO  o.s.o.j.p.SpringPersistenceUnitInfo - No LoadTimeWeaver setup: ignoring JPA class transformer
2026-04-01 15:20:07 [restartedMain] INFO  com.zaxxer.hikari.HikariDataSource - HikariPool-1 - Starting...
2026-04-01 15:20:07 [restartedMain] INFO  com.zaxxer.hikari.pool.HikariPool - HikariPool-1 - Added connection oracle.jdbc.driver.T4CConnection@19e65208
2026-04-01 15:20:07 [restartedMain] INFO  com.zaxxer.hikari.HikariDataSource - HikariPool-1 - Start completed.
2026-04-01 15:20:07 [restartedMain] WARN  org.hibernate.orm.jdbc - HHH100123: Low default JDBC fetch size: 10 (consider setting 'hibernate.jdbc.fetch_size')
2026-04-01 15:20:07 [restartedMain] INFO  o.hibernate.orm.connections.pooling - HHH10001005: Database info:
	Database JDBC URL [jdbc:oracle:thin:@//localhost:1521/testdb]
	Database driver: Oracle JDBC driver
	Database dialect: OracleDialect
	Database version: 19.3
	Default catalog/schema: undefined/GREEN
	Autocommit mode: undefined/unknown
	Isolation level: READ_COMMITTED [default READ_COMMITTED]
	JDBC fetch size: 10
	Pool: DataSourceConnectionProvider
	Minimum pool size: undefined/unknown
	Maximum pool size: undefined/unknown
2026-04-01 15:20:08 [restartedMain] INFO  org.hibernate.orm.core - HHH000489: No JTA platform available (set 'hibernate.transaction.jta.platform' to enable JTA platform integration)
2026-04-01 15:20:08 [restartedMain] WARN  o.h.t.s.i.ExceptionHandlerLoggedImpl - GenerationTarget encountered exception accepting command : Error executing DDL "drop table tbl_movie_members cascade constraints" via JDBC [ORA-00942: 테이블 또는 뷰가 존재하지 않습니다

https://docs.oracle.com/error-help/db/ora-00942/]
org.hibernate.tool.schema.spi.CommandAcceptanceException: Error executing DDL "drop table tbl_movie_members cascade constraints" via JDBC [ORA-00942: 테이블 또는 뷰가 존재하지 않습니다

https://docs.oracle.com/error-help/db/ora-00942/]
	at org.hibernate.tool.schema.internal.exec.GenerationTargetToDatabase.accept(GenerationTargetToDatabase.java:81)
	at org.hibernate.tool.schema.internal.Helper.applySqlString(Helper.java:218)
	at org.hibernate.tool.schema.internal.Helper.applySqlStrings(Helper.java:204)
	at org.hibernate.tool.schema.internal.SchemaDropperImpl.dropTables(SchemaDropperImpl.java:376)
	at org.hibernate.tool.schema.internal.SchemaDropperImpl.dropConstraintsTablesSequences(SchemaDropperImpl.java:248)
	at org.hibernate.tool.schema.internal.SchemaDropperImpl.dropFromMetadata(SchemaDropperImpl.java:210)
	at org.hibernate.tool.schema.internal.SchemaDropperImpl.performDrop(SchemaDropperImpl.java:182)
	at org.hibernate.tool.schema.internal.SchemaDropperImpl.doDrop(SchemaDropperImpl.java:152)
	at org.hibernate.tool.schema.internal.SchemaDropperImpl.doDrop(SchemaDropperImpl.java:112)
	at org.hibernate.tool.schema.spi.SchemaManagementToolCoordinator.performDatabaseAction(SchemaManagementToolCoordinator.java:227)
	at org.hibernate.tool.schema.spi.SchemaManagementToolCoordinator.lambda$process$1(SchemaManagementToolCoordinator.java:101)
	at java.base/java.util.HashMap.forEach(HashMap.java:1429)
	at org.hibernate.tool.schema.spi.SchemaManagementToolCoordinator.process(SchemaManagementToolCoordinator.java:100)
	at org.hibernate.boot.internal.SessionFactoryObserverForSchemaExport.sessionFactoryCreated(SessionFactoryObserverForSchemaExport.java:35)
	at org.hibernate.internal.SessionFactoryObserverChain.sessionFactoryCreated(SessionFactoryObserverChain.java:33)
	at org.hibernate.internal.SessionFactoryImpl.<init>(SessionFactoryImpl.java:323)
	at org.hibernate.internal.SessionFactoryRegistry.instantiateSessionFactory(SessionFactoryRegistry.java:64)
	at org.hibernate.boot.internal.SessionFactoryBuilderImpl.build(SessionFactoryBuilderImpl.java:437)
	at org.hibernate.jpa.boot.internal.EntityManagerFactoryBuilderImpl.build(EntityManagerFactoryBuilderImpl.java:1456)
	at org.springframework.orm.jpa.vendor.SpringHibernateJpaPersistenceProvider.createContainerEntityManagerFactory(SpringHibernateJpaPersistenceProvider.java:93)
	at org.springframework.orm.jpa.LocalContainerEntityManagerFactoryBean.createNativeEntityManagerFactory(LocalContainerEntityManagerFactoryBean.java:443)
	at org.springframework.orm.jpa.AbstractEntityManagerFactoryBean.buildNativeEntityManagerFactory(AbstractEntityManagerFactoryBean.java:436)
	at org.springframework.orm.jpa.AbstractEntityManagerFactoryBean.afterPropertiesSet(AbstractEntityManagerFactoryBean.java:411)
	at org.springframework.orm.jpa.LocalContainerEntityManagerFactoryBean.afterPropertiesSet(LocalContainerEntityManagerFactoryBean.java:419)
	at org.springframework.beans.factory.support.AbstractAutowireCapableBeanFactory.invokeInitMethods(AbstractAutowireCapableBeanFactory.java:1864)
	at org.springframework.beans.factory.support.AbstractAutowireCapableBeanFactory.initializeBean(AbstractAutowireCapableBeanFactory.java:1813)
	at org.springframework.beans.factory.support.AbstractAutowireCapableBeanFactory.doCreateBean(AbstractAutowireCapableBeanFactory.java:603)
	at org.springframework.beans.factory.support.AbstractAutowireCapableBeanFactory.createBean(AbstractAutowireCapableBeanFactory.java:525)
	at org.springframework.beans.factory.support.AbstractBeanFactory.lambda$doGetBean$0(AbstractBeanFactory.java:333)
	at org.springframework.beans.factory.support.DefaultSingletonBeanRegistry.getSingleton(DefaultSingletonBeanRegistry.java:371)
	at org.springframework.beans.factory.support.AbstractBeanFactory.doGetBean(AbstractBeanFactory.java:331)
	at org.springframework.beans.factory.support.AbstractBeanFactory.getBean(AbstractBeanFactory.java:201)
	at org.springframework.context.support.AbstractApplicationContext.finishBeanFactoryInitialization(AbstractApplicationContext.java:977)
	at org.springframework.context.support.AbstractApplicationContext.refresh(AbstractApplicationContext.java:621)
	at org.springframework.boot.web.server.servlet.context.ServletWebServerApplicationContext.refresh(ServletWebServerApplicationContext.java:143)
	at org.springframework.boot.SpringApplication.refresh(SpringApplication.java:756)
	at org.springframework.boot.SpringApplication.refreshContext(SpringApplication.java:445)
	at org.springframework.boot.SpringApplication.run(SpringApplication.java:321)
	at org.springframework.boot.SpringApplication.run(SpringApplication.java:1365)
	at org.springframework.boot.SpringApplication.run(SpringApplication.java:1354)
	at com.example.CineLogApplication.main(CineLogApplication.java:14)
	at java.base/jdk.internal.reflect.DirectMethodHandleAccessor.invoke(DirectMethodHandleAccessor.java:103)
	at java.base/java.lang.reflect.Method.invoke(Method.java:580)
	at org.springframework.boot.devtools.restart.RestartLauncher.run(RestartLauncher.java:52)
Caused by: java.sql.SQLSyntaxErrorException: ORA-00942: 테이블 또는 뷰가 존재하지 않습니다

https://docs.oracle.com/error-help/db/ora-00942/
	at oracle.jdbc.driver.T4CTTIoer11.processError(T4CTTIoer11.java:715)
	at oracle.jdbc.driver.T4CTTIoer11.processError(T4CTTIoer11.java:615)
	at oracle.jdbc.driver.T4C8Oall.processError(T4C8Oall.java:1372)
	at oracle.jdbc.driver.T4CTTIfun.receive(T4CTTIfun.java:972)
	at oracle.jdbc.driver.T4CTTIfun.doRPC(T4CTTIfun.java:237)
	at oracle.jdbc.driver.T4C8Oall.doOALL(T4C8Oall.java:524)
	at oracle.jdbc.driver.T4CStatement.doOall8(T4CStatement.java:197)
	at oracle.jdbc.driver.T4CStatement.executeForRows(T4CStatement.java:1408)
	at oracle.jdbc.driver.OracleStatement.executeSQLStatement(OracleStatement.java:2020)
	at oracle.jdbc.driver.OracleStatement.doExecuteWithTimeout(OracleStatement.java:1633)
	at oracle.jdbc.driver.OracleStatement.executeInternal(OracleStatement.java:2698)
	at oracle.jdbc.driver.OracleStatement.execute(OracleStatement.java:2647)
	at oracle.jdbc.driver.OracleStatementWrapper.execute(OracleStatementWrapper.java:349)
	at com.zaxxer.hikari.pool.ProxyStatement.execute(ProxyStatement.java:95)
	at com.zaxxer.hikari.pool.HikariProxyStatement.execute(HikariProxyStatement.java)
	at org.hibernate.tool.schema.internal.exec.GenerationTargetToDatabase.accept(GenerationTargetToDatabase.java:76)
	... 43 common frames omitted
Caused by: Error : 942, Position : 11, SQL = drop table tbl_movie_members cascade constraints, Original SQL = drop table tbl_movie_members cascade constraints, Error Message = ORA-00942: 테이블 또는 뷰가 존재하지 않습니다

	at oracle.jdbc.driver.T4CTTIoer11.processError(T4CTTIoer11.java:723)
	... 58 common frames omitted
2026-04-01 15:20:08 [restartedMain] WARN  o.h.t.s.i.ExceptionHandlerLoggedImpl - GenerationTarget encountered exception accepting command : Error executing DDL "drop table tbl_movies cascade constraints" via JDBC [ORA-00942: 테이블 또는 뷰가 존재하지 않습니다

https://docs.oracle.com/error-help/db/ora-00942/]
org.hibernate.tool.schema.spi.CommandAcceptanceException: Error executing DDL "drop table tbl_movies cascade constraints" via JDBC [ORA-00942: 테이블 또는 뷰가 존재하지 않습니다

https://docs.oracle.com/error-help/db/ora-00942/]
	at org.hibernate.tool.schema.internal.exec.GenerationTargetToDatabase.accept(GenerationTargetToDatabase.java:81)
	at org.hibernate.tool.schema.internal.Helper.applySqlString(Helper.java:218)
	at org.hibernate.tool.schema.internal.Helper.applySqlStrings(Helper.java:204)
	at org.hibernate.tool.schema.internal.SchemaDropperImpl.dropTables(SchemaDropperImpl.java:376)
	at org.hibernate.tool.schema.internal.SchemaDropperImpl.dropConstraintsTablesSequences(SchemaDropperImpl.java:248)
	at org.hibernate.tool.schema.internal.SchemaDropperImpl.dropFromMetadata(SchemaDropperImpl.java:210)
	at org.hibernate.tool.schema.internal.SchemaDropperImpl.performDrop(SchemaDropperImpl.java:182)
	at org.hibernate.tool.schema.internal.SchemaDropperImpl.doDrop(SchemaDropperImpl.java:152)
	at org.hibernate.tool.schema.internal.SchemaDropperImpl.doDrop(SchemaDropperImpl.java:112)
	at org.hibernate.tool.schema.spi.SchemaManagementToolCoordinator.performDatabaseAction(SchemaManagementToolCoordinator.java:227)
	at org.hibernate.tool.schema.spi.SchemaManagementToolCoordinator.lambda$process$1(SchemaManagementToolCoordinator.java:101)
	at java.base/java.util.HashMap.forEach(HashMap.java:1429)
	at org.hibernate.tool.schema.spi.SchemaManagementToolCoordinator.process(SchemaManagementToolCoordinator.java:100)
	at org.hibernate.boot.internal.SessionFactoryObserverForSchemaExport.sessionFactoryCreated(SessionFactoryObserverForSchemaExport.java:35)
	at org.hibernate.internal.SessionFactoryObserverChain.sessionFactoryCreated(SessionFactoryObserverChain.java:33)
	at org.hibernate.internal.SessionFactoryImpl.<init>(SessionFactoryImpl.java:323)
	at org.hibernate.internal.SessionFactoryRegistry.instantiateSessionFactory(SessionFactoryRegistry.java:64)
	at org.hibernate.boot.internal.SessionFactoryBuilderImpl.build(SessionFactoryBuilderImpl.java:437)
	at org.hibernate.jpa.boot.internal.EntityManagerFactoryBuilderImpl.build(EntityManagerFactoryBuilderImpl.java:1456)
	at org.springframework.orm.jpa.vendor.SpringHibernateJpaPersistenceProvider.createContainerEntityManagerFactory(SpringHibernateJpaPersistenceProvider.java:93)
	at org.springframework.orm.jpa.LocalContainerEntityManagerFactoryBean.createNativeEntityManagerFactory(LocalContainerEntityManagerFactoryBean.java:443)
	at org.springframework.orm.jpa.AbstractEntityManagerFactoryBean.buildNativeEntityManagerFactory(AbstractEntityManagerFactoryBean.java:436)
	at org.springframework.orm.jpa.AbstractEntityManagerFactoryBean.afterPropertiesSet(AbstractEntityManagerFactoryBean.java:411)
	at org.springframework.orm.jpa.LocalContainerEntityManagerFactoryBean.afterPropertiesSet(LocalContainerEntityManagerFactoryBean.java:419)
	at org.springframework.beans.factory.support.AbstractAutowireCapableBeanFactory.invokeInitMethods(AbstractAutowireCapableBeanFactory.java:1864)
	at org.springframework.beans.factory.support.AbstractAutowireCapableBeanFactory.initializeBean(AbstractAutowireCapableBeanFactory.java:1813)
	at org.springframework.beans.factory.support.AbstractAutowireCapableBeanFactory.doCreateBean(AbstractAutowireCapableBeanFactory.java:603)
	at org.springframework.beans.factory.support.AbstractAutowireCapableBeanFactory.createBean(AbstractAutowireCapableBeanFactory.java:525)
	at org.springframework.beans.factory.support.AbstractBeanFactory.lambda$doGetBean$0(AbstractBeanFactory.java:333)
	at org.springframework.beans.factory.support.DefaultSingletonBeanRegistry.getSingleton(DefaultSingletonBeanRegistry.java:371)
	at org.springframework.beans.factory.support.AbstractBeanFactory.doGetBean(AbstractBeanFactory.java:331)
	at org.springframework.beans.factory.support.AbstractBeanFactory.getBean(AbstractBeanFactory.java:201)
	at org.springframework.context.support.AbstractApplicationContext.finishBeanFactoryInitialization(AbstractApplicationContext.java:977)
	at org.springframework.context.support.AbstractApplicationContext.refresh(AbstractApplicationContext.java:621)
	at org.springframework.boot.web.server.servlet.context.ServletWebServerApplicationContext.refresh(ServletWebServerApplicationContext.java:143)
	at org.springframework.boot.SpringApplication.refresh(SpringApplication.java:756)
	at org.springframework.boot.SpringApplication.refreshContext(SpringApplication.java:445)
	at org.springframework.boot.SpringApplication.run(SpringApplication.java:321)
	at org.springframework.boot.SpringApplication.run(SpringApplication.java:1365)
	at org.springframework.boot.SpringApplication.run(SpringApplication.java:1354)
	at com.example.CineLogApplication.main(CineLogApplication.java:14)
	at java.base/jdk.internal.reflect.DirectMethodHandleAccessor.invoke(DirectMethodHandleAccessor.java:103)
	at java.base/java.lang.reflect.Method.invoke(Method.java:580)
	at org.springframework.boot.devtools.restart.RestartLauncher.run(RestartLauncher.java:52)
Caused by: java.sql.SQLSyntaxErrorException: ORA-00942: 테이블 또는 뷰가 존재하지 않습니다

https://docs.oracle.com/error-help/db/ora-00942/
	at oracle.jdbc.driver.T4CTTIoer11.processError(T4CTTIoer11.java:715)
	at oracle.jdbc.driver.T4CTTIoer11.processError(T4CTTIoer11.java:615)
	at oracle.jdbc.driver.T4C8Oall.processError(T4C8Oall.java:1372)
	at oracle.jdbc.driver.T4CTTIfun.receive(T4CTTIfun.java:972)
	at oracle.jdbc.driver.T4CTTIfun.doRPC(T4CTTIfun.java:237)
	at oracle.jdbc.driver.T4C8Oall.doOALL(T4C8Oall.java:524)
	at oracle.jdbc.driver.T4CStatement.doOall8(T4CStatement.java:197)
	at oracle.jdbc.driver.T4CStatement.executeForRows(T4CStatement.java:1408)
	at oracle.jdbc.driver.OracleStatement.executeSQLStatement(OracleStatement.java:2020)
	at oracle.jdbc.driver.OracleStatement.doExecuteWithTimeout(OracleStatement.java:1633)
	at oracle.jdbc.driver.OracleStatement.executeInternal(OracleStatement.java:2698)
	at oracle.jdbc.driver.OracleStatement.execute(OracleStatement.java:2647)
	at oracle.jdbc.driver.OracleStatementWrapper.execute(OracleStatementWrapper.java:349)
	at com.zaxxer.hikari.pool.ProxyStatement.execute(ProxyStatement.java:95)
	at com.zaxxer.hikari.pool.HikariProxyStatement.execute(HikariProxyStatement.java)
	at org.hibernate.tool.schema.internal.exec.GenerationTargetToDatabase.accept(GenerationTargetToDatabase.java:76)
	... 43 common frames omitted
Caused by: Error : 942, Position : 11, SQL = drop table tbl_movies cascade constraints, Original SQL = drop table tbl_movies cascade constraints, Error Message = ORA-00942: 테이블 또는 뷰가 존재하지 않습니다

	at oracle.jdbc.driver.T4CTTIoer11.processError(T4CTTIoer11.java:723)
	... 58 common frames omitted
2026-04-01 15:20:08 [restartedMain] WARN  o.h.t.s.i.ExceptionHandlerLoggedImpl - GenerationTarget encountered exception accepting command : Error executing DDL "drop table tbl_reviews cascade constraints" via JDBC [ORA-00942: 테이블 또는 뷰가 존재하지 않습니다

https://docs.oracle.com/error-help/db/ora-00942/]
org.hibernate.tool.schema.spi.CommandAcceptanceException: Error executing DDL "drop table tbl_reviews cascade constraints" via JDBC [ORA-00942: 테이블 또는 뷰가 존재하지 않습니다

https://docs.oracle.com/error-help/db/ora-00942/]
	at org.hibernate.tool.schema.internal.exec.GenerationTargetToDatabase.accept(GenerationTargetToDatabase.java:81)
	at org.hibernate.tool.schema.internal.Helper.applySqlString(Helper.java:218)
	at org.hibernate.tool.schema.internal.Helper.applySqlStrings(Helper.java:204)
	at org.hibernate.tool.schema.internal.SchemaDropperImpl.dropTables(SchemaDropperImpl.java:376)
	at org.hibernate.tool.schema.internal.SchemaDropperImpl.dropConstraintsTablesSequences(SchemaDropperImpl.java:248)
	at org.hibernate.tool.schema.internal.SchemaDropperImpl.dropFromMetadata(SchemaDropperImpl.java:210)
	at org.hibernate.tool.schema.internal.SchemaDropperImpl.performDrop(SchemaDropperImpl.java:182)
	at org.hibernate.tool.schema.internal.SchemaDropperImpl.doDrop(SchemaDropperImpl.java:152)
	at org.hibernate.tool.schema.internal.SchemaDropperImpl.doDrop(SchemaDropperImpl.java:112)
	at org.hibernate.tool.schema.spi.SchemaManagementToolCoordinator.performDatabaseAction(SchemaManagementToolCoordinator.java:227)
	at org.hibernate.tool.schema.spi.SchemaManagementToolCoordinator.lambda$process$1(SchemaManagementToolCoordinator.java:101)
	at java.base/java.util.HashMap.forEach(HashMap.java:1429)
	at org.hibernate.tool.schema.spi.SchemaManagementToolCoordinator.process(SchemaManagementToolCoordinator.java:100)
	at org.hibernate.boot.internal.SessionFactoryObserverForSchemaExport.sessionFactoryCreated(SessionFactoryObserverForSchemaExport.java:35)
	at org.hibernate.internal.SessionFactoryObserverChain.sessionFactoryCreated(SessionFactoryObserverChain.java:33)
	at org.hibernate.internal.SessionFactoryImpl.<init>(SessionFactoryImpl.java:323)
	at org.hibernate.internal.SessionFactoryRegistry.instantiateSessionFactory(SessionFactoryRegistry.java:64)
	at org.hibernate.boot.internal.SessionFactoryBuilderImpl.build(SessionFactoryBuilderImpl.java:437)
	at org.hibernate.jpa.boot.internal.EntityManagerFactoryBuilderImpl.build(EntityManagerFactoryBuilderImpl.java:1456)
	at org.springframework.orm.jpa.vendor.SpringHibernateJpaPersistenceProvider.createContainerEntityManagerFactory(SpringHibernateJpaPersistenceProvider.java:93)
	at org.springframework.orm.jpa.LocalContainerEntityManagerFactoryBean.createNativeEntityManagerFactory(LocalContainerEntityManagerFactoryBean.java:443)
	at org.springframework.orm.jpa.AbstractEntityManagerFactoryBean.buildNativeEntityManagerFactory(AbstractEntityManagerFactoryBean.java:436)
	at org.springframework.orm.jpa.AbstractEntityManagerFactoryBean.afterPropertiesSet(AbstractEntityManagerFactoryBean.java:411)
	at org.springframework.orm.jpa.LocalContainerEntityManagerFactoryBean.afterPropertiesSet(LocalContainerEntityManagerFactoryBean.java:419)
	at org.springframework.beans.factory.support.AbstractAutowireCapableBeanFactory.invokeInitMethods(AbstractAutowireCapableBeanFactory.java:1864)
	at org.springframework.beans.factory.support.AbstractAutowireCapableBeanFactory.initializeBean(AbstractAutowireCapableBeanFactory.java:1813)
	at org.springframework.beans.factory.support.AbstractAutowireCapableBeanFactory.doCreateBean(AbstractAutowireCapableBeanFactory.java:603)
	at org.springframework.beans.factory.support.AbstractAutowireCapableBeanFactory.createBean(AbstractAutowireCapableBeanFactory.java:525)
	at org.springframework.beans.factory.support.AbstractBeanFactory.lambda$doGetBean$0(AbstractBeanFactory.java:333)
	at org.springframework.beans.factory.support.DefaultSingletonBeanRegistry.getSingleton(DefaultSingletonBeanRegistry.java:371)
	at org.springframework.beans.factory.support.AbstractBeanFactory.doGetBean(AbstractBeanFactory.java:331)
	at org.springframework.beans.factory.support.AbstractBeanFactory.getBean(AbstractBeanFactory.java:201)
	at org.springframework.context.support.AbstractApplicationContext.finishBeanFactoryInitialization(AbstractApplicationContext.java:977)
	at org.springframework.context.support.AbstractApplicationContext.refresh(AbstractApplicationContext.java:621)
	at org.springframework.boot.web.server.servlet.context.ServletWebServerApplicationContext.refresh(ServletWebServerApplicationContext.java:143)
	at org.springframework.boot.SpringApplication.refresh(SpringApplication.java:756)
	at org.springframework.boot.SpringApplication.refreshContext(SpringApplication.java:445)
	at org.springframework.boot.SpringApplication.run(SpringApplication.java:321)
	at org.springframework.boot.SpringApplication.run(SpringApplication.java:1365)
	at org.springframework.boot.SpringApplication.run(SpringApplication.java:1354)
	at com.example.CineLogApplication.main(CineLogApplication.java:14)
	at java.base/jdk.internal.reflect.DirectMethodHandleAccessor.invoke(DirectMethodHandleAccessor.java:103)
	at java.base/java.lang.reflect.Method.invoke(Method.java:580)
	at org.springframework.boot.devtools.restart.RestartLauncher.run(RestartLauncher.java:52)
Caused by: java.sql.SQLSyntaxErrorException: ORA-00942: 테이블 또는 뷰가 존재하지 않습니다

https://docs.oracle.com/error-help/db/ora-00942/
	at oracle.jdbc.driver.T4CTTIoer11.processError(T4CTTIoer11.java:715)
	at oracle.jdbc.driver.T4CTTIoer11.processError(T4CTTIoer11.java:615)
	at oracle.jdbc.driver.T4C8Oall.processError(T4C8Oall.java:1372)
	at oracle.jdbc.driver.T4CTTIfun.receive(T4CTTIfun.java:972)
	at oracle.jdbc.driver.T4CTTIfun.doRPC(T4CTTIfun.java:237)
	at oracle.jdbc.driver.T4C8Oall.doOALL(T4C8Oall.java:524)
	at oracle.jdbc.driver.T4CStatement.doOall8(T4CStatement.java:197)
	at oracle.jdbc.driver.T4CStatement.executeForRows(T4CStatement.java:1408)
	at oracle.jdbc.driver.OracleStatement.executeSQLStatement(OracleStatement.java:2020)
	at oracle.jdbc.driver.OracleStatement.doExecuteWithTimeout(OracleStatement.java:1633)
	at oracle.jdbc.driver.OracleStatement.executeInternal(OracleStatement.java:2698)
	at oracle.jdbc.driver.OracleStatement.execute(OracleStatement.java:2647)
	at oracle.jdbc.driver.OracleStatementWrapper.execute(OracleStatementWrapper.java:349)
	at com.zaxxer.hikari.pool.ProxyStatement.execute(ProxyStatement.java:95)
	at com.zaxxer.hikari.pool.HikariProxyStatement.execute(HikariProxyStatement.java)
	at org.hibernate.tool.schema.internal.exec.GenerationTargetToDatabase.accept(GenerationTargetToDatabase.java:76)
	... 43 common frames omitted
Caused by: Error : 942, Position : 11, SQL = drop table tbl_reviews cascade constraints, Original SQL = drop table tbl_reviews cascade constraints, Error Message = ORA-00942: 테이블 또는 뷰가 존재하지 않습니다

	at oracle.jdbc.driver.T4CTTIoer11.processError(T4CTTIoer11.java:723)
	... 58 common frames omitted
2026-04-01 15:20:08 [restartedMain] WARN  o.h.t.s.i.ExceptionHandlerLoggedImpl - GenerationTarget encountered exception accepting command : Error executing DDL "drop sequence movie_seq" via JDBC [ORA-02289: 시퀀스가 존재하지 않습니다.

https://docs.oracle.com/error-help/db/ora-02289/]
org.hibernate.tool.schema.spi.CommandAcceptanceException: Error executing DDL "drop sequence movie_seq" via JDBC [ORA-02289: 시퀀스가 존재하지 않습니다.

https://docs.oracle.com/error-help/db/ora-02289/]
	at org.hibernate.tool.schema.internal.exec.GenerationTargetToDatabase.accept(GenerationTargetToDatabase.java:81)
	at org.hibernate.tool.schema.internal.Helper.applySqlString(Helper.java:218)
	at org.hibernate.tool.schema.internal.Helper.applySqlStrings(Helper.java:204)
	at org.hibernate.tool.schema.internal.SchemaDropperImpl.dropSequences(SchemaDropperImpl.java:335)
	at org.hibernate.tool.schema.internal.SchemaDropperImpl.dropConstraintsTablesSequences(SchemaDropperImpl.java:261)
	at org.hibernate.tool.schema.internal.SchemaDropperImpl.dropFromMetadata(SchemaDropperImpl.java:210)
	at org.hibernate.tool.schema.internal.SchemaDropperImpl.performDrop(SchemaDropperImpl.java:182)
	at org.hibernate.tool.schema.internal.SchemaDropperImpl.doDrop(SchemaDropperImpl.java:152)
	at org.hibernate.tool.schema.internal.SchemaDropperImpl.doDrop(SchemaDropperImpl.java:112)
	at org.hibernate.tool.schema.spi.SchemaManagementToolCoordinator.performDatabaseAction(SchemaManagementToolCoordinator.java:227)
	at org.hibernate.tool.schema.spi.SchemaManagementToolCoordinator.lambda$process$1(SchemaManagementToolCoordinator.java:101)
	at java.base/java.util.HashMap.forEach(HashMap.java:1429)
	at org.hibernate.tool.schema.spi.SchemaManagementToolCoordinator.process(SchemaManagementToolCoordinator.java:100)
	at org.hibernate.boot.internal.SessionFactoryObserverForSchemaExport.sessionFactoryCreated(SessionFactoryObserverForSchemaExport.java:35)
	at org.hibernate.internal.SessionFactoryObserverChain.sessionFactoryCreated(SessionFactoryObserverChain.java:33)
	at org.hibernate.internal.SessionFactoryImpl.<init>(SessionFactoryImpl.java:323)
	at org.hibernate.internal.SessionFactoryRegistry.instantiateSessionFactory(SessionFactoryRegistry.java:64)
	at org.hibernate.boot.internal.SessionFactoryBuilderImpl.build(SessionFactoryBuilderImpl.java:437)
	at org.hibernate.jpa.boot.internal.EntityManagerFactoryBuilderImpl.build(EntityManagerFactoryBuilderImpl.java:1456)
	at org.springframework.orm.jpa.vendor.SpringHibernateJpaPersistenceProvider.createContainerEntityManagerFactory(SpringHibernateJpaPersistenceProvider.java:93)
	at org.springframework.orm.jpa.LocalContainerEntityManagerFactoryBean.createNativeEntityManagerFactory(LocalContainerEntityManagerFactoryBean.java:443)
	at org.springframework.orm.jpa.AbstractEntityManagerFactoryBean.buildNativeEntityManagerFactory(AbstractEntityManagerFactoryBean.java:436)
	at org.springframework.orm.jpa.AbstractEntityManagerFactoryBean.afterPropertiesSet(AbstractEntityManagerFactoryBean.java:411)
	at org.springframework.orm.jpa.LocalContainerEntityManagerFactoryBean.afterPropertiesSet(LocalContainerEntityManagerFactoryBean.java:419)
	at org.springframework.beans.factory.support.AbstractAutowireCapableBeanFactory.invokeInitMethods(AbstractAutowireCapableBeanFactory.java:1864)
	at org.springframework.beans.factory.support.AbstractAutowireCapableBeanFactory.initializeBean(AbstractAutowireCapableBeanFactory.java:1813)
	at org.springframework.beans.factory.support.AbstractAutowireCapableBeanFactory.doCreateBean(AbstractAutowireCapableBeanFactory.java:603)
	at org.springframework.beans.factory.support.AbstractAutowireCapableBeanFactory.createBean(AbstractAutowireCapableBeanFactory.java:525)
	at org.springframework.beans.factory.support.AbstractBeanFactory.lambda$doGetBean$0(AbstractBeanFactory.java:333)
	at org.springframework.beans.factory.support.DefaultSingletonBeanRegistry.getSingleton(DefaultSingletonBeanRegistry.java:371)
	at org.springframework.beans.factory.support.AbstractBeanFactory.doGetBean(AbstractBeanFactory.java:331)
	at org.springframework.beans.factory.support.AbstractBeanFactory.getBean(AbstractBeanFactory.java:201)
	at org.springframework.context.support.AbstractApplicationContext.finishBeanFactoryInitialization(AbstractApplicationContext.java:977)
	at org.springframework.context.support.AbstractApplicationContext.refresh(AbstractApplicationContext.java:621)
	at org.springframework.boot.web.server.servlet.context.ServletWebServerApplicationContext.refresh(ServletWebServerApplicationContext.java:143)
	at org.springframework.boot.SpringApplication.refresh(SpringApplication.java:756)
	at org.springframework.boot.SpringApplication.refreshContext(SpringApplication.java:445)
	at org.springframework.boot.SpringApplication.run(SpringApplication.java:321)
	at org.springframework.boot.SpringApplication.run(SpringApplication.java:1365)
	at org.springframework.boot.SpringApplication.run(SpringApplication.java:1354)
	at com.example.CineLogApplication.main(CineLogApplication.java:14)
	at java.base/jdk.internal.reflect.DirectMethodHandleAccessor.invoke(DirectMethodHandleAccessor.java:103)
	at java.base/java.lang.reflect.Method.invoke(Method.java:580)
	at org.springframework.boot.devtools.restart.RestartLauncher.run(RestartLauncher.java:52)
Caused by: java.sql.SQLSyntaxErrorException: ORA-02289: 시퀀스가 존재하지 않습니다.

https://docs.oracle.com/error-help/db/ora-02289/
	at oracle.jdbc.driver.T4CTTIoer11.processError(T4CTTIoer11.java:715)
	at oracle.jdbc.driver.T4CTTIoer11.processError(T4CTTIoer11.java:615)
	at oracle.jdbc.driver.T4C8Oall.processError(T4C8Oall.java:1372)
	at oracle.jdbc.driver.T4CTTIfun.receive(T4CTTIfun.java:972)
	at oracle.jdbc.driver.T4CTTIfun.doRPC(T4CTTIfun.java:237)
	at oracle.jdbc.driver.T4C8Oall.doOALL(T4C8Oall.java:524)
	at oracle.jdbc.driver.T4CStatement.doOall8(T4CStatement.java:197)
	at oracle.jdbc.driver.T4CStatement.executeForRows(T4CStatement.java:1408)
	at oracle.jdbc.driver.OracleStatement.executeSQLStatement(OracleStatement.java:2020)
	at oracle.jdbc.driver.OracleStatement.doExecuteWithTimeout(OracleStatement.java:1633)
	at oracle.jdbc.driver.OracleStatement.executeInternal(OracleStatement.java:2698)
	at oracle.jdbc.driver.OracleStatement.execute(OracleStatement.java:2647)
	at oracle.jdbc.driver.OracleStatementWrapper.execute(OracleStatementWrapper.java:349)
	at com.zaxxer.hikari.pool.ProxyStatement.execute(ProxyStatement.java:95)
	at com.zaxxer.hikari.pool.HikariProxyStatement.execute(HikariProxyStatement.java)
	at org.hibernate.tool.schema.internal.exec.GenerationTargetToDatabase.accept(GenerationTargetToDatabase.java:76)
	... 43 common frames omitted
Caused by: Error : 2289, Position : 14, SQL = drop sequence movie_seq, Original SQL = drop sequence movie_seq, Error Message = ORA-02289: 시퀀스가 존재하지 않습니다.

	at oracle.jdbc.driver.T4CTTIoer11.processError(T4CTTIoer11.java:723)
	... 58 common frames omitted
2026-04-01 15:20:08 [restartedMain] WARN  o.h.t.s.i.ExceptionHandlerLoggedImpl - GenerationTarget encountered exception accepting command : Error executing DDL "drop sequence review_seq" via JDBC [ORA-02289: 시퀀스가 존재하지 않습니다.

https://docs.oracle.com/error-help/db/ora-02289/]
org.hibernate.tool.schema.spi.CommandAcceptanceException: Error executing DDL "drop sequence review_seq" via JDBC [ORA-02289: 시퀀스가 존재하지 않습니다.

https://docs.oracle.com/error-help/db/ora-02289/]
	at org.hibernate.tool.schema.internal.exec.GenerationTargetToDatabase.accept(GenerationTargetToDatabase.java:81)
	at org.hibernate.tool.schema.internal.Helper.applySqlString(Helper.java:218)
	at org.hibernate.tool.schema.internal.Helper.applySqlStrings(Helper.java:204)
	at org.hibernate.tool.schema.internal.SchemaDropperImpl.dropSequences(SchemaDropperImpl.java:335)
	at org.hibernate.tool.schema.internal.SchemaDropperImpl.dropConstraintsTablesSequences(SchemaDropperImpl.java:261)
	at org.hibernate.tool.schema.internal.SchemaDropperImpl.dropFromMetadata(SchemaDropperImpl.java:210)
	at org.hibernate.tool.schema.internal.SchemaDropperImpl.performDrop(SchemaDropperImpl.java:182)
	at org.hibernate.tool.schema.internal.SchemaDropperImpl.doDrop(SchemaDropperImpl.java:152)
	at org.hibernate.tool.schema.internal.SchemaDropperImpl.doDrop(SchemaDropperImpl.java:112)
	at org.hibernate.tool.schema.spi.SchemaManagementToolCoordinator.performDatabaseAction(SchemaManagementToolCoordinator.java:227)
	at org.hibernate.tool.schema.spi.SchemaManagementToolCoordinator.lambda$process$1(SchemaManagementToolCoordinator.java:101)
	at java.base/java.util.HashMap.forEach(HashMap.java:1429)
	at org.hibernate.tool.schema.spi.SchemaManagementToolCoordinator.process(SchemaManagementToolCoordinator.java:100)
	at org.hibernate.boot.internal.SessionFactoryObserverForSchemaExport.sessionFactoryCreated(SessionFactoryObserverForSchemaExport.java:35)
	at org.hibernate.internal.SessionFactoryObserverChain.sessionFactoryCreated(SessionFactoryObserverChain.java:33)
	at org.hibernate.internal.SessionFactoryImpl.<init>(SessionFactoryImpl.java:323)
	at org.hibernate.internal.SessionFactoryRegistry.instantiateSessionFactory(SessionFactoryRegistry.java:64)
	at org.hibernate.boot.internal.SessionFactoryBuilderImpl.build(SessionFactoryBuilderImpl.java:437)
	at org.hibernate.jpa.boot.internal.EntityManagerFactoryBuilderImpl.build(EntityManagerFactoryBuilderImpl.java:1456)
	at org.springframework.orm.jpa.vendor.SpringHibernateJpaPersistenceProvider.createContainerEntityManagerFactory(SpringHibernateJpaPersistenceProvider.java:93)
	at org.springframework.orm.jpa.LocalContainerEntityManagerFactoryBean.createNativeEntityManagerFactory(LocalContainerEntityManagerFactoryBean.java:443)
	at org.springframework.orm.jpa.AbstractEntityManagerFactoryBean.buildNativeEntityManagerFactory(AbstractEntityManagerFactoryBean.java:436)
	at org.springframework.orm.jpa.AbstractEntityManagerFactoryBean.afterPropertiesSet(AbstractEntityManagerFactoryBean.java:411)
	at org.springframework.orm.jpa.LocalContainerEntityManagerFactoryBean.afterPropertiesSet(LocalContainerEntityManagerFactoryBean.java:419)
	at org.springframework.beans.factory.support.AbstractAutowireCapableBeanFactory.invokeInitMethods(AbstractAutowireCapableBeanFactory.java:1864)
	at org.springframework.beans.factory.support.AbstractAutowireCapableBeanFactory.initializeBean(AbstractAutowireCapableBeanFactory.java:1813)
	at org.springframework.beans.factory.support.AbstractAutowireCapableBeanFactory.doCreateBean(AbstractAutowireCapableBeanFactory.java:603)
	at org.springframework.beans.factory.support.AbstractAutowireCapableBeanFactory.createBean(AbstractAutowireCapableBeanFactory.java:525)
	at org.springframework.beans.factory.support.AbstractBeanFactory.lambda$doGetBean$0(AbstractBeanFactory.java:333)
	at org.springframework.beans.factory.support.DefaultSingletonBeanRegistry.getSingleton(DefaultSingletonBeanRegistry.java:371)
	at org.springframework.beans.factory.support.AbstractBeanFactory.doGetBean(AbstractBeanFactory.java:331)
	at org.springframework.beans.factory.support.AbstractBeanFactory.getBean(AbstractBeanFactory.java:201)
	at org.springframework.context.support.AbstractApplicationContext.finishBeanFactoryInitialization(AbstractApplicationContext.java:977)
	at org.springframework.context.support.AbstractApplicationContext.refresh(AbstractApplicationContext.java:621)
	at org.springframework.boot.web.server.servlet.context.ServletWebServerApplicationContext.refresh(ServletWebServerApplicationContext.java:143)
	at org.springframework.boot.SpringApplication.refresh(SpringApplication.java:756)
	at org.springframework.boot.SpringApplication.refreshContext(SpringApplication.java:445)
	at org.springframework.boot.SpringApplication.run(SpringApplication.java:321)
	at org.springframework.boot.SpringApplication.run(SpringApplication.java:1365)
	at org.springframework.boot.SpringApplication.run(SpringApplication.java:1354)
	at com.example.CineLogApplication.main(CineLogApplication.java:14)
	at java.base/jdk.internal.reflect.DirectMethodHandleAccessor.invoke(DirectMethodHandleAccessor.java:103)
	at java.base/java.lang.reflect.Method.invoke(Method.java:580)
	at org.springframework.boot.devtools.restart.RestartLauncher.run(RestartLauncher.java:52)
Caused by: java.sql.SQLSyntaxErrorException: ORA-02289: 시퀀스가 존재하지 않습니다.

https://docs.oracle.com/error-help/db/ora-02289/
	at oracle.jdbc.driver.T4CTTIoer11.processError(T4CTTIoer11.java:715)
	at oracle.jdbc.driver.T4CTTIoer11.processError(T4CTTIoer11.java:615)
	at oracle.jdbc.driver.T4C8Oall.processError(T4C8Oall.java:1372)
	at oracle.jdbc.driver.T4CTTIfun.receive(T4CTTIfun.java:972)
	at oracle.jdbc.driver.T4CTTIfun.doRPC(T4CTTIfun.java:237)
	at oracle.jdbc.driver.T4C8Oall.doOALL(T4C8Oall.java:524)
	at oracle.jdbc.driver.T4CStatement.doOall8(T4CStatement.java:197)
	at oracle.jdbc.driver.T4CStatement.executeForRows(T4CStatement.java:1408)
	at oracle.jdbc.driver.OracleStatement.executeSQLStatement(OracleStatement.java:2020)
	at oracle.jdbc.driver.OracleStatement.doExecuteWithTimeout(OracleStatement.java:1633)
	at oracle.jdbc.driver.OracleStatement.executeInternal(OracleStatement.java:2698)
	at oracle.jdbc.driver.OracleStatement.execute(OracleStatement.java:2647)
	at oracle.jdbc.driver.OracleStatementWrapper.execute(OracleStatementWrapper.java:349)
	at com.zaxxer.hikari.pool.ProxyStatement.execute(ProxyStatement.java:95)
	at com.zaxxer.hikari.pool.HikariProxyStatement.execute(HikariProxyStatement.java)
	at org.hibernate.tool.schema.internal.exec.GenerationTargetToDatabase.accept(GenerationTargetToDatabase.java:76)
	... 43 common frames omitted
Caused by: Error : 2289, Position : 14, SQL = drop sequence review_seq, Original SQL = drop sequence review_seq, Error Message = ORA-02289: 시퀀스가 존재하지 않습니다.

	at oracle.jdbc.driver.T4CTTIoer11.processError(T4CTTIoer11.java:723)
	... 58 common frames omitted
2026-04-01 15:20:08 [restartedMain] INFO  o.s.o.j.LocalContainerEntityManagerFactoryBean - Initialized JPA EntityManagerFactory for persistence unit 'default'
2026-04-01 15:20:08 [restartedMain] INFO  o.s.d.j.r.q.QueryEnhancerFactories - Hibernate is in classpath; If applicable, HQL parser will be used.
2026-04-01 15:20:09 [restartedMain] WARN  o.s.b.j.a.JpaBaseConfiguration$JpaWebConfiguration - spring.jpa.open-in-view is enabled by default. Therefore, database queries may be performed during view rendering. Explicitly configure spring.jpa.open-in-view to disable this warning
2026-04-01 15:20:09 [restartedMain] INFO  o.s.s.c.a.a.c.InitializeUserDetailsBeanManagerConfigurer$InitializeUserDetailsManagerConfigurer - Global AuthenticationManager configured with UserDetailsService bean with name memberDetailsService
2026-04-01 15:20:09 [restartedMain] INFO  o.s.b.w.a.WelcomePageHandlerMapping - Adding welcome page template: index
2026-04-01 15:20:09 [restartedMain] INFO  o.a.coyote.http11.Http11NioProtocol - Starting ProtocolHandler ["http-nio-8092"]
2026-04-01 15:20:09 [restartedMain] INFO  o.s.boot.tomcat.TomcatWebServer - Tomcat started on port 8092 (http) with context path '/'
2026-04-01 15:20:09 [restartedMain] INFO  com.example.CineLogApplication - Started CineLogApplication in 4.368 seconds (process running for 4.888)
2026-04-01 15:21:24 [http-nio-8092-exec-1] INFO  o.a.c.c.C.[Tomcat].[localhost].[/] - Initializing Spring DispatcherServlet 'dispatcherServlet'
2026-04-01 15:21:24 [http-nio-8092-exec-1] INFO  o.s.web.servlet.DispatcherServlet - Initializing Servlet 'dispatcherServlet'
2026-04-01 15:21:24 [http-nio-8092-exec-1] INFO  o.s.web.servlet.DispatcherServlet - Completed initialization in 1 ms
2026-04-01 15:21:24 [http-nio-8092-exec-1] INFO  c.e.i.ActivityLogInterceptor - [활동] 비로그인 | GET / | IP: 0:0:0:0:0:0:0:1
2026-04-01 15:21:24 [http-nio-8092-exec-4] INFO  c.e.i.ActivityLogInterceptor - [활동] 비로그인 | GET /error | IP: 0:0:0:0:0:0:0:1
2026-04-01 15:21:28 [http-nio-8092-exec-5] INFO  c.e.i.ActivityLogInterceptor - [활동] 비로그인 | GET /movie/list | IP: 0:0:0:0:0:0:0:1
2026-04-01 15:24:01 [File Watcher] INFO  o.s.b.d.a.LocalDevToolsAutoConfiguration$RestartingClassPathChangeChangedEventListener - Restarting due to 1 class path change (0 additions, 0 deletions, 1 modification)
2026-04-01 15:24:01 [Thread-1] INFO  o.s.boot.tomcat.GracefulShutdown - Commencing graceful shutdown. Waiting for active requests to complete
2026-04-01 15:24:01 [tomcat-shutdown] INFO  o.a.coyote.http11.Http11NioProtocol - Pausing ProtocolHandler ["http-nio-8092"]
2026-04-01 15:24:01 [tomcat-shutdown] INFO  o.s.boot.tomcat.GracefulShutdown - Graceful shutdown complete
2026-04-01 15:24:01 [Thread-1] INFO  o.a.coyote.http11.Http11NioProtocol - Stopping ProtocolHandler ["http-nio-8092"]
2026-04-01 15:24:01 [Thread-1] INFO  o.s.o.j.LocalContainerEntityManagerFactoryBean - Closing JPA EntityManagerFactory for persistence unit 'default'
2026-04-01 15:24:01 [Thread-1] INFO  com.zaxxer.hikari.HikariDataSource - HikariPool-1 - Shutdown initiated...
2026-04-01 15:24:01 [Thread-1] INFO  com.zaxxer.hikari.HikariDataSource - HikariPool-1 - Shutdown completed.
2026-04-01 15:24:01 [restartedMain] INFO  com.example.CineLogApplication - Starting CineLogApplication using Java 21.0.10 with PID 1392 (C:\Dev\WS_sts\cinelog\bin\main started by GGG in C:\Dev\WS_sts\cinelog)
2026-04-01 15:24:01 [restartedMain] INFO  com.example.CineLogApplication - No active profile set, falling back to 1 default profile: "default"
2026-04-01 15:24:01 [restartedMain] INFO  o.s.d.r.c.RepositoryConfigurationDelegate - Bootstrapping Spring Data JPA repositories in DEFAULT mode.
2026-04-01 15:24:01 [restartedMain] INFO  o.s.d.r.c.RepositoryConfigurationDelegate - Finished Spring Data repository scanning in 8 ms. Found 3 JPA repository interfaces.
2026-04-01 15:24:01 [restartedMain] INFO  o.s.boot.tomcat.TomcatWebServer - Tomcat initialized with port 8092 (http)
2026-04-01 15:24:01 [restartedMain] INFO  o.a.coyote.http11.Http11NioProtocol - Initializing ProtocolHandler ["http-nio-8092"]
2026-04-01 15:24:01 [restartedMain] INFO  o.a.catalina.core.StandardService - Starting service [Tomcat]
2026-04-01 15:24:01 [restartedMain] INFO  o.a.catalina.core.StandardEngine - Starting Servlet engine: [Apache Tomcat/11.0.20]
2026-04-01 15:24:01 [restartedMain] INFO  o.s.b.w.c.s.WebApplicationContextInitializer - Root WebApplicationContext: initialization completed in 225 ms
2026-04-01 15:24:01 [restartedMain] INFO  org.hibernate.orm.jpa - HHH008540: Processing PersistenceUnitInfo [name: default]
2026-04-01 15:24:01 [restartedMain] INFO  o.s.o.j.p.SpringPersistenceUnitInfo - No LoadTimeWeaver setup: ignoring JPA class transformer
2026-04-01 15:24:01 [restartedMain] INFO  com.zaxxer.hikari.HikariDataSource - HikariPool-2 - Starting...
2026-04-01 15:24:01 [restartedMain] INFO  com.zaxxer.hikari.pool.HikariPool - HikariPool-2 - Added connection oracle.jdbc.driver.T4CConnection@2e32043c
2026-04-01 15:24:01 [restartedMain] INFO  com.zaxxer.hikari.HikariDataSource - HikariPool-2 - Start completed.
2026-04-01 15:24:01 [restartedMain] WARN  org.hibernate.orm.jdbc - HHH100123: Low default JDBC fetch size: 10 (consider setting 'hibernate.jdbc.fetch_size')
2026-04-01 15:24:01 [restartedMain] INFO  o.hibernate.orm.connections.pooling - HHH10001005: Database info:
	Database JDBC URL [jdbc:oracle:thin:@//localhost:1521/testdb]
	Database driver: Oracle JDBC driver
	Database dialect: OracleDialect
	Database version: 19.3
	Default catalog/schema: undefined/GREEN
	Autocommit mode: undefined/unknown
	Isolation level: READ_COMMITTED [default READ_COMMITTED]
	JDBC fetch size: 10
	Pool: DataSourceConnectionProvider
	Minimum pool size: undefined/unknown
	Maximum pool size: undefined/unknown
2026-04-01 15:24:01 [restartedMain] INFO  org.hibernate.orm.core - HHH000489: No JTA platform available (set 'hibernate.transaction.jta.platform' to enable JTA platform integration)
2026-04-01 15:24:01 [restartedMain] WARN  o.h.t.s.i.ExceptionHandlerLoggedImpl - GenerationTarget encountered exception accepting command : Error executing DDL "drop table tbl_movie_members cascade constraints" via JDBC [ORA-00942: 테이블 또는 뷰가 존재하지 않습니다

https://docs.oracle.com/error-help/db/ora-00942/]
org.hibernate.tool.schema.spi.CommandAcceptanceException: Error executing DDL "drop table tbl_movie_members cascade constraints" via JDBC [ORA-00942: 테이블 또는 뷰가 존재하지 않습니다

https://docs.oracle.com/error-help/db/ora-00942/]
	at org.hibernate.tool.schema.internal.exec.GenerationTargetToDatabase.accept(GenerationTargetToDatabase.java:81)
	at org.hibernate.tool.schema.internal.Helper.applySqlString(Helper.java:218)
	at org.hibernate.tool.schema.internal.Helper.applySqlStrings(Helper.java:204)
	at org.hibernate.tool.schema.internal.SchemaDropperImpl.dropTables(SchemaDropperImpl.java:376)
	at org.hibernate.tool.schema.internal.SchemaDropperImpl.dropConstraintsTablesSequences(SchemaDropperImpl.java:248)
	at org.hibernate.tool.schema.internal.SchemaDropperImpl.dropFromMetadata(SchemaDropperImpl.java:210)
	at org.hibernate.tool.schema.internal.SchemaDropperImpl.performDrop(SchemaDropperImpl.java:182)
	at org.hibernate.tool.schema.internal.SchemaDropperImpl.doDrop(SchemaDropperImpl.java:152)
	at org.hibernate.tool.schema.internal.SchemaDropperImpl.doDrop(SchemaDropperImpl.java:112)
	at org.hibernate.tool.schema.spi.SchemaManagementToolCoordinator.performDatabaseAction(SchemaManagementToolCoordinator.java:227)
	at org.hibernate.tool.schema.spi.SchemaManagementToolCoordinator.lambda$process$1(SchemaManagementToolCoordinator.java:101)
	at java.base/java.util.HashMap.forEach(HashMap.java:1429)
	at org.hibernate.tool.schema.spi.SchemaManagementToolCoordinator.process(SchemaManagementToolCoordinator.java:100)
	at org.hibernate.boot.internal.SessionFactoryObserverForSchemaExport.sessionFactoryCreated(SessionFactoryObserverForSchemaExport.java:35)
	at org.hibernate.internal.SessionFactoryObserverChain.sessionFactoryCreated(SessionFactoryObserverChain.java:33)
	at org.hibernate.internal.SessionFactoryImpl.<init>(SessionFactoryImpl.java:323)
	at org.hibernate.internal.SessionFactoryRegistry.instantiateSessionFactory(SessionFactoryRegistry.java:64)
	at org.hibernate.boot.internal.SessionFactoryBuilderImpl.build(SessionFactoryBuilderImpl.java:437)
	at org.hibernate.jpa.boot.internal.EntityManagerFactoryBuilderImpl.build(EntityManagerFactoryBuilderImpl.java:1456)
	at org.springframework.orm.jpa.vendor.SpringHibernateJpaPersistenceProvider.createContainerEntityManagerFactory(SpringHibernateJpaPersistenceProvider.java:93)
	at org.springframework.orm.jpa.LocalContainerEntityManagerFactoryBean.createNativeEntityManagerFactory(LocalContainerEntityManagerFactoryBean.java:443)
	at org.springframework.orm.jpa.AbstractEntityManagerFactoryBean.buildNativeEntityManagerFactory(AbstractEntityManagerFactoryBean.java:436)
	at org.springframework.orm.jpa.AbstractEntityManagerFactoryBean.afterPropertiesSet(AbstractEntityManagerFactoryBean.java:411)
	at org.springframework.orm.jpa.LocalContainerEntityManagerFactoryBean.afterPropertiesSet(LocalContainerEntityManagerFactoryBean.java:419)
	at org.springframework.beans.factory.support.AbstractAutowireCapableBeanFactory.invokeInitMethods(AbstractAutowireCapableBeanFactory.java:1864)
	at org.springframework.beans.factory.support.AbstractAutowireCapableBeanFactory.initializeBean(AbstractAutowireCapableBeanFactory.java:1813)
	at org.springframework.beans.factory.support.AbstractAutowireCapableBeanFactory.doCreateBean(AbstractAutowireCapableBeanFactory.java:603)
	at org.springframework.beans.factory.support.AbstractAutowireCapableBeanFactory.createBean(AbstractAutowireCapableBeanFactory.java:525)
	at org.springframework.beans.factory.support.AbstractBeanFactory.lambda$doGetBean$0(AbstractBeanFactory.java:333)
	at org.springframework.beans.factory.support.DefaultSingletonBeanRegistry.getSingleton(DefaultSingletonBeanRegistry.java:371)
	at org.springframework.beans.factory.support.AbstractBeanFactory.doGetBean(AbstractBeanFactory.java:331)
	at org.springframework.beans.factory.support.AbstractBeanFactory.getBean(AbstractBeanFactory.java:201)
	at org.springframework.context.support.AbstractApplicationContext.finishBeanFactoryInitialization(AbstractApplicationContext.java:977)
	at org.springframework.context.support.AbstractApplicationContext.refresh(AbstractApplicationContext.java:621)
	at org.springframework.boot.web.server.servlet.context.ServletWebServerApplicationContext.refresh(ServletWebServerApplicationContext.java:143)
	at org.springframework.boot.SpringApplication.refresh(SpringApplication.java:756)
	at org.springframework.boot.SpringApplication.refreshContext(SpringApplication.java:445)
	at org.springframework.boot.SpringApplication.run(SpringApplication.java:321)
	at org.springframework.boot.SpringApplication.run(SpringApplication.java:1365)
	at org.springframework.boot.SpringApplication.run(SpringApplication.java:1354)
	at com.example.CineLogApplication.main(CineLogApplication.java:14)
	at java.base/jdk.internal.reflect.DirectMethodHandleAccessor.invoke(DirectMethodHandleAccessor.java:103)
	at java.base/java.lang.reflect.Method.invoke(Method.java:580)
	at org.springframework.boot.devtools.restart.RestartLauncher.run(RestartLauncher.java:52)
Caused by: java.sql.SQLSyntaxErrorException: ORA-00942: 테이블 또는 뷰가 존재하지 않습니다

https://docs.oracle.com/error-help/db/ora-00942/
	at oracle.jdbc.driver.T4CTTIoer11.processError(T4CTTIoer11.java:715)
	at oracle.jdbc.driver.T4CTTIoer11.processError(T4CTTIoer11.java:615)
	at oracle.jdbc.driver.T4C8Oall.processError(T4C8Oall.java:1372)
	at oracle.jdbc.driver.T4CTTIfun.receive(T4CTTIfun.java:972)
	at oracle.jdbc.driver.T4CTTIfun.doRPC(T4CTTIfun.java:237)
	at oracle.jdbc.driver.T4C8Oall.doOALL(T4C8Oall.java:524)
	at oracle.jdbc.driver.T4CStatement.doOall8(T4CStatement.java:197)
	at oracle.jdbc.driver.T4CStatement.executeForRows(T4CStatement.java:1408)
	at oracle.jdbc.driver.OracleStatement.executeSQLStatement(OracleStatement.java:2020)
	at oracle.jdbc.driver.OracleStatement.doExecuteWithTimeout(OracleStatement.java:1633)
	at oracle.jdbc.driver.OracleStatement.executeInternal(OracleStatement.java:2698)
	at oracle.jdbc.driver.OracleStatement.execute(OracleStatement.java:2647)
	at oracle.jdbc.driver.OracleStatementWrapper.execute(OracleStatementWrapper.java:349)
	at com.zaxxer.hikari.pool.ProxyStatement.execute(ProxyStatement.java:95)
	at com.zaxxer.hikari.pool.HikariProxyStatement.execute(HikariProxyStatement.java)
	at org.hibernate.tool.schema.internal.exec.GenerationTargetToDatabase.accept(GenerationTargetToDatabase.java:76)
	... 43 common frames omitted
Caused by: Error : 942, Position : 11, SQL = drop table tbl_movie_members cascade constraints, Original SQL = drop table tbl_movie_members cascade constraints, Error Message = ORA-00942: 테이블 또는 뷰가 존재하지 않습니다

	at oracle.jdbc.driver.T4CTTIoer11.processError(T4CTTIoer11.java:723)
	... 58 common frames omitted
2026-04-01 15:24:01 [restartedMain] WARN  o.h.t.s.i.ExceptionHandlerLoggedImpl - GenerationTarget encountered exception accepting command : Error executing DDL "drop table tbl_movies cascade constraints" via JDBC [ORA-00942: 테이블 또는 뷰가 존재하지 않습니다

https://docs.oracle.com/error-help/db/ora-00942/]
org.hibernate.tool.schema.spi.CommandAcceptanceException: Error executing DDL "drop table tbl_movies cascade constraints" via JDBC [ORA-00942: 테이블 또는 뷰가 존재하지 않습니다

https://docs.oracle.com/error-help/db/ora-00942/]
	at org.hibernate.tool.schema.internal.exec.GenerationTargetToDatabase.accept(GenerationTargetToDatabase.java:81)
	at org.hibernate.tool.schema.internal.Helper.applySqlString(Helper.java:218)
	at org.hibernate.tool.schema.internal.Helper.applySqlStrings(Helper.java:204)
	at org.hibernate.tool.schema.internal.SchemaDropperImpl.dropTables(SchemaDropperImpl.java:376)
	at org.hibernate.tool.schema.internal.SchemaDropperImpl.dropConstraintsTablesSequences(SchemaDropperImpl.java:248)
	at org.hibernate.tool.schema.internal.SchemaDropperImpl.dropFromMetadata(SchemaDropperImpl.java:210)
	at org.hibernate.tool.schema.internal.SchemaDropperImpl.performDrop(SchemaDropperImpl.java:182)
	at org.hibernate.tool.schema.internal.SchemaDropperImpl.doDrop(SchemaDropperImpl.java:152)
	at org.hibernate.tool.schema.internal.SchemaDropperImpl.doDrop(SchemaDropperImpl.java:112)
	at org.hibernate.tool.schema.spi.SchemaManagementToolCoordinator.performDatabaseAction(SchemaManagementToolCoordinator.java:227)
	at org.hibernate.tool.schema.spi.SchemaManagementToolCoordinator.lambda$process$1(SchemaManagementToolCoordinator.java:101)
	at java.base/java.util.HashMap.forEach(HashMap.java:1429)
	at org.hibernate.tool.schema.spi.SchemaManagementToolCoordinator.process(SchemaManagementToolCoordinator.java:100)
	at org.hibernate.boot.internal.SessionFactoryObserverForSchemaExport.sessionFactoryCreated(SessionFactoryObserverForSchemaExport.java:35)
	at org.hibernate.internal.SessionFactoryObserverChain.sessionFactoryCreated(SessionFactoryObserverChain.java:33)
	at org.hibernate.internal.SessionFactoryImpl.<init>(SessionFactoryImpl.java:323)
	at org.hibernate.internal.SessionFactoryRegistry.instantiateSessionFactory(SessionFactoryRegistry.java:64)
	at org.hibernate.boot.internal.SessionFactoryBuilderImpl.build(SessionFactoryBuilderImpl.java:437)
	at org.hibernate.jpa.boot.internal.EntityManagerFactoryBuilderImpl.build(EntityManagerFactoryBuilderImpl.java:1456)
	at org.springframework.orm.jpa.vendor.SpringHibernateJpaPersistenceProvider.createContainerEntityManagerFactory(SpringHibernateJpaPersistenceProvider.java:93)
	at org.springframework.orm.jpa.LocalContainerEntityManagerFactoryBean.createNativeEntityManagerFactory(LocalContainerEntityManagerFactoryBean.java:443)
	at org.springframework.orm.jpa.AbstractEntityManagerFactoryBean.buildNativeEntityManagerFactory(AbstractEntityManagerFactoryBean.java:436)
	at org.springframework.orm.jpa.AbstractEntityManagerFactoryBean.afterPropertiesSet(AbstractEntityManagerFactoryBean.java:411)
	at org.springframework.orm.jpa.LocalContainerEntityManagerFactoryBean.afterPropertiesSet(LocalContainerEntityManagerFactoryBean.java:419)
	at org.springframework.beans.factory.support.AbstractAutowireCapableBeanFactory.invokeInitMethods(AbstractAutowireCapableBeanFactory.java:1864)
	at org.springframework.beans.factory.support.AbstractAutowireCapableBeanFactory.initializeBean(AbstractAutowireCapableBeanFactory.java:1813)
	at org.springframework.beans.factory.support.AbstractAutowireCapableBeanFactory.doCreateBean(AbstractAutowireCapableBeanFactory.java:603)
	at org.springframework.beans.factory.support.AbstractAutowireCapableBeanFactory.createBean(AbstractAutowireCapableBeanFactory.java:525)
	at org.springframework.beans.factory.support.AbstractBeanFactory.lambda$doGetBean$0(AbstractBeanFactory.java:333)
	at org.springframework.beans.factory.support.DefaultSingletonBeanRegistry.getSingleton(DefaultSingletonBeanRegistry.java:371)
	at org.springframework.beans.factory.support.AbstractBeanFactory.doGetBean(AbstractBeanFactory.java:331)
	at org.springframework.beans.factory.support.AbstractBeanFactory.getBean(AbstractBeanFactory.java:201)
	at org.springframework.context.support.AbstractApplicationContext.finishBeanFactoryInitialization(AbstractApplicationContext.java:977)
	at org.springframework.context.support.AbstractApplicationContext.refresh(AbstractApplicationContext.java:621)
	at org.springframework.boot.web.server.servlet.context.ServletWebServerApplicationContext.refresh(ServletWebServerApplicationContext.java:143)
	at org.springframework.boot.SpringApplication.refresh(SpringApplication.java:756)
	at org.springframework.boot.SpringApplication.refreshContext(SpringApplication.java:445)
	at org.springframework.boot.SpringApplication.run(SpringApplication.java:321)
	at org.springframework.boot.SpringApplication.run(SpringApplication.java:1365)
	at org.springframework.boot.SpringApplication.run(SpringApplication.java:1354)
	at com.example.CineLogApplication.main(CineLogApplication.java:14)
	at java.base/jdk.internal.reflect.DirectMethodHandleAccessor.invoke(DirectMethodHandleAccessor.java:103)
	at java.base/java.lang.reflect.Method.invoke(Method.java:580)
	at org.springframework.boot.devtools.restart.RestartLauncher.run(RestartLauncher.java:52)
Caused by: java.sql.SQLSyntaxErrorException: ORA-00942: 테이블 또는 뷰가 존재하지 않습니다

https://docs.oracle.com/error-help/db/ora-00942/
	at oracle.jdbc.driver.T4CTTIoer11.processError(T4CTTIoer11.java:715)
	at oracle.jdbc.driver.T4CTTIoer11.processError(T4CTTIoer11.java:615)
	at oracle.jdbc.driver.T4C8Oall.processError(T4C8Oall.java:1372)
	at oracle.jdbc.driver.T4CTTIfun.receive(T4CTTIfun.java:972)
	at oracle.jdbc.driver.T4CTTIfun.doRPC(T4CTTIfun.java:237)
	at oracle.jdbc.driver.T4C8Oall.doOALL(T4C8Oall.java:524)
	at oracle.jdbc.driver.T4CStatement.doOall8(T4CStatement.java:197)
	at oracle.jdbc.driver.T4CStatement.executeForRows(T4CStatement.java:1408)
	at oracle.jdbc.driver.OracleStatement.executeSQLStatement(OracleStatement.java:2020)
	at oracle.jdbc.driver.OracleStatement.doExecuteWithTimeout(OracleStatement.java:1633)
	at oracle.jdbc.driver.OracleStatement.executeInternal(OracleStatement.java:2698)
	at oracle.jdbc.driver.OracleStatement.execute(OracleStatement.java:2647)
	at oracle.jdbc.driver.OracleStatementWrapper.execute(OracleStatementWrapper.java:349)
	at com.zaxxer.hikari.pool.ProxyStatement.execute(ProxyStatement.java:95)
	at com.zaxxer.hikari.pool.HikariProxyStatement.execute(HikariProxyStatement.java)
	at org.hibernate.tool.schema.internal.exec.GenerationTargetToDatabase.accept(GenerationTargetToDatabase.java:76)
	... 43 common frames omitted
Caused by: Error : 942, Position : 11, SQL = drop table tbl_movies cascade constraints, Original SQL = drop table tbl_movies cascade constraints, Error Message = ORA-00942: 테이블 또는 뷰가 존재하지 않습니다

	at oracle.jdbc.driver.T4CTTIoer11.processError(T4CTTIoer11.java:723)
	... 58 common frames omitted
2026-04-01 15:24:01 [restartedMain] WARN  o.h.t.s.i.ExceptionHandlerLoggedImpl - GenerationTarget encountered exception accepting command : Error executing DDL "drop table tbl_reviews cascade constraints" via JDBC [ORA-00942: 테이블 또는 뷰가 존재하지 않습니다

https://docs.oracle.com/error-help/db/ora-00942/]
org.hibernate.tool.schema.spi.CommandAcceptanceException: Error executing DDL "drop table tbl_reviews cascade constraints" via JDBC [ORA-00942: 테이블 또는 뷰가 존재하지 않습니다

https://docs.oracle.com/error-help/db/ora-00942/]
	at org.hibernate.tool.schema.internal.exec.GenerationTargetToDatabase.accept(GenerationTargetToDatabase.java:81)
	at org.hibernate.tool.schema.internal.Helper.applySqlString(Helper.java:218)
	at org.hibernate.tool.schema.internal.Helper.applySqlStrings(Helper.java:204)
	at org.hibernate.tool.schema.internal.SchemaDropperImpl.dropTables(SchemaDropperImpl.java:376)
	at org.hibernate.tool.schema.internal.SchemaDropperImpl.dropConstraintsTablesSequences(SchemaDropperImpl.java:248)
	at org.hibernate.tool.schema.internal.SchemaDropperImpl.dropFromMetadata(SchemaDropperImpl.java:210)
	at org.hibernate.tool.schema.internal.SchemaDropperImpl.performDrop(SchemaDropperImpl.java:182)
	at org.hibernate.tool.schema.internal.SchemaDropperImpl.doDrop(SchemaDropperImpl.java:152)
	at org.hibernate.tool.schema.internal.SchemaDropperImpl.doDrop(SchemaDropperImpl.java:112)
	at org.hibernate.tool.schema.spi.SchemaManagementToolCoordinator.performDatabaseAction(SchemaManagementToolCoordinator.java:227)
	at org.hibernate.tool.schema.spi.SchemaManagementToolCoordinator.lambda$process$1(SchemaManagementToolCoordinator.java:101)
	at java.base/java.util.HashMap.forEach(HashMap.java:1429)
	at org.hibernate.tool.schema.spi.SchemaManagementToolCoordinator.process(SchemaManagementToolCoordinator.java:100)
	at org.hibernate.boot.internal.SessionFactoryObserverForSchemaExport.sessionFactoryCreated(SessionFactoryObserverForSchemaExport.java:35)
	at org.hibernate.internal.SessionFactoryObserverChain.sessionFactoryCreated(SessionFactoryObserverChain.java:33)
	at org.hibernate.internal.SessionFactoryImpl.<init>(SessionFactoryImpl.java:323)
	at org.hibernate.internal.SessionFactoryRegistry.instantiateSessionFactory(SessionFactoryRegistry.java:64)
	at org.hibernate.boot.internal.SessionFactoryBuilderImpl.build(SessionFactoryBuilderImpl.java:437)
	at org.hibernate.jpa.boot.internal.EntityManagerFactoryBuilderImpl.build(EntityManagerFactoryBuilderImpl.java:1456)
	at org.springframework.orm.jpa.vendor.SpringHibernateJpaPersistenceProvider.createContainerEntityManagerFactory(SpringHibernateJpaPersistenceProvider.java:93)
	at org.springframework.orm.jpa.LocalContainerEntityManagerFactoryBean.createNativeEntityManagerFactory(LocalContainerEntityManagerFactoryBean.java:443)
	at org.springframework.orm.jpa.AbstractEntityManagerFactoryBean.buildNativeEntityManagerFactory(AbstractEntityManagerFactoryBean.java:436)
	at org.springframework.orm.jpa.AbstractEntityManagerFactoryBean.afterPropertiesSet(AbstractEntityManagerFactoryBean.java:411)
	at org.springframework.orm.jpa.LocalContainerEntityManagerFactoryBean.afterPropertiesSet(LocalContainerEntityManagerFactoryBean.java:419)
	at org.springframework.beans.factory.support.AbstractAutowireCapableBeanFactory.invokeInitMethods(AbstractAutowireCapableBeanFactory.java:1864)
	at org.springframework.beans.factory.support.AbstractAutowireCapableBeanFactory.initializeBean(AbstractAutowireCapableBeanFactory.java:1813)
	at org.springframework.beans.factory.support.AbstractAutowireCapableBeanFactory.doCreateBean(AbstractAutowireCapableBeanFactory.java:603)
	at org.springframework.beans.factory.support.AbstractAutowireCapableBeanFactory.createBean(AbstractAutowireCapableBeanFactory.java:525)
	at org.springframework.beans.factory.support.AbstractBeanFactory.lambda$doGetBean$0(AbstractBeanFactory.java:333)
	at org.springframework.beans.factory.support.DefaultSingletonBeanRegistry.getSingleton(DefaultSingletonBeanRegistry.java:371)
	at org.springframework.beans.factory.support.AbstractBeanFactory.doGetBean(AbstractBeanFactory.java:331)
	at org.springframework.beans.factory.support.AbstractBeanFactory.getBean(AbstractBeanFactory.java:201)
	at org.springframework.context.support.AbstractApplicationContext.finishBeanFactoryInitialization(AbstractApplicationContext.java:977)
	at org.springframework.context.support.AbstractApplicationContext.refresh(AbstractApplicationContext.java:621)
	at org.springframework.boot.web.server.servlet.context.ServletWebServerApplicationContext.refresh(ServletWebServerApplicationContext.java:143)
	at org.springframework.boot.SpringApplication.refresh(SpringApplication.java:756)
	at org.springframework.boot.SpringApplication.refreshContext(SpringApplication.java:445)
	at org.springframework.boot.SpringApplication.run(SpringApplication.java:321)
	at org.springframework.boot.SpringApplication.run(SpringApplication.java:1365)
	at org.springframework.boot.SpringApplication.run(SpringApplication.java:1354)
	at com.example.CineLogApplication.main(CineLogApplication.java:14)
	at java.base/jdk.internal.reflect.DirectMethodHandleAccessor.invoke(DirectMethodHandleAccessor.java:103)
	at java.base/java.lang.reflect.Method.invoke(Method.java:580)
	at org.springframework.boot.devtools.restart.RestartLauncher.run(RestartLauncher.java:52)
Caused by: java.sql.SQLSyntaxErrorException: ORA-00942: 테이블 또는 뷰가 존재하지 않습니다

https://docs.oracle.com/error-help/db/ora-00942/
	at oracle.jdbc.driver.T4CTTIoer11.processError(T4CTTIoer11.java:715)
	at oracle.jdbc.driver.T4CTTIoer11.processError(T4CTTIoer11.java:615)
	at oracle.jdbc.driver.T4C8Oall.processError(T4C8Oall.java:1372)
	at oracle.jdbc.driver.T4CTTIfun.receive(T4CTTIfun.java:972)
	at oracle.jdbc.driver.T4CTTIfun.doRPC(T4CTTIfun.java:237)
	at oracle.jdbc.driver.T4C8Oall.doOALL(T4C8Oall.java:524)
	at oracle.jdbc.driver.T4CStatement.doOall8(T4CStatement.java:197)
	at oracle.jdbc.driver.T4CStatement.executeForRows(T4CStatement.java:1408)
	at oracle.jdbc.driver.OracleStatement.executeSQLStatement(OracleStatement.java:2020)
	at oracle.jdbc.driver.OracleStatement.doExecuteWithTimeout(OracleStatement.java:1633)
	at oracle.jdbc.driver.OracleStatement.executeInternal(OracleStatement.java:2698)
	at oracle.jdbc.driver.OracleStatement.execute(OracleStatement.java:2647)
	at oracle.jdbc.driver.OracleStatementWrapper.execute(OracleStatementWrapper.java:349)
	at com.zaxxer.hikari.pool.ProxyStatement.execute(ProxyStatement.java:95)
	at com.zaxxer.hikari.pool.HikariProxyStatement.execute(HikariProxyStatement.java)
	at org.hibernate.tool.schema.internal.exec.GenerationTargetToDatabase.accept(GenerationTargetToDatabase.java:76)
	... 43 common frames omitted
Caused by: Error : 942, Position : 11, SQL = drop table tbl_reviews cascade constraints, Original SQL = drop table tbl_reviews cascade constraints, Error Message = ORA-00942: 테이블 또는 뷰가 존재하지 않습니다

	at oracle.jdbc.driver.T4CTTIoer11.processError(T4CTTIoer11.java:723)
	... 58 common frames omitted
2026-04-01 15:24:01 [restartedMain] WARN  o.h.t.s.i.ExceptionHandlerLoggedImpl - GenerationTarget encountered exception accepting command : Error executing DDL "drop sequence movie_seq" via JDBC [ORA-02289: 시퀀스가 존재하지 않습니다.

https://docs.oracle.com/error-help/db/ora-02289/]
org.hibernate.tool.schema.spi.CommandAcceptanceException: Error executing DDL "drop sequence movie_seq" via JDBC [ORA-02289: 시퀀스가 존재하지 않습니다.

https://docs.oracle.com/error-help/db/ora-02289/]
	at org.hibernate.tool.schema.internal.exec.GenerationTargetToDatabase.accept(GenerationTargetToDatabase.java:81)
	at org.hibernate.tool.schema.internal.Helper.applySqlString(Helper.java:218)
	at org.hibernate.tool.schema.internal.Helper.applySqlStrings(Helper.java:204)
	at org.hibernate.tool.schema.internal.SchemaDropperImpl.dropSequences(SchemaDropperImpl.java:335)
	at org.hibernate.tool.schema.internal.SchemaDropperImpl.dropConstraintsTablesSequences(SchemaDropperImpl.java:261)
	at org.hibernate.tool.schema.internal.SchemaDropperImpl.dropFromMetadata(SchemaDropperImpl.java:210)
	at org.hibernate.tool.schema.internal.SchemaDropperImpl.performDrop(SchemaDropperImpl.java:182)
	at org.hibernate.tool.schema.internal.SchemaDropperImpl.doDrop(SchemaDropperImpl.java:152)
	at org.hibernate.tool.schema.internal.SchemaDropperImpl.doDrop(SchemaDropperImpl.java:112)
	at org.hibernate.tool.schema.spi.SchemaManagementToolCoordinator.performDatabaseAction(SchemaManagementToolCoordinator.java:227)
	at org.hibernate.tool.schema.spi.SchemaManagementToolCoordinator.lambda$process$1(SchemaManagementToolCoordinator.java:101)
	at java.base/java.util.HashMap.forEach(HashMap.java:1429)
	at org.hibernate.tool.schema.spi.SchemaManagementToolCoordinator.process(SchemaManagementToolCoordinator.java:100)
	at org.hibernate.boot.internal.SessionFactoryObserverForSchemaExport.sessionFactoryCreated(SessionFactoryObserverForSchemaExport.java:35)
	at org.hibernate.internal.SessionFactoryObserverChain.sessionFactoryCreated(SessionFactoryObserverChain.java:33)
	at org.hibernate.internal.SessionFactoryImpl.<init>(SessionFactoryImpl.java:323)
	at org.hibernate.internal.SessionFactoryRegistry.instantiateSessionFactory(SessionFactoryRegistry.java:64)
	at org.hibernate.boot.internal.SessionFactoryBuilderImpl.build(SessionFactoryBuilderImpl.java:437)
	at org.hibernate.jpa.boot.internal.EntityManagerFactoryBuilderImpl.build(EntityManagerFactoryBuilderImpl.java:1456)
	at org.springframework.orm.jpa.vendor.SpringHibernateJpaPersistenceProvider.createContainerEntityManagerFactory(SpringHibernateJpaPersistenceProvider.java:93)
	at org.springframework.orm.jpa.LocalContainerEntityManagerFactoryBean.createNativeEntityManagerFactory(LocalContainerEntityManagerFactoryBean.java:443)
	at org.springframework.orm.jpa.AbstractEntityManagerFactoryBean.buildNativeEntityManagerFactory(AbstractEntityManagerFactoryBean.java:436)
	at org.springframework.orm.jpa.AbstractEntityManagerFactoryBean.afterPropertiesSet(AbstractEntityManagerFactoryBean.java:411)
	at org.springframework.orm.jpa.LocalContainerEntityManagerFactoryBean.afterPropertiesSet(LocalContainerEntityManagerFactoryBean.java:419)
	at org.springframework.beans.factory.support.AbstractAutowireCapableBeanFactory.invokeInitMethods(AbstractAutowireCapableBeanFactory.java:1864)
	at org.springframework.beans.factory.support.AbstractAutowireCapableBeanFactory.initializeBean(AbstractAutowireCapableBeanFactory.java:1813)
	at org.springframework.beans.factory.support.AbstractAutowireCapableBeanFactory.doCreateBean(AbstractAutowireCapableBeanFactory.java:603)
	at org.springframework.beans.factory.support.AbstractAutowireCapableBeanFactory.createBean(AbstractAutowireCapableBeanFactory.java:525)
	at org.springframework.beans.factory.support.AbstractBeanFactory.lambda$doGetBean$0(AbstractBeanFactory.java:333)
	at org.springframework.beans.factory.support.DefaultSingletonBeanRegistry.getSingleton(DefaultSingletonBeanRegistry.java:371)
	at org.springframework.beans.factory.support.AbstractBeanFactory.doGetBean(AbstractBeanFactory.java:331)
	at org.springframework.beans.factory.support.AbstractBeanFactory.getBean(AbstractBeanFactory.java:201)
	at org.springframework.context.support.AbstractApplicationContext.finishBeanFactoryInitialization(AbstractApplicationContext.java:977)
	at org.springframework.context.support.AbstractApplicationContext.refresh(AbstractApplicationContext.java:621)
	at org.springframework.boot.web.server.servlet.context.ServletWebServerApplicationContext.refresh(ServletWebServerApplicationContext.java:143)
	at org.springframework.boot.SpringApplication.refresh(SpringApplication.java:756)
	at org.springframework.boot.SpringApplication.refreshContext(SpringApplication.java:445)
	at org.springframework.boot.SpringApplication.run(SpringApplication.java:321)
	at org.springframework.boot.SpringApplication.run(SpringApplication.java:1365)
	at org.springframework.boot.SpringApplication.run(SpringApplication.java:1354)
	at com.example.CineLogApplication.main(CineLogApplication.java:14)
	at java.base/jdk.internal.reflect.DirectMethodHandleAccessor.invoke(DirectMethodHandleAccessor.java:103)
	at java.base/java.lang.reflect.Method.invoke(Method.java:580)
	at org.springframework.boot.devtools.restart.RestartLauncher.run(RestartLauncher.java:52)
Caused by: java.sql.SQLSyntaxErrorException: ORA-02289: 시퀀스가 존재하지 않습니다.

https://docs.oracle.com/error-help/db/ora-02289/
	at oracle.jdbc.driver.T4CTTIoer11.processError(T4CTTIoer11.java:715)
	at oracle.jdbc.driver.T4CTTIoer11.processError(T4CTTIoer11.java:615)
	at oracle.jdbc.driver.T4C8Oall.processError(T4C8Oall.java:1372)
	at oracle.jdbc.driver.T4CTTIfun.receive(T4CTTIfun.java:972)
	at oracle.jdbc.driver.T4CTTIfun.doRPC(T4CTTIfun.java:237)
	at oracle.jdbc.driver.T4C8Oall.doOALL(T4C8Oall.java:524)
	at oracle.jdbc.driver.T4CStatement.doOall8(T4CStatement.java:197)
	at oracle.jdbc.driver.T4CStatement.executeForRows(T4CStatement.java:1408)
	at oracle.jdbc.driver.OracleStatement.executeSQLStatement(OracleStatement.java:2020)
	at oracle.jdbc.driver.OracleStatement.doExecuteWithTimeout(OracleStatement.java:1633)
	at oracle.jdbc.driver.OracleStatement.executeInternal(OracleStatement.java:2698)
	at oracle.jdbc.driver.OracleStatement.execute(OracleStatement.java:2647)
	at oracle.jdbc.driver.OracleStatementWrapper.execute(OracleStatementWrapper.java:349)
	at com.zaxxer.hikari.pool.ProxyStatement.execute(ProxyStatement.java:95)
	at com.zaxxer.hikari.pool.HikariProxyStatement.execute(HikariProxyStatement.java)
	at org.hibernate.tool.schema.internal.exec.GenerationTargetToDatabase.accept(GenerationTargetToDatabase.java:76)
	... 43 common frames omitted
Caused by: Error : 2289, Position : 14, SQL = drop sequence movie_seq, Original SQL = drop sequence movie_seq, Error Message = ORA-02289: 시퀀스가 존재하지 않습니다.

	at oracle.jdbc.driver.T4CTTIoer11.processError(T4CTTIoer11.java:723)
	... 58 common frames omitted
2026-04-01 15:24:01 [restartedMain] WARN  o.h.t.s.i.ExceptionHandlerLoggedImpl - GenerationTarget encountered exception accepting command : Error executing DDL "drop sequence review_seq" via JDBC [ORA-02289: 시퀀스가 존재하지 않습니다.

https://docs.oracle.com/error-help/db/ora-02289/]
org.hibernate.tool.schema.spi.CommandAcceptanceException: Error executing DDL "drop sequence review_seq" via JDBC [ORA-02289: 시퀀스가 존재하지 않습니다.

https://docs.oracle.com/error-help/db/ora-02289/]
	at org.hibernate.tool.schema.internal.exec.GenerationTargetToDatabase.accept(GenerationTargetToDatabase.java:81)
	at org.hibernate.tool.schema.internal.Helper.applySqlString(Helper.java:218)
	at org.hibernate.tool.schema.internal.Helper.applySqlStrings(Helper.java:204)
	at org.hibernate.tool.schema.internal.SchemaDropperImpl.dropSequences(SchemaDropperImpl.java:335)
	at org.hibernate.tool.schema.internal.SchemaDropperImpl.dropConstraintsTablesSequences(SchemaDropperImpl.java:261)
	at org.hibernate.tool.schema.internal.SchemaDropperImpl.dropFromMetadata(SchemaDropperImpl.java:210)
	at org.hibernate.tool.schema.internal.SchemaDropperImpl.performDrop(SchemaDropperImpl.java:182)
	at org.hibernate.tool.schema.internal.SchemaDropperImpl.doDrop(SchemaDropperImpl.java:152)
	at org.hibernate.tool.schema.internal.SchemaDropperImpl.doDrop(SchemaDropperImpl.java:112)
	at org.hibernate.tool.schema.spi.SchemaManagementToolCoordinator.performDatabaseAction(SchemaManagementToolCoordinator.java:227)
	at org.hibernate.tool.schema.spi.SchemaManagementToolCoordinator.lambda$process$1(SchemaManagementToolCoordinator.java:101)
	at java.base/java.util.HashMap.forEach(HashMap.java:1429)
	at org.hibernate.tool.schema.spi.SchemaManagementToolCoordinator.process(SchemaManagementToolCoordinator.java:100)
	at org.hibernate.boot.internal.SessionFactoryObserverForSchemaExport.sessionFactoryCreated(SessionFactoryObserverForSchemaExport.java:35)
	at org.hibernate.internal.SessionFactoryObserverChain.sessionFactoryCreated(SessionFactoryObserverChain.java:33)
	at org.hibernate.internal.SessionFactoryImpl.<init>(SessionFactoryImpl.java:323)
	at org.hibernate.internal.SessionFactoryRegistry.instantiateSessionFactory(SessionFactoryRegistry.java:64)
	at org.hibernate.boot.internal.SessionFactoryBuilderImpl.build(SessionFactoryBuilderImpl.java:437)
	at org.hibernate.jpa.boot.internal.EntityManagerFactoryBuilderImpl.build(EntityManagerFactoryBuilderImpl.java:1456)
	at org.springframework.orm.jpa.vendor.SpringHibernateJpaPersistenceProvider.createContainerEntityManagerFactory(SpringHibernateJpaPersistenceProvider.java:93)
	at org.springframework.orm.jpa.LocalContainerEntityManagerFactoryBean.createNativeEntityManagerFactory(LocalContainerEntityManagerFactoryBean.java:443)
	at org.springframework.orm.jpa.AbstractEntityManagerFactoryBean.buildNativeEntityManagerFactory(AbstractEntityManagerFactoryBean.java:436)
	at org.springframework.orm.jpa.AbstractEntityManagerFactoryBean.afterPropertiesSet(AbstractEntityManagerFactoryBean.java:411)
	at org.springframework.orm.jpa.LocalContainerEntityManagerFactoryBean.afterPropertiesSet(LocalContainerEntityManagerFactoryBean.java:419)
	at org.springframework.beans.factory.support.AbstractAutowireCapableBeanFactory.invokeInitMethods(AbstractAutowireCapableBeanFactory.java:1864)
	at org.springframework.beans.factory.support.AbstractAutowireCapableBeanFactory.initializeBean(AbstractAutowireCapableBeanFactory.java:1813)
	at org.springframework.beans.factory.support.AbstractAutowireCapableBeanFactory.doCreateBean(AbstractAutowireCapableBeanFactory.java:603)
	at org.springframework.beans.factory.support.AbstractAutowireCapableBeanFactory.createBean(AbstractAutowireCapableBeanFactory.java:525)
	at org.springframework.beans.factory.support.AbstractBeanFactory.lambda$doGetBean$0(AbstractBeanFactory.java:333)
	at org.springframework.beans.factory.support.DefaultSingletonBeanRegistry.getSingleton(DefaultSingletonBeanRegistry.java:371)
	at org.springframework.beans.factory.support.AbstractBeanFactory.doGetBean(AbstractBeanFactory.java:331)
	at org.springframework.beans.factory.support.AbstractBeanFactory.getBean(AbstractBeanFactory.java:201)
	at org.springframework.context.support.AbstractApplicationContext.finishBeanFactoryInitialization(AbstractApplicationContext.java:977)
	at org.springframework.context.support.AbstractApplicationContext.refresh(AbstractApplicationContext.java:621)
	at org.springframework.boot.web.server.servlet.context.ServletWebServerApplicationContext.refresh(ServletWebServerApplicationContext.java:143)
	at org.springframework.boot.SpringApplication.refresh(SpringApplication.java:756)
	at org.springframework.boot.SpringApplication.refreshContext(SpringApplication.java:445)
	at org.springframework.boot.SpringApplication.run(SpringApplication.java:321)
	at org.springframework.boot.SpringApplication.run(SpringApplication.java:1365)
	at org.springframework.boot.SpringApplication.run(SpringApplication.java:1354)
	at com.example.CineLogApplication.main(CineLogApplication.java:14)
	at java.base/jdk.internal.reflect.DirectMethodHandleAccessor.invoke(DirectMethodHandleAccessor.java:103)
	at java.base/java.lang.reflect.Method.invoke(Method.java:580)
	at org.springframework.boot.devtools.restart.RestartLauncher.run(RestartLauncher.java:52)
Caused by: java.sql.SQLSyntaxErrorException: ORA-02289: 시퀀스가 존재하지 않습니다.

https://docs.oracle.com/error-help/db/ora-02289/
	at oracle.jdbc.driver.T4CTTIoer11.processError(T4CTTIoer11.java:715)
	at oracle.jdbc.driver.T4CTTIoer11.processError(T4CTTIoer11.java:615)
	at oracle.jdbc.driver.T4C8Oall.processError(T4C8Oall.java:1372)
	at oracle.jdbc.driver.T4CTTIfun.receive(T4CTTIfun.java:972)
	at oracle.jdbc.driver.T4CTTIfun.doRPC(T4CTTIfun.java:237)
	at oracle.jdbc.driver.T4C8Oall.doOALL(T4C8Oall.java:524)
	at oracle.jdbc.driver.T4CStatement.doOall8(T4CStatement.java:197)
	at oracle.jdbc.driver.T4CStatement.executeForRows(T4CStatement.java:1408)
	at oracle.jdbc.driver.OracleStatement.executeSQLStatement(OracleStatement.java:2020)
	at oracle.jdbc.driver.OracleStatement.doExecuteWithTimeout(OracleStatement.java:1633)
	at oracle.jdbc.driver.OracleStatement.executeInternal(OracleStatement.java:2698)
	at oracle.jdbc.driver.OracleStatement.execute(OracleStatement.java:2647)
	at oracle.jdbc.driver.OracleStatementWrapper.execute(OracleStatementWrapper.java:349)
	at com.zaxxer.hikari.pool.ProxyStatement.execute(ProxyStatement.java:95)
	at com.zaxxer.hikari.pool.HikariProxyStatement.execute(HikariProxyStatement.java)
	at org.hibernate.tool.schema.internal.exec.GenerationTargetToDatabase.accept(GenerationTargetToDatabase.java:76)
	... 43 common frames omitted
Caused by: Error : 2289, Position : 14, SQL = drop sequence review_seq, Original SQL = drop sequence review_seq, Error Message = ORA-02289: 시퀀스가 존재하지 않습니다.

	at oracle.jdbc.driver.T4CTTIoer11.processError(T4CTTIoer11.java:723)
	... 58 common frames omitted
2026-04-01 15:24:01 [restartedMain] INFO  o.s.o.j.LocalContainerEntityManagerFactoryBean - Initialized JPA EntityManagerFactory for persistence unit 'default'
2026-04-01 15:24:01 [restartedMain] WARN  o.s.b.j.a.JpaBaseConfiguration$JpaWebConfiguration - spring.jpa.open-in-view is enabled by default. Therefore, database queries may be performed during view rendering. Explicitly configure spring.jpa.open-in-view to disable this warning
2026-04-01 15:24:01 [restartedMain] INFO  o.s.s.c.a.a.c.InitializeUserDetailsBeanManagerConfigurer$InitializeUserDetailsManagerConfigurer - Global AuthenticationManager configured with UserDetailsService bean with name memberDetailsService
2026-04-01 15:24:01 [restartedMain] INFO  o.s.b.w.a.WelcomePageHandlerMapping - Adding welcome page template: index
2026-04-01 15:24:01 [restartedMain] INFO  o.a.coyote.http11.Http11NioProtocol - Starting ProtocolHandler ["http-nio-8092"]
2026-04-01 15:24:01 [restartedMain] INFO  o.s.boot.tomcat.TomcatWebServer - Tomcat started on port 8092 (http) with context path '/'
2026-04-01 15:24:01 [restartedMain] INFO  com.example.CineLogApplication - Started CineLogApplication in 0.7 seconds (process running for 237.116)
2026-04-01 15:24:01 [restartedMain] INFO  o.s.b.d.a.ConditionEvaluationDeltaLoggingListener - Condition evaluation unchanged
2026-04-01 15:24:07 [RMI TCP Connection(14)-127.0.0.1] INFO  o.s.b.a.SpringApplicationAdminMXBeanRegistrar$SpringApplicationAdmin - Application shutdown requested.
2026-04-01 15:24:07 [RMI TCP Connection(14)-127.0.0.1] INFO  o.s.boot.tomcat.GracefulShutdown - Commencing graceful shutdown. Waiting for active requests to complete
2026-04-01 15:24:07 [tomcat-shutdown] INFO  o.a.coyote.http11.Http11NioProtocol - Pausing ProtocolHandler ["http-nio-8092"]
2026-04-01 15:24:07 [tomcat-shutdown] INFO  o.s.boot.tomcat.GracefulShutdown - Graceful shutdown complete
2026-04-01 15:24:07 [RMI TCP Connection(14)-127.0.0.1] INFO  o.a.coyote.http11.Http11NioProtocol - Stopping ProtocolHandler ["http-nio-8092"]
2026-04-01 15:24:07 [RMI TCP Connection(14)-127.0.0.1] INFO  o.s.o.j.LocalContainerEntityManagerFactoryBean - Closing JPA EntityManagerFactory for persistence unit 'default'
2026-04-01 15:24:07 [RMI TCP Connection(14)-127.0.0.1] INFO  com.zaxxer.hikari.HikariDataSource - HikariPool-2 - Shutdown initiated...
2026-04-01 15:24:07 [RMI TCP Connection(14)-127.0.0.1] INFO  com.zaxxer.hikari.HikariDataSource - HikariPool-2 - Shutdown completed.
2026-04-01 15:24:08 [background-preinit] INFO  o.h.validator.internal.util.Version - HV000001: Hibernate Validator 9.0.1.Final
2026-04-01 15:24:08 [restartedMain] INFO  com.example.CineLogApplication - Starting CineLogApplication using Java 21.0.10 with PID 10712 (C:\Dev\WS_sts\cinelog\bin\main started by GGG in C:\Dev\WS_sts\cinelog)
2026-04-01 15:24:08 [restartedMain] INFO  com.example.CineLogApplication - No active profile set, falling back to 1 default profile: "default"
2026-04-01 15:24:08 [restartedMain] INFO  o.s.b.d.restart.ChangeableUrls - The Class-Path manifest attribute in C:\Users\GGG\.gradle\caches\modules-2\files-2.1\com.oracle.database.jdbc\ojdbc11\23.9.0.25.07\4fe3479be8322eaac43f1cd0fb5818e93048201d\ojdbc11-23.9.0.25.07.jar referenced one or more files that do not exist: file:/C:/Users/GGG/.gradle/caches/modules-2/files-2.1/com.oracle.database.jdbc/ojdbc11/23.9.0.25.07/4fe3479be8322eaac43f1cd0fb5818e93048201d/oraclepki.jar
2026-04-01 15:24:08 [restartedMain] INFO  o.s.b.d.e.DevToolsPropertyDefaultsPostProcessor - Devtools property defaults active! Set 'spring.devtools.add-properties' to 'false' to disable
2026-04-01 15:24:08 [restartedMain] INFO  o.s.b.d.e.DevToolsPropertyDefaultsPostProcessor - For additional web related logging consider setting the 'logging.level.web' property to 'DEBUG'
2026-04-01 15:24:09 [restartedMain] INFO  o.s.d.r.c.RepositoryConfigurationDelegate - Bootstrapping Spring Data JPA repositories in DEFAULT mode.
2026-04-01 15:24:09 [restartedMain] INFO  o.s.d.r.c.RepositoryConfigurationDelegate - Finished Spring Data repository scanning in 32 ms. Found 3 JPA repository interfaces.
2026-04-01 15:24:09 [restartedMain] INFO  o.s.boot.tomcat.TomcatWebServer - Tomcat initialized with port 8092 (http)
2026-04-01 15:24:09 [restartedMain] INFO  o.a.coyote.http11.Http11NioProtocol - Initializing ProtocolHandler ["http-nio-8092"]
2026-04-01 15:24:09 [restartedMain] INFO  o.a.catalina.core.StandardService - Starting service [Tomcat]
2026-04-01 15:24:09 [restartedMain] INFO  o.a.catalina.core.StandardEngine - Starting Servlet engine: [Apache Tomcat/11.0.20]
2026-04-01 15:24:09 [restartedMain] INFO  o.s.b.w.c.s.WebApplicationContextInitializer - Root WebApplicationContext: initialization completed in 985 ms
2026-04-01 15:24:09 [restartedMain] INFO  org.hibernate.orm.jpa - HHH008540: Processing PersistenceUnitInfo [name: default]
2026-04-01 15:24:10 [restartedMain] INFO  org.hibernate.orm.core - HHH000001: Hibernate ORM core version 7.2.7.Final
2026-04-01 15:24:10 [restartedMain] INFO  o.s.o.j.p.SpringPersistenceUnitInfo - No LoadTimeWeaver setup: ignoring JPA class transformer
2026-04-01 15:24:10 [restartedMain] INFO  com.zaxxer.hikari.HikariDataSource - HikariPool-1 - Starting...
2026-04-01 15:24:10 [restartedMain] INFO  com.zaxxer.hikari.pool.HikariPool - HikariPool-1 - Added connection oracle.jdbc.driver.T4CConnection@49ac2a61
2026-04-01 15:24:10 [restartedMain] INFO  com.zaxxer.hikari.HikariDataSource - HikariPool-1 - Start completed.
2026-04-01 15:24:10 [restartedMain] WARN  org.hibernate.orm.jdbc - HHH100123: Low default JDBC fetch size: 10 (consider setting 'hibernate.jdbc.fetch_size')
2026-04-01 15:24:10 [restartedMain] INFO  o.hibernate.orm.connections.pooling - HHH10001005: Database info:
	Database JDBC URL [jdbc:oracle:thin:@//localhost:1521/testdb]
	Database driver: Oracle JDBC driver
	Database dialect: OracleDialect
	Database version: 19.3
	Default catalog/schema: undefined/GREEN
	Autocommit mode: undefined/unknown
	Isolation level: READ_COMMITTED [default READ_COMMITTED]
	JDBC fetch size: 10
	Pool: DataSourceConnectionProvider
	Minimum pool size: undefined/unknown
	Maximum pool size: undefined/unknown
2026-04-01 15:24:11 [restartedMain] INFO  org.hibernate.orm.core - HHH000489: No JTA platform available (set 'hibernate.transaction.jta.platform' to enable JTA platform integration)
2026-04-01 15:24:11 [restartedMain] WARN  o.h.t.s.i.ExceptionHandlerLoggedImpl - GenerationTarget encountered exception accepting command : Error executing DDL "drop table tbl_movie_members cascade constraints" via JDBC [ORA-00942: 테이블 또는 뷰가 존재하지 않습니다

https://docs.oracle.com/error-help/db/ora-00942/]
org.hibernate.tool.schema.spi.CommandAcceptanceException: Error executing DDL "drop table tbl_movie_members cascade constraints" via JDBC [ORA-00942: 테이블 또는 뷰가 존재하지 않습니다

https://docs.oracle.com/error-help/db/ora-00942/]
	at org.hibernate.tool.schema.internal.exec.GenerationTargetToDatabase.accept(GenerationTargetToDatabase.java:81)
	at org.hibernate.tool.schema.internal.Helper.applySqlString(Helper.java:218)
	at org.hibernate.tool.schema.internal.Helper.applySqlStrings(Helper.java:204)
	at org.hibernate.tool.schema.internal.SchemaDropperImpl.dropTables(SchemaDropperImpl.java:376)
	at org.hibernate.tool.schema.internal.SchemaDropperImpl.dropConstraintsTablesSequences(SchemaDropperImpl.java:248)
	at org.hibernate.tool.schema.internal.SchemaDropperImpl.dropFromMetadata(SchemaDropperImpl.java:210)
	at org.hibernate.tool.schema.internal.SchemaDropperImpl.performDrop(SchemaDropperImpl.java:182)
	at org.hibernate.tool.schema.internal.SchemaDropperImpl.doDrop(SchemaDropperImpl.java:152)
	at org.hibernate.tool.schema.internal.SchemaDropperImpl.doDrop(SchemaDropperImpl.java:112)
	at org.hibernate.tool.schema.spi.SchemaManagementToolCoordinator.performDatabaseAction(SchemaManagementToolCoordinator.java:227)
	at org.hibernate.tool.schema.spi.SchemaManagementToolCoordinator.lambda$process$1(SchemaManagementToolCoordinator.java:101)
	at java.base/java.util.HashMap.forEach(HashMap.java:1429)
	at org.hibernate.tool.schema.spi.SchemaManagementToolCoordinator.process(SchemaManagementToolCoordinator.java:100)
	at org.hibernate.boot.internal.SessionFactoryObserverForSchemaExport.sessionFactoryCreated(SessionFactoryObserverForSchemaExport.java:35)
	at org.hibernate.internal.SessionFactoryObserverChain.sessionFactoryCreated(SessionFactoryObserverChain.java:33)
	at org.hibernate.internal.SessionFactoryImpl.<init>(SessionFactoryImpl.java:323)
	at org.hibernate.internal.SessionFactoryRegistry.instantiateSessionFactory(SessionFactoryRegistry.java:64)
	at org.hibernate.boot.internal.SessionFactoryBuilderImpl.build(SessionFactoryBuilderImpl.java:437)
	at org.hibernate.jpa.boot.internal.EntityManagerFactoryBuilderImpl.build(EntityManagerFactoryBuilderImpl.java:1456)
	at org.springframework.orm.jpa.vendor.SpringHibernateJpaPersistenceProvider.createContainerEntityManagerFactory(SpringHibernateJpaPersistenceProvider.java:93)
	at org.springframework.orm.jpa.LocalContainerEntityManagerFactoryBean.createNativeEntityManagerFactory(LocalContainerEntityManagerFactoryBean.java:443)
	at org.springframework.orm.jpa.AbstractEntityManagerFactoryBean.buildNativeEntityManagerFactory(AbstractEntityManagerFactoryBean.java:436)
	at org.springframework.orm.jpa.AbstractEntityManagerFactoryBean.afterPropertiesSet(AbstractEntityManagerFactoryBean.java:411)
	at org.springframework.orm.jpa.LocalContainerEntityManagerFactoryBean.afterPropertiesSet(LocalContainerEntityManagerFactoryBean.java:419)
	at org.springframework.beans.factory.support.AbstractAutowireCapableBeanFactory.invokeInitMethods(AbstractAutowireCapableBeanFactory.java:1864)
	at org.springframework.beans.factory.support.AbstractAutowireCapableBeanFactory.initializeBean(AbstractAutowireCapableBeanFactory.java:1813)
	at org.springframework.beans.factory.support.AbstractAutowireCapableBeanFactory.doCreateBean(AbstractAutowireCapableBeanFactory.java:603)
	at org.springframework.beans.factory.support.AbstractAutowireCapableBeanFactory.createBean(AbstractAutowireCapableBeanFactory.java:525)
	at org.springframework.beans.factory.support.AbstractBeanFactory.lambda$doGetBean$0(AbstractBeanFactory.java:333)
	at org.springframework.beans.factory.support.DefaultSingletonBeanRegistry.getSingleton(DefaultSingletonBeanRegistry.java:371)
	at org.springframework.beans.factory.support.AbstractBeanFactory.doGetBean(AbstractBeanFactory.java:331)
	at org.springframework.beans.factory.support.AbstractBeanFactory.getBean(AbstractBeanFactory.java:201)
	at org.springframework.context.support.AbstractApplicationContext.finishBeanFactoryInitialization(AbstractApplicationContext.java:977)
	at org.springframework.context.support.AbstractApplicationContext.refresh(AbstractApplicationContext.java:621)
	at org.springframework.boot.web.server.servlet.context.ServletWebServerApplicationContext.refresh(ServletWebServerApplicationContext.java:143)
	at org.springframework.boot.SpringApplication.refresh(SpringApplication.java:756)
	at org.springframework.boot.SpringApplication.refreshContext(SpringApplication.java:445)
	at org.springframework.boot.SpringApplication.run(SpringApplication.java:321)
	at org.springframework.boot.SpringApplication.run(SpringApplication.java:1365)
	at org.springframework.boot.SpringApplication.run(SpringApplication.java:1354)
	at com.example.CineLogApplication.main(CineLogApplication.java:14)
	at java.base/jdk.internal.reflect.DirectMethodHandleAccessor.invoke(DirectMethodHandleAccessor.java:103)
	at java.base/java.lang.reflect.Method.invoke(Method.java:580)
	at org.springframework.boot.devtools.restart.RestartLauncher.run(RestartLauncher.java:52)
Caused by: java.sql.SQLSyntaxErrorException: ORA-00942: 테이블 또는 뷰가 존재하지 않습니다

https://docs.oracle.com/error-help/db/ora-00942/
	at oracle.jdbc.driver.T4CTTIoer11.processError(T4CTTIoer11.java:715)
	at oracle.jdbc.driver.T4CTTIoer11.processError(T4CTTIoer11.java:615)
	at oracle.jdbc.driver.T4C8Oall.processError(T4C8Oall.java:1372)
	at oracle.jdbc.driver.T4CTTIfun.receive(T4CTTIfun.java:972)
	at oracle.jdbc.driver.T4CTTIfun.doRPC(T4CTTIfun.java:237)
	at oracle.jdbc.driver.T4C8Oall.doOALL(T4C8Oall.java:524)
	at oracle.jdbc.driver.T4CStatement.doOall8(T4CStatement.java:197)
	at oracle.jdbc.driver.T4CStatement.executeForRows(T4CStatement.java:1408)
	at oracle.jdbc.driver.OracleStatement.executeSQLStatement(OracleStatement.java:2020)
	at oracle.jdbc.driver.OracleStatement.doExecuteWithTimeout(OracleStatement.java:1633)
	at oracle.jdbc.driver.OracleStatement.executeInternal(OracleStatement.java:2698)
	at oracle.jdbc.driver.OracleStatement.execute(OracleStatement.java:2647)
	at oracle.jdbc.driver.OracleStatementWrapper.execute(OracleStatementWrapper.java:349)
	at com.zaxxer.hikari.pool.ProxyStatement.execute(ProxyStatement.java:95)
	at com.zaxxer.hikari.pool.HikariProxyStatement.execute(HikariProxyStatement.java)
	at org.hibernate.tool.schema.internal.exec.GenerationTargetToDatabase.accept(GenerationTargetToDatabase.java:76)
	... 43 common frames omitted
Caused by: Error : 942, Position : 11, SQL = drop table tbl_movie_members cascade constraints, Original SQL = drop table tbl_movie_members cascade constraints, Error Message = ORA-00942: 테이블 또는 뷰가 존재하지 않습니다

	at oracle.jdbc.driver.T4CTTIoer11.processError(T4CTTIoer11.java:723)
	... 58 common frames omitted
2026-04-01 15:24:11 [restartedMain] WARN  o.h.t.s.i.ExceptionHandlerLoggedImpl - GenerationTarget encountered exception accepting command : Error executing DDL "drop table tbl_movies cascade constraints" via JDBC [ORA-00942: 테이블 또는 뷰가 존재하지 않습니다

https://docs.oracle.com/error-help/db/ora-00942/]
org.hibernate.tool.schema.spi.CommandAcceptanceException: Error executing DDL "drop table tbl_movies cascade constraints" via JDBC [ORA-00942: 테이블 또는 뷰가 존재하지 않습니다

https://docs.oracle.com/error-help/db/ora-00942/]
	at org.hibernate.tool.schema.internal.exec.GenerationTargetToDatabase.accept(GenerationTargetToDatabase.java:81)
	at org.hibernate.tool.schema.internal.Helper.applySqlString(Helper.java:218)
	at org.hibernate.tool.schema.internal.Helper.applySqlStrings(Helper.java:204)
	at org.hibernate.tool.schema.internal.SchemaDropperImpl.dropTables(SchemaDropperImpl.java:376)
	at org.hibernate.tool.schema.internal.SchemaDropperImpl.dropConstraintsTablesSequences(SchemaDropperImpl.java:248)
	at org.hibernate.tool.schema.internal.SchemaDropperImpl.dropFromMetadata(SchemaDropperImpl.java:210)
	at org.hibernate.tool.schema.internal.SchemaDropperImpl.performDrop(SchemaDropperImpl.java:182)
	at org.hibernate.tool.schema.internal.SchemaDropperImpl.doDrop(SchemaDropperImpl.java:152)
	at org.hibernate.tool.schema.internal.SchemaDropperImpl.doDrop(SchemaDropperImpl.java:112)
	at org.hibernate.tool.schema.spi.SchemaManagementToolCoordinator.performDatabaseAction(SchemaManagementToolCoordinator.java:227)
	at org.hibernate.tool.schema.spi.SchemaManagementToolCoordinator.lambda$process$1(SchemaManagementToolCoordinator.java:101)
	at java.base/java.util.HashMap.forEach(HashMap.java:1429)
	at org.hibernate.tool.schema.spi.SchemaManagementToolCoordinator.process(SchemaManagementToolCoordinator.java:100)
	at org.hibernate.boot.internal.SessionFactoryObserverForSchemaExport.sessionFactoryCreated(SessionFactoryObserverForSchemaExport.java:35)
	at org.hibernate.internal.SessionFactoryObserverChain.sessionFactoryCreated(SessionFactoryObserverChain.java:33)
	at org.hibernate.internal.SessionFactoryImpl.<init>(SessionFactoryImpl.java:323)
	at org.hibernate.internal.SessionFactoryRegistry.instantiateSessionFactory(SessionFactoryRegistry.java:64)
	at org.hibernate.boot.internal.SessionFactoryBuilderImpl.build(SessionFactoryBuilderImpl.java:437)
	at org.hibernate.jpa.boot.internal.EntityManagerFactoryBuilderImpl.build(EntityManagerFactoryBuilderImpl.java:1456)
	at org.springframework.orm.jpa.vendor.SpringHibernateJpaPersistenceProvider.createContainerEntityManagerFactory(SpringHibernateJpaPersistenceProvider.java:93)
	at org.springframework.orm.jpa.LocalContainerEntityManagerFactoryBean.createNativeEntityManagerFactory(LocalContainerEntityManagerFactoryBean.java:443)
	at org.springframework.orm.jpa.AbstractEntityManagerFactoryBean.buildNativeEntityManagerFactory(AbstractEntityManagerFactoryBean.java:436)
	at org.springframework.orm.jpa.AbstractEntityManagerFactoryBean.afterPropertiesSet(AbstractEntityManagerFactoryBean.java:411)
	at org.springframework.orm.jpa.LocalContainerEntityManagerFactoryBean.afterPropertiesSet(LocalContainerEntityManagerFactoryBean.java:419)
	at org.springframework.beans.factory.support.AbstractAutowireCapableBeanFactory.invokeInitMethods(AbstractAutowireCapableBeanFactory.java:1864)
	at org.springframework.beans.factory.support.AbstractAutowireCapableBeanFactory.initializeBean(AbstractAutowireCapableBeanFactory.java:1813)
	at org.springframework.beans.factory.support.AbstractAutowireCapableBeanFactory.doCreateBean(AbstractAutowireCapableBeanFactory.java:603)
	at org.springframework.beans.factory.support.AbstractAutowireCapableBeanFactory.createBean(AbstractAutowireCapableBeanFactory.java:525)
	at org.springframework.beans.factory.support.AbstractBeanFactory.lambda$doGetBean$0(AbstractBeanFactory.java:333)
	at org.springframework.beans.factory.support.DefaultSingletonBeanRegistry.getSingleton(DefaultSingletonBeanRegistry.java:371)
	at org.springframework.beans.factory.support.AbstractBeanFactory.doGetBean(AbstractBeanFactory.java:331)
	at org.springframework.beans.factory.support.AbstractBeanFactory.getBean(AbstractBeanFactory.java:201)
	at org.springframework.context.support.AbstractApplicationContext.finishBeanFactoryInitialization(AbstractApplicationContext.java:977)
	at org.springframework.context.support.AbstractApplicationContext.refresh(AbstractApplicationContext.java:621)
	at org.springframework.boot.web.server.servlet.context.ServletWebServerApplicationContext.refresh(ServletWebServerApplicationContext.java:143)
	at org.springframework.boot.SpringApplication.refresh(SpringApplication.java:756)
	at org.springframework.boot.SpringApplication.refreshContext(SpringApplication.java:445)
	at org.springframework.boot.SpringApplication.run(SpringApplication.java:321)
	at org.springframework.boot.SpringApplication.run(SpringApplication.java:1365)
	at org.springframework.boot.SpringApplication.run(SpringApplication.java:1354)
	at com.example.CineLogApplication.main(CineLogApplication.java:14)
	at java.base/jdk.internal.reflect.DirectMethodHandleAccessor.invoke(DirectMethodHandleAccessor.java:103)
	at java.base/java.lang.reflect.Method.invoke(Method.java:580)
	at org.springframework.boot.devtools.restart.RestartLauncher.run(RestartLauncher.java:52)
Caused by: java.sql.SQLSyntaxErrorException: ORA-00942: 테이블 또는 뷰가 존재하지 않습니다

https://docs.oracle.com/error-help/db/ora-00942/
	at oracle.jdbc.driver.T4CTTIoer11.processError(T4CTTIoer11.java:715)
	at oracle.jdbc.driver.T4CTTIoer11.processError(T4CTTIoer11.java:615)
	at oracle.jdbc.driver.T4C8Oall.processError(T4C8Oall.java:1372)
	at oracle.jdbc.driver.T4CTTIfun.receive(T4CTTIfun.java:972)
	at oracle.jdbc.driver.T4CTTIfun.doRPC(T4CTTIfun.java:237)
	at oracle.jdbc.driver.T4C8Oall.doOALL(T4C8Oall.java:524)
	at oracle.jdbc.driver.T4CStatement.doOall8(T4CStatement.java:197)
	at oracle.jdbc.driver.T4CStatement.executeForRows(T4CStatement.java:1408)
	at oracle.jdbc.driver.OracleStatement.executeSQLStatement(OracleStatement.java:2020)
	at oracle.jdbc.driver.OracleStatement.doExecuteWithTimeout(OracleStatement.java:1633)
	at oracle.jdbc.driver.OracleStatement.executeInternal(OracleStatement.java:2698)
	at oracle.jdbc.driver.OracleStatement.execute(OracleStatement.java:2647)
	at oracle.jdbc.driver.OracleStatementWrapper.execute(OracleStatementWrapper.java:349)
	at com.zaxxer.hikari.pool.ProxyStatement.execute(ProxyStatement.java:95)
	at com.zaxxer.hikari.pool.HikariProxyStatement.execute(HikariProxyStatement.java)
	at org.hibernate.tool.schema.internal.exec.GenerationTargetToDatabase.accept(GenerationTargetToDatabase.java:76)
	... 43 common frames omitted
Caused by: Error : 942, Position : 11, SQL = drop table tbl_movies cascade constraints, Original SQL = drop table tbl_movies cascade constraints, Error Message = ORA-00942: 테이블 또는 뷰가 존재하지 않습니다

	at oracle.jdbc.driver.T4CTTIoer11.processError(T4CTTIoer11.java:723)
	... 58 common frames omitted
2026-04-01 15:24:11 [restartedMain] WARN  o.h.t.s.i.ExceptionHandlerLoggedImpl - GenerationTarget encountered exception accepting command : Error executing DDL "drop table tbl_reviews cascade constraints" via JDBC [ORA-00942: 테이블 또는 뷰가 존재하지 않습니다

https://docs.oracle.com/error-help/db/ora-00942/]
org.hibernate.tool.schema.spi.CommandAcceptanceException: Error executing DDL "drop table tbl_reviews cascade constraints" via JDBC [ORA-00942: 테이블 또는 뷰가 존재하지 않습니다

https://docs.oracle.com/error-help/db/ora-00942/]
	at org.hibernate.tool.schema.internal.exec.GenerationTargetToDatabase.accept(GenerationTargetToDatabase.java:81)
	at org.hibernate.tool.schema.internal.Helper.applySqlString(Helper.java:218)
	at org.hibernate.tool.schema.internal.Helper.applySqlStrings(Helper.java:204)
	at org.hibernate.tool.schema.internal.SchemaDropperImpl.dropTables(SchemaDropperImpl.java:376)
	at org.hibernate.tool.schema.internal.SchemaDropperImpl.dropConstraintsTablesSequences(SchemaDropperImpl.java:248)
	at org.hibernate.tool.schema.internal.SchemaDropperImpl.dropFromMetadata(SchemaDropperImpl.java:210)
	at org.hibernate.tool.schema.internal.SchemaDropperImpl.performDrop(SchemaDropperImpl.java:182)
	at org.hibernate.tool.schema.internal.SchemaDropperImpl.doDrop(SchemaDropperImpl.java:152)
	at org.hibernate.tool.schema.internal.SchemaDropperImpl.doDrop(SchemaDropperImpl.java:112)
	at org.hibernate.tool.schema.spi.SchemaManagementToolCoordinator.performDatabaseAction(SchemaManagementToolCoordinator.java:227)
	at org.hibernate.tool.schema.spi.SchemaManagementToolCoordinator.lambda$process$1(SchemaManagementToolCoordinator.java:101)
	at java.base/java.util.HashMap.forEach(HashMap.java:1429)
	at org.hibernate.tool.schema.spi.SchemaManagementToolCoordinator.process(SchemaManagementToolCoordinator.java:100)
	at org.hibernate.boot.internal.SessionFactoryObserverForSchemaExport.sessionFactoryCreated(SessionFactoryObserverForSchemaExport.java:35)
	at org.hibernate.internal.SessionFactoryObserverChain.sessionFactoryCreated(SessionFactoryObserverChain.java:33)
	at org.hibernate.internal.SessionFactoryImpl.<init>(SessionFactoryImpl.java:323)
	at org.hibernate.internal.SessionFactoryRegistry.instantiateSessionFactory(SessionFactoryRegistry.java:64)
	at org.hibernate.boot.internal.SessionFactoryBuilderImpl.build(SessionFactoryBuilderImpl.java:437)
	at org.hibernate.jpa.boot.internal.EntityManagerFactoryBuilderImpl.build(EntityManagerFactoryBuilderImpl.java:1456)
	at org.springframework.orm.jpa.vendor.SpringHibernateJpaPersistenceProvider.createContainerEntityManagerFactory(SpringHibernateJpaPersistenceProvider.java:93)
	at org.springframework.orm.jpa.LocalContainerEntityManagerFactoryBean.createNativeEntityManagerFactory(LocalContainerEntityManagerFactoryBean.java:443)
	at org.springframework.orm.jpa.AbstractEntityManagerFactoryBean.buildNativeEntityManagerFactory(AbstractEntityManagerFactoryBean.java:436)
	at org.springframework.orm.jpa.AbstractEntityManagerFactoryBean.afterPropertiesSet(AbstractEntityManagerFactoryBean.java:411)
	at org.springframework.orm.jpa.LocalContainerEntityManagerFactoryBean.afterPropertiesSet(LocalContainerEntityManagerFactoryBean.java:419)
	at org.springframework.beans.factory.support.AbstractAutowireCapableBeanFactory.invokeInitMethods(AbstractAutowireCapableBeanFactory.java:1864)
	at org.springframework.beans.factory.support.AbstractAutowireCapableBeanFactory.initializeBean(AbstractAutowireCapableBeanFactory.java:1813)
	at org.springframework.beans.factory.support.AbstractAutowireCapableBeanFactory.doCreateBean(AbstractAutowireCapableBeanFactory.java:603)
	at org.springframework.beans.factory.support.AbstractAutowireCapableBeanFactory.createBean(AbstractAutowireCapableBeanFactory.java:525)
	at org.springframework.beans.factory.support.AbstractBeanFactory.lambda$doGetBean$0(AbstractBeanFactory.java:333)
	at org.springframework.beans.factory.support.DefaultSingletonBeanRegistry.getSingleton(DefaultSingletonBeanRegistry.java:371)
	at org.springframework.beans.factory.support.AbstractBeanFactory.doGetBean(AbstractBeanFactory.java:331)
	at org.springframework.beans.factory.support.AbstractBeanFactory.getBean(AbstractBeanFactory.java:201)
	at org.springframework.context.support.AbstractApplicationContext.finishBeanFactoryInitialization(AbstractApplicationContext.java:977)
	at org.springframework.context.support.AbstractApplicationContext.refresh(AbstractApplicationContext.java:621)
	at org.springframework.boot.web.server.servlet.context.ServletWebServerApplicationContext.refresh(ServletWebServerApplicationContext.java:143)
	at org.springframework.boot.SpringApplication.refresh(SpringApplication.java:756)
	at org.springframework.boot.SpringApplication.refreshContext(SpringApplication.java:445)
	at org.springframework.boot.SpringApplication.run(SpringApplication.java:321)
	at org.springframework.boot.SpringApplication.run(SpringApplication.java:1365)
	at org.springframework.boot.SpringApplication.run(SpringApplication.java:1354)
	at com.example.CineLogApplication.main(CineLogApplication.java:14)
	at java.base/jdk.internal.reflect.DirectMethodHandleAccessor.invoke(DirectMethodHandleAccessor.java:103)
	at java.base/java.lang.reflect.Method.invoke(Method.java:580)
	at org.springframework.boot.devtools.restart.RestartLauncher.run(RestartLauncher.java:52)
Caused by: java.sql.SQLSyntaxErrorException: ORA-00942: 테이블 또는 뷰가 존재하지 않습니다

https://docs.oracle.com/error-help/db/ora-00942/
	at oracle.jdbc.driver.T4CTTIoer11.processError(T4CTTIoer11.java:715)
	at oracle.jdbc.driver.T4CTTIoer11.processError(T4CTTIoer11.java:615)
	at oracle.jdbc.driver.T4C8Oall.processError(T4C8Oall.java:1372)
	at oracle.jdbc.driver.T4CTTIfun.receive(T4CTTIfun.java:972)
	at oracle.jdbc.driver.T4CTTIfun.doRPC(T4CTTIfun.java:237)
	at oracle.jdbc.driver.T4C8Oall.doOALL(T4C8Oall.java:524)
	at oracle.jdbc.driver.T4CStatement.doOall8(T4CStatement.java:197)
	at oracle.jdbc.driver.T4CStatement.executeForRows(T4CStatement.java:1408)
	at oracle.jdbc.driver.OracleStatement.executeSQLStatement(OracleStatement.java:2020)
	at oracle.jdbc.driver.OracleStatement.doExecuteWithTimeout(OracleStatement.java:1633)
	at oracle.jdbc.driver.OracleStatement.executeInternal(OracleStatement.java:2698)
	at oracle.jdbc.driver.OracleStatement.execute(OracleStatement.java:2647)
	at oracle.jdbc.driver.OracleStatementWrapper.execute(OracleStatementWrapper.java:349)
	at com.zaxxer.hikari.pool.ProxyStatement.execute(ProxyStatement.java:95)
	at com.zaxxer.hikari.pool.HikariProxyStatement.execute(HikariProxyStatement.java)
	at org.hibernate.tool.schema.internal.exec.GenerationTargetToDatabase.accept(GenerationTargetToDatabase.java:76)
	... 43 common frames omitted
Caused by: Error : 942, Position : 11, SQL = drop table tbl_reviews cascade constraints, Original SQL = drop table tbl_reviews cascade constraints, Error Message = ORA-00942: 테이블 또는 뷰가 존재하지 않습니다

	at oracle.jdbc.driver.T4CTTIoer11.processError(T4CTTIoer11.java:723)
	... 58 common frames omitted
2026-04-01 15:24:11 [restartedMain] WARN  o.h.t.s.i.ExceptionHandlerLoggedImpl - GenerationTarget encountered exception accepting command : Error executing DDL "drop sequence movie_seq" via JDBC [ORA-02289: 시퀀스가 존재하지 않습니다.

https://docs.oracle.com/error-help/db/ora-02289/]
org.hibernate.tool.schema.spi.CommandAcceptanceException: Error executing DDL "drop sequence movie_seq" via JDBC [ORA-02289: 시퀀스가 존재하지 않습니다.

https://docs.oracle.com/error-help/db/ora-02289/]
	at org.hibernate.tool.schema.internal.exec.GenerationTargetToDatabase.accept(GenerationTargetToDatabase.java:81)
	at org.hibernate.tool.schema.internal.Helper.applySqlString(Helper.java:218)
	at org.hibernate.tool.schema.internal.Helper.applySqlStrings(Helper.java:204)
	at org.hibernate.tool.schema.internal.SchemaDropperImpl.dropSequences(SchemaDropperImpl.java:335)
	at org.hibernate.tool.schema.internal.SchemaDropperImpl.dropConstraintsTablesSequences(SchemaDropperImpl.java:261)
	at org.hibernate.tool.schema.internal.SchemaDropperImpl.dropFromMetadata(SchemaDropperImpl.java:210)
	at org.hibernate.tool.schema.internal.SchemaDropperImpl.performDrop(SchemaDropperImpl.java:182)
	at org.hibernate.tool.schema.internal.SchemaDropperImpl.doDrop(SchemaDropperImpl.java:152)
	at org.hibernate.tool.schema.internal.SchemaDropperImpl.doDrop(SchemaDropperImpl.java:112)
	at org.hibernate.tool.schema.spi.SchemaManagementToolCoordinator.performDatabaseAction(SchemaManagementToolCoordinator.java:227)
	at org.hibernate.tool.schema.spi.SchemaManagementToolCoordinator.lambda$process$1(SchemaManagementToolCoordinator.java:101)
	at java.base/java.util.HashMap.forEach(HashMap.java:1429)
	at org.hibernate.tool.schema.spi.SchemaManagementToolCoordinator.process(SchemaManagementToolCoordinator.java:100)
	at org.hibernate.boot.internal.SessionFactoryObserverForSchemaExport.sessionFactoryCreated(SessionFactoryObserverForSchemaExport.java:35)
	at org.hibernate.internal.SessionFactoryObserverChain.sessionFactoryCreated(SessionFactoryObserverChain.java:33)
	at org.hibernate.internal.SessionFactoryImpl.<init>(SessionFactoryImpl.java:323)
	at org.hibernate.internal.SessionFactoryRegistry.instantiateSessionFactory(SessionFactoryRegistry.java:64)
	at org.hibernate.boot.internal.SessionFactoryBuilderImpl.build(SessionFactoryBuilderImpl.java:437)
	at org.hibernate.jpa.boot.internal.EntityManagerFactoryBuilderImpl.build(EntityManagerFactoryBuilderImpl.java:1456)
	at org.springframework.orm.jpa.vendor.SpringHibernateJpaPersistenceProvider.createContainerEntityManagerFactory(SpringHibernateJpaPersistenceProvider.java:93)
	at org.springframework.orm.jpa.LocalContainerEntityManagerFactoryBean.createNativeEntityManagerFactory(LocalContainerEntityManagerFactoryBean.java:443)
	at org.springframework.orm.jpa.AbstractEntityManagerFactoryBean.buildNativeEntityManagerFactory(AbstractEntityManagerFactoryBean.java:436)
	at org.springframework.orm.jpa.AbstractEntityManagerFactoryBean.afterPropertiesSet(AbstractEntityManagerFactoryBean.java:411)
	at org.springframework.orm.jpa.LocalContainerEntityManagerFactoryBean.afterPropertiesSet(LocalContainerEntityManagerFactoryBean.java:419)
	at org.springframework.beans.factory.support.AbstractAutowireCapableBeanFactory.invokeInitMethods(AbstractAutowireCapableBeanFactory.java:1864)
	at org.springframework.beans.factory.support.AbstractAutowireCapableBeanFactory.initializeBean(AbstractAutowireCapableBeanFactory.java:1813)
	at org.springframework.beans.factory.support.AbstractAutowireCapableBeanFactory.doCreateBean(AbstractAutowireCapableBeanFactory.java:603)
	at org.springframework.beans.factory.support.AbstractAutowireCapableBeanFactory.createBean(AbstractAutowireCapableBeanFactory.java:525)
	at org.springframework.beans.factory.support.AbstractBeanFactory.lambda$doGetBean$0(AbstractBeanFactory.java:333)
	at org.springframework.beans.factory.support.DefaultSingletonBeanRegistry.getSingleton(DefaultSingletonBeanRegistry.java:371)
	at org.springframework.beans.factory.support.AbstractBeanFactory.doGetBean(AbstractBeanFactory.java:331)
	at org.springframework.beans.factory.support.AbstractBeanFactory.getBean(AbstractBeanFactory.java:201)
	at org.springframework.context.support.AbstractApplicationContext.finishBeanFactoryInitialization(AbstractApplicationContext.java:977)
	at org.springframework.context.support.AbstractApplicationContext.refresh(AbstractApplicationContext.java:621)
	at org.springframework.boot.web.server.servlet.context.ServletWebServerApplicationContext.refresh(ServletWebServerApplicationContext.java:143)
	at org.springframework.boot.SpringApplication.refresh(SpringApplication.java:756)
	at org.springframework.boot.SpringApplication.refreshContext(SpringApplication.java:445)
	at org.springframework.boot.SpringApplication.run(SpringApplication.java:321)
	at org.springframework.boot.SpringApplication.run(SpringApplication.java:1365)
	at org.springframework.boot.SpringApplication.run(SpringApplication.java:1354)
	at com.example.CineLogApplication.main(CineLogApplication.java:14)
	at java.base/jdk.internal.reflect.DirectMethodHandleAccessor.invoke(DirectMethodHandleAccessor.java:103)
	at java.base/java.lang.reflect.Method.invoke(Method.java:580)
	at org.springframework.boot.devtools.restart.RestartLauncher.run(RestartLauncher.java:52)
Caused by: java.sql.SQLSyntaxErrorException: ORA-02289: 시퀀스가 존재하지 않습니다.

https://docs.oracle.com/error-help/db/ora-02289/
	at oracle.jdbc.driver.T4CTTIoer11.processError(T4CTTIoer11.java:715)
	at oracle.jdbc.driver.T4CTTIoer11.processError(T4CTTIoer11.java:615)
	at oracle.jdbc.driver.T4C8Oall.processError(T4C8Oall.java:1372)
	at oracle.jdbc.driver.T4CTTIfun.receive(T4CTTIfun.java:972)
	at oracle.jdbc.driver.T4CTTIfun.doRPC(T4CTTIfun.java:237)
	at oracle.jdbc.driver.T4C8Oall.doOALL(T4C8Oall.java:524)
	at oracle.jdbc.driver.T4CStatement.doOall8(T4CStatement.java:197)
	at oracle.jdbc.driver.T4CStatement.executeForRows(T4CStatement.java:1408)
	at oracle.jdbc.driver.OracleStatement.executeSQLStatement(OracleStatement.java:2020)
	at oracle.jdbc.driver.OracleStatement.doExecuteWithTimeout(OracleStatement.java:1633)
	at oracle.jdbc.driver.OracleStatement.executeInternal(OracleStatement.java:2698)
	at oracle.jdbc.driver.OracleStatement.execute(OracleStatement.java:2647)
	at oracle.jdbc.driver.OracleStatementWrapper.execute(OracleStatementWrapper.java:349)
	at com.zaxxer.hikari.pool.ProxyStatement.execute(ProxyStatement.java:95)
	at com.zaxxer.hikari.pool.HikariProxyStatement.execute(HikariProxyStatement.java)
	at org.hibernate.tool.schema.internal.exec.GenerationTargetToDatabase.accept(GenerationTargetToDatabase.java:76)
	... 43 common frames omitted
Caused by: Error : 2289, Position : 14, SQL = drop sequence movie_seq, Original SQL = drop sequence movie_seq, Error Message = ORA-02289: 시퀀스가 존재하지 않습니다.

	at oracle.jdbc.driver.T4CTTIoer11.processError(T4CTTIoer11.java:723)
	... 58 common frames omitted
2026-04-01 15:24:11 [restartedMain] WARN  o.h.t.s.i.ExceptionHandlerLoggedImpl - GenerationTarget encountered exception accepting command : Error executing DDL "drop sequence review_seq" via JDBC [ORA-02289: 시퀀스가 존재하지 않습니다.

https://docs.oracle.com/error-help/db/ora-02289/]
org.hibernate.tool.schema.spi.CommandAcceptanceException: Error executing DDL "drop sequence review_seq" via JDBC [ORA-02289: 시퀀스가 존재하지 않습니다.

https://docs.oracle.com/error-help/db/ora-02289/]
	at org.hibernate.tool.schema.internal.exec.GenerationTargetToDatabase.accept(GenerationTargetToDatabase.java:81)
	at org.hibernate.tool.schema.internal.Helper.applySqlString(Helper.java:218)
	at org.hibernate.tool.schema.internal.Helper.applySqlStrings(Helper.java:204)
	at org.hibernate.tool.schema.internal.SchemaDropperImpl.dropSequences(SchemaDropperImpl.java:335)
	at org.hibernate.tool.schema.internal.SchemaDropperImpl.dropConstraintsTablesSequences(SchemaDropperImpl.java:261)
	at org.hibernate.tool.schema.internal.SchemaDropperImpl.dropFromMetadata(SchemaDropperImpl.java:210)
	at org.hibernate.tool.schema.internal.SchemaDropperImpl.performDrop(SchemaDropperImpl.java:182)
	at org.hibernate.tool.schema.internal.SchemaDropperImpl.doDrop(SchemaDropperImpl.java:152)
	at org.hibernate.tool.schema.internal.SchemaDropperImpl.doDrop(SchemaDropperImpl.java:112)
	at org.hibernate.tool.schema.spi.SchemaManagementToolCoordinator.performDatabaseAction(SchemaManagementToolCoordinator.java:227)
	at org.hibernate.tool.schema.spi.SchemaManagementToolCoordinator.lambda$process$1(SchemaManagementToolCoordinator.java:101)
	at java.base/java.util.HashMap.forEach(HashMap.java:1429)
	at org.hibernate.tool.schema.spi.SchemaManagementToolCoordinator.process(SchemaManagementToolCoordinator.java:100)
	at org.hibernate.boot.internal.SessionFactoryObserverForSchemaExport.sessionFactoryCreated(SessionFactoryObserverForSchemaExport.java:35)
	at org.hibernate.internal.SessionFactoryObserverChain.sessionFactoryCreated(SessionFactoryObserverChain.java:33)
	at org.hibernate.internal.SessionFactoryImpl.<init>(SessionFactoryImpl.java:323)
	at org.hibernate.internal.SessionFactoryRegistry.instantiateSessionFactory(SessionFactoryRegistry.java:64)
	at org.hibernate.boot.internal.SessionFactoryBuilderImpl.build(SessionFactoryBuilderImpl.java:437)
	at org.hibernate.jpa.boot.internal.EntityManagerFactoryBuilderImpl.build(EntityManagerFactoryBuilderImpl.java:1456)
	at org.springframework.orm.jpa.vendor.SpringHibernateJpaPersistenceProvider.createContainerEntityManagerFactory(SpringHibernateJpaPersistenceProvider.java:93)
	at org.springframework.orm.jpa.LocalContainerEntityManagerFactoryBean.createNativeEntityManagerFactory(LocalContainerEntityManagerFactoryBean.java:443)
	at org.springframework.orm.jpa.AbstractEntityManagerFactoryBean.buildNativeEntityManagerFactory(AbstractEntityManagerFactoryBean.java:436)
	at org.springframework.orm.jpa.AbstractEntityManagerFactoryBean.afterPropertiesSet(AbstractEntityManagerFactoryBean.java:411)
	at org.springframework.orm.jpa.LocalContainerEntityManagerFactoryBean.afterPropertiesSet(LocalContainerEntityManagerFactoryBean.java:419)
	at org.springframework.beans.factory.support.AbstractAutowireCapableBeanFactory.invokeInitMethods(AbstractAutowireCapableBeanFactory.java:1864)
	at org.springframework.beans.factory.support.AbstractAutowireCapableBeanFactory.initializeBean(AbstractAutowireCapableBeanFactory.java:1813)
	at org.springframework.beans.factory.support.AbstractAutowireCapableBeanFactory.doCreateBean(AbstractAutowireCapableBeanFactory.java:603)
	at org.springframework.beans.factory.support.AbstractAutowireCapableBeanFactory.createBean(AbstractAutowireCapableBeanFactory.java:525)
	at org.springframework.beans.factory.support.AbstractBeanFactory.lambda$doGetBean$0(AbstractBeanFactory.java:333)
	at org.springframework.beans.factory.support.DefaultSingletonBeanRegistry.getSingleton(DefaultSingletonBeanRegistry.java:371)
	at org.springframework.beans.factory.support.AbstractBeanFactory.doGetBean(AbstractBeanFactory.java:331)
	at org.springframework.beans.factory.support.AbstractBeanFactory.getBean(AbstractBeanFactory.java:201)
	at org.springframework.context.support.AbstractApplicationContext.finishBeanFactoryInitialization(AbstractApplicationContext.java:977)
	at org.springframework.context.support.AbstractApplicationContext.refresh(AbstractApplicationContext.java:621)
	at org.springframework.boot.web.server.servlet.context.ServletWebServerApplicationContext.refresh(ServletWebServerApplicationContext.java:143)
	at org.springframework.boot.SpringApplication.refresh(SpringApplication.java:756)
	at org.springframework.boot.SpringApplication.refreshContext(SpringApplication.java:445)
	at org.springframework.boot.SpringApplication.run(SpringApplication.java:321)
	at org.springframework.boot.SpringApplication.run(SpringApplication.java:1365)
	at org.springframework.boot.SpringApplication.run(SpringApplication.java:1354)
	at com.example.CineLogApplication.main(CineLogApplication.java:14)
	at java.base/jdk.internal.reflect.DirectMethodHandleAccessor.invoke(DirectMethodHandleAccessor.java:103)
	at java.base/java.lang.reflect.Method.invoke(Method.java:580)
	at org.springframework.boot.devtools.restart.RestartLauncher.run(RestartLauncher.java:52)
Caused by: java.sql.SQLSyntaxErrorException: ORA-02289: 시퀀스가 존재하지 않습니다.

https://docs.oracle.com/error-help/db/ora-02289/
	at oracle.jdbc.driver.T4CTTIoer11.processError(T4CTTIoer11.java:715)
	at oracle.jdbc.driver.T4CTTIoer11.processError(T4CTTIoer11.java:615)
	at oracle.jdbc.driver.T4C8Oall.processError(T4C8Oall.java:1372)
	at oracle.jdbc.driver.T4CTTIfun.receive(T4CTTIfun.java:972)
	at oracle.jdbc.driver.T4CTTIfun.doRPC(T4CTTIfun.java:237)
	at oracle.jdbc.driver.T4C8Oall.doOALL(T4C8Oall.java:524)
	at oracle.jdbc.driver.T4CStatement.doOall8(T4CStatement.java:197)
	at oracle.jdbc.driver.T4CStatement.executeForRows(T4CStatement.java:1408)
	at oracle.jdbc.driver.OracleStatement.executeSQLStatement(OracleStatement.java:2020)
	at oracle.jdbc.driver.OracleStatement.doExecuteWithTimeout(OracleStatement.java:1633)
	at oracle.jdbc.driver.OracleStatement.executeInternal(OracleStatement.java:2698)
	at oracle.jdbc.driver.OracleStatement.execute(OracleStatement.java:2647)
	at oracle.jdbc.driver.OracleStatementWrapper.execute(OracleStatementWrapper.java:349)
	at com.zaxxer.hikari.pool.ProxyStatement.execute(ProxyStatement.java:95)
	at com.zaxxer.hikari.pool.HikariProxyStatement.execute(HikariProxyStatement.java)
	at org.hibernate.tool.schema.internal.exec.GenerationTargetToDatabase.accept(GenerationTargetToDatabase.java:76)
	... 43 common frames omitted
Caused by: Error : 2289, Position : 14, SQL = drop sequence review_seq, Original SQL = drop sequence review_seq, Error Message = ORA-02289: 시퀀스가 존재하지 않습니다.

	at oracle.jdbc.driver.T4CTTIoer11.processError(T4CTTIoer11.java:723)
	... 58 common frames omitted
2026-04-01 15:24:11 [restartedMain] INFO  o.s.o.j.LocalContainerEntityManagerFactoryBean - Initialized JPA EntityManagerFactory for persistence unit 'default'
2026-04-01 15:24:11 [restartedMain] INFO  o.s.d.j.r.q.QueryEnhancerFactories - Hibernate is in classpath; If applicable, HQL parser will be used.
2026-04-01 15:24:12 [restartedMain] WARN  o.s.b.j.a.JpaBaseConfiguration$JpaWebConfiguration - spring.jpa.open-in-view is enabled by default. Therefore, database queries may be performed during view rendering. Explicitly configure spring.jpa.open-in-view to disable this warning
2026-04-01 15:24:12 [restartedMain] INFO  o.s.s.c.a.a.c.InitializeUserDetailsBeanManagerConfigurer$InitializeUserDetailsManagerConfigurer - Global AuthenticationManager configured with UserDetailsService bean with name memberDetailsService
2026-04-01 15:24:12 [restartedMain] INFO  o.s.b.w.a.WelcomePageHandlerMapping - Adding welcome page template: index
2026-04-01 15:24:12 [restartedMain] INFO  o.a.coyote.http11.Http11NioProtocol - Starting ProtocolHandler ["http-nio-8092"]
2026-04-01 15:24:12 [restartedMain] INFO  o.s.boot.tomcat.TomcatWebServer - Tomcat started on port 8092 (http) with context path '/'
2026-04-01 15:24:12 [restartedMain] INFO  com.example.CineLogApplication - Started CineLogApplication in 4.402 seconds (process running for 4.934)
2026-04-01 15:28:25 [File Watcher] INFO  o.s.b.d.a.LocalDevToolsAutoConfiguration$RestartingClassPathChangeChangedEventListener - Restarting due to 1 class path change (0 additions, 0 deletions, 1 modification)
2026-04-01 15:28:25 [Thread-1] INFO  o.s.boot.tomcat.GracefulShutdown - Commencing graceful shutdown. Waiting for active requests to complete
2026-04-01 15:28:25 [tomcat-shutdown] INFO  o.a.coyote.http11.Http11NioProtocol - Pausing ProtocolHandler ["http-nio-8092"]
2026-04-01 15:28:25 [tomcat-shutdown] INFO  o.s.boot.tomcat.GracefulShutdown - Graceful shutdown complete
2026-04-01 15:28:25 [Thread-1] INFO  o.a.coyote.http11.Http11NioProtocol - Stopping ProtocolHandler ["http-nio-8092"]
2026-04-01 15:28:25 [Thread-1] INFO  o.s.o.j.LocalContainerEntityManagerFactoryBean - Closing JPA EntityManagerFactory for persistence unit 'default'
2026-04-01 15:28:25 [Thread-1] INFO  com.zaxxer.hikari.HikariDataSource - HikariPool-1 - Shutdown initiated...
2026-04-01 15:28:25 [Thread-1] INFO  com.zaxxer.hikari.HikariDataSource - HikariPool-1 - Shutdown completed.
2026-04-01 15:28:25 [restartedMain] INFO  com.example.CineLogApplication - Starting CineLogApplication using Java 21.0.10 with PID 10712 (C:\Dev\WS_sts\cinelog\bin\main started by GGG in C:\Dev\WS_sts\cinelog)
2026-04-01 15:28:25 [restartedMain] INFO  com.example.CineLogApplication - No active profile set, falling back to 1 default profile: "default"
2026-04-01 15:28:25 [restartedMain] INFO  o.s.d.r.c.RepositoryConfigurationDelegate - Bootstrapping Spring Data JPA repositories in DEFAULT mode.
2026-04-01 15:28:25 [restartedMain] INFO  o.s.d.r.c.RepositoryConfigurationDelegate - Finished Spring Data repository scanning in 8 ms. Found 3 JPA repository interfaces.
2026-04-01 15:28:25 [restartedMain] INFO  o.s.boot.tomcat.TomcatWebServer - Tomcat initialized with port 8092 (http)
2026-04-01 15:28:25 [restartedMain] INFO  o.a.coyote.http11.Http11NioProtocol - Initializing ProtocolHandler ["http-nio-8092"]
2026-04-01 15:28:25 [restartedMain] INFO  o.a.catalina.core.StandardService - Starting service [Tomcat]
2026-04-01 15:28:25 [restartedMain] INFO  o.a.catalina.core.StandardEngine - Starting Servlet engine: [Apache Tomcat/11.0.20]
2026-04-01 15:28:25 [restartedMain] INFO  o.s.b.w.c.s.WebApplicationContextInitializer - Root WebApplicationContext: initialization completed in 217 ms
2026-04-01 15:28:25 [restartedMain] INFO  org.hibernate.orm.jpa - HHH008540: Processing PersistenceUnitInfo [name: default]
2026-04-01 15:28:25 [restartedMain] INFO  o.s.o.j.p.SpringPersistenceUnitInfo - No LoadTimeWeaver setup: ignoring JPA class transformer
2026-04-01 15:28:25 [restartedMain] INFO  com.zaxxer.hikari.HikariDataSource - HikariPool-2 - Starting...
2026-04-01 15:28:25 [restartedMain] INFO  com.zaxxer.hikari.pool.HikariPool - HikariPool-2 - Added connection oracle.jdbc.driver.T4CConnection@20f5d1ef
2026-04-01 15:28:25 [restartedMain] INFO  com.zaxxer.hikari.HikariDataSource - HikariPool-2 - Start completed.
2026-04-01 15:28:25 [restartedMain] WARN  org.hibernate.orm.jdbc - HHH100123: Low default JDBC fetch size: 10 (consider setting 'hibernate.jdbc.fetch_size')
2026-04-01 15:28:25 [restartedMain] INFO  o.hibernate.orm.connections.pooling - HHH10001005: Database info:
	Database JDBC URL [jdbc:oracle:thin:@//localhost:1521/testdb]
	Database driver: Oracle JDBC driver
	Database dialect: OracleDialect
	Database version: 19.3
	Default catalog/schema: undefined/GREEN
	Autocommit mode: undefined/unknown
	Isolation level: READ_COMMITTED [default READ_COMMITTED]
	JDBC fetch size: 10
	Pool: DataSourceConnectionProvider
	Minimum pool size: undefined/unknown
	Maximum pool size: undefined/unknown
2026-04-01 15:28:25 [restartedMain] INFO  org.hibernate.orm.core - HHH000489: No JTA platform available (set 'hibernate.transaction.jta.platform' to enable JTA platform integration)
2026-04-01 15:28:25 [restartedMain] WARN  o.h.t.s.i.ExceptionHandlerLoggedImpl - GenerationTarget encountered exception accepting command : Error executing DDL "drop table tbl_movie_members cascade constraints" via JDBC [ORA-00942: 테이블 또는 뷰가 존재하지 않습니다

https://docs.oracle.com/error-help/db/ora-00942/]
org.hibernate.tool.schema.spi.CommandAcceptanceException: Error executing DDL "drop table tbl_movie_members cascade constraints" via JDBC [ORA-00942: 테이블 또는 뷰가 존재하지 않습니다

https://docs.oracle.com/error-help/db/ora-00942/]
	at org.hibernate.tool.schema.internal.exec.GenerationTargetToDatabase.accept(GenerationTargetToDatabase.java:81)
	at org.hibernate.tool.schema.internal.Helper.applySqlString(Helper.java:218)
	at org.hibernate.tool.schema.internal.Helper.applySqlStrings(Helper.java:204)
	at org.hibernate.tool.schema.internal.SchemaDropperImpl.dropTables(SchemaDropperImpl.java:376)
	at org.hibernate.tool.schema.internal.SchemaDropperImpl.dropConstraintsTablesSequences(SchemaDropperImpl.java:248)
	at org.hibernate.tool.schema.internal.SchemaDropperImpl.dropFromMetadata(SchemaDropperImpl.java:210)
	at org.hibernate.tool.schema.internal.SchemaDropperImpl.performDrop(SchemaDropperImpl.java:182)
	at org.hibernate.tool.schema.internal.SchemaDropperImpl.doDrop(SchemaDropperImpl.java:152)
	at org.hibernate.tool.schema.internal.SchemaDropperImpl.doDrop(SchemaDropperImpl.java:112)
	at org.hibernate.tool.schema.spi.SchemaManagementToolCoordinator.performDatabaseAction(SchemaManagementToolCoordinator.java:227)
	at org.hibernate.tool.schema.spi.SchemaManagementToolCoordinator.lambda$process$1(SchemaManagementToolCoordinator.java:101)
	at java.base/java.util.HashMap.forEach(HashMap.java:1429)
	at org.hibernate.tool.schema.spi.SchemaManagementToolCoordinator.process(SchemaManagementToolCoordinator.java:100)
	at org.hibernate.boot.internal.SessionFactoryObserverForSchemaExport.sessionFactoryCreated(SessionFactoryObserverForSchemaExport.java:35)
	at org.hibernate.internal.SessionFactoryObserverChain.sessionFactoryCreated(SessionFactoryObserverChain.java:33)
	at org.hibernate.internal.SessionFactoryImpl.<init>(SessionFactoryImpl.java:323)
	at org.hibernate.internal.SessionFactoryRegistry.instantiateSessionFactory(SessionFactoryRegistry.java:64)
	at org.hibernate.boot.internal.SessionFactoryBuilderImpl.build(SessionFactoryBuilderImpl.java:437)
	at org.hibernate.jpa.boot.internal.EntityManagerFactoryBuilderImpl.build(EntityManagerFactoryBuilderImpl.java:1456)
	at org.springframework.orm.jpa.vendor.SpringHibernateJpaPersistenceProvider.createContainerEntityManagerFactory(SpringHibernateJpaPersistenceProvider.java:93)
	at org.springframework.orm.jpa.LocalContainerEntityManagerFactoryBean.createNativeEntityManagerFactory(LocalContainerEntityManagerFactoryBean.java:443)
	at org.springframework.orm.jpa.AbstractEntityManagerFactoryBean.buildNativeEntityManagerFactory(AbstractEntityManagerFactoryBean.java:436)
	at org.springframework.orm.jpa.AbstractEntityManagerFactoryBean.afterPropertiesSet(AbstractEntityManagerFactoryBean.java:411)
	at org.springframework.orm.jpa.LocalContainerEntityManagerFactoryBean.afterPropertiesSet(LocalContainerEntityManagerFactoryBean.java:419)
	at org.springframework.beans.factory.support.AbstractAutowireCapableBeanFactory.invokeInitMethods(AbstractAutowireCapableBeanFactory.java:1864)
	at org.springframework.beans.factory.support.AbstractAutowireCapableBeanFactory.initializeBean(AbstractAutowireCapableBeanFactory.java:1813)
	at org.springframework.beans.factory.support.AbstractAutowireCapableBeanFactory.doCreateBean(AbstractAutowireCapableBeanFactory.java:603)
	at org.springframework.beans.factory.support.AbstractAutowireCapableBeanFactory.createBean(AbstractAutowireCapableBeanFactory.java:525)
	at org.springframework.beans.factory.support.AbstractBeanFactory.lambda$doGetBean$0(AbstractBeanFactory.java:333)
	at org.springframework.beans.factory.support.DefaultSingletonBeanRegistry.getSingleton(DefaultSingletonBeanRegistry.java:371)
	at org.springframework.beans.factory.support.AbstractBeanFactory.doGetBean(AbstractBeanFactory.java:331)
	at org.springframework.beans.factory.support.AbstractBeanFactory.getBean(AbstractBeanFactory.java:201)
	at org.springframework.context.support.AbstractApplicationContext.finishBeanFactoryInitialization(AbstractApplicationContext.java:977)
	at org.springframework.context.support.AbstractApplicationContext.refresh(AbstractApplicationContext.java:621)
	at org.springframework.boot.web.server.servlet.context.ServletWebServerApplicationContext.refresh(ServletWebServerApplicationContext.java:143)
	at org.springframework.boot.SpringApplication.refresh(SpringApplication.java:756)
	at org.springframework.boot.SpringApplication.refreshContext(SpringApplication.java:445)
	at org.springframework.boot.SpringApplication.run(SpringApplication.java:321)
	at org.springframework.boot.SpringApplication.run(SpringApplication.java:1365)
	at org.springframework.boot.SpringApplication.run(SpringApplication.java:1354)
	at com.example.CineLogApplication.main(CineLogApplication.java:14)
	at java.base/jdk.internal.reflect.DirectMethodHandleAccessor.invoke(DirectMethodHandleAccessor.java:103)
	at java.base/java.lang.reflect.Method.invoke(Method.java:580)
	at org.springframework.boot.devtools.restart.RestartLauncher.run(RestartLauncher.java:52)
Caused by: java.sql.SQLSyntaxErrorException: ORA-00942: 테이블 또는 뷰가 존재하지 않습니다

https://docs.oracle.com/error-help/db/ora-00942/
	at oracle.jdbc.driver.T4CTTIoer11.processError(T4CTTIoer11.java:715)
	at oracle.jdbc.driver.T4CTTIoer11.processError(T4CTTIoer11.java:615)
	at oracle.jdbc.driver.T4C8Oall.processError(T4C8Oall.java:1372)
	at oracle.jdbc.driver.T4CTTIfun.receive(T4CTTIfun.java:972)
	at oracle.jdbc.driver.T4CTTIfun.doRPC(T4CTTIfun.java:237)
	at oracle.jdbc.driver.T4C8Oall.doOALL(T4C8Oall.java:524)
	at oracle.jdbc.driver.T4CStatement.doOall8(T4CStatement.java:197)
	at oracle.jdbc.driver.T4CStatement.executeForRows(T4CStatement.java:1408)
	at oracle.jdbc.driver.OracleStatement.executeSQLStatement(OracleStatement.java:2020)
	at oracle.jdbc.driver.OracleStatement.doExecuteWithTimeout(OracleStatement.java:1633)
	at oracle.jdbc.driver.OracleStatement.executeInternal(OracleStatement.java:2698)
	at oracle.jdbc.driver.OracleStatement.execute(OracleStatement.java:2647)
	at oracle.jdbc.driver.OracleStatementWrapper.execute(OracleStatementWrapper.java:349)
	at com.zaxxer.hikari.pool.ProxyStatement.execute(ProxyStatement.java:95)
	at com.zaxxer.hikari.pool.HikariProxyStatement.execute(HikariProxyStatement.java)
	at org.hibernate.tool.schema.internal.exec.GenerationTargetToDatabase.accept(GenerationTargetToDatabase.java:76)
	... 43 common frames omitted
Caused by: Error : 942, Position : 11, SQL = drop table tbl_movie_members cascade constraints, Original SQL = drop table tbl_movie_members cascade constraints, Error Message = ORA-00942: 테이블 또는 뷰가 존재하지 않습니다

	at oracle.jdbc.driver.T4CTTIoer11.processError(T4CTTIoer11.java:723)
	... 58 common frames omitted
2026-04-01 15:28:25 [restartedMain] WARN  o.h.t.s.i.ExceptionHandlerLoggedImpl - GenerationTarget encountered exception accepting command : Error executing DDL "drop table tbl_movies cascade constraints" via JDBC [ORA-00942: 테이블 또는 뷰가 존재하지 않습니다

https://docs.oracle.com/error-help/db/ora-00942/]
org.hibernate.tool.schema.spi.CommandAcceptanceException: Error executing DDL "drop table tbl_movies cascade constraints" via JDBC [ORA-00942: 테이블 또는 뷰가 존재하지 않습니다

https://docs.oracle.com/error-help/db/ora-00942/]
	at org.hibernate.tool.schema.internal.exec.GenerationTargetToDatabase.accept(GenerationTargetToDatabase.java:81)
	at org.hibernate.tool.schema.internal.Helper.applySqlString(Helper.java:218)
	at org.hibernate.tool.schema.internal.Helper.applySqlStrings(Helper.java:204)
	at org.hibernate.tool.schema.internal.SchemaDropperImpl.dropTables(SchemaDropperImpl.java:376)
	at org.hibernate.tool.schema.internal.SchemaDropperImpl.dropConstraintsTablesSequences(SchemaDropperImpl.java:248)
	at org.hibernate.tool.schema.internal.SchemaDropperImpl.dropFromMetadata(SchemaDropperImpl.java:210)
	at org.hibernate.tool.schema.internal.SchemaDropperImpl.performDrop(SchemaDropperImpl.java:182)
	at org.hibernate.tool.schema.internal.SchemaDropperImpl.doDrop(SchemaDropperImpl.java:152)
	at org.hibernate.tool.schema.internal.SchemaDropperImpl.doDrop(SchemaDropperImpl.java:112)
	at org.hibernate.tool.schema.spi.SchemaManagementToolCoordinator.performDatabaseAction(SchemaManagementToolCoordinator.java:227)
	at org.hibernate.tool.schema.spi.SchemaManagementToolCoordinator.lambda$process$1(SchemaManagementToolCoordinator.java:101)
	at java.base/java.util.HashMap.forEach(HashMap.java:1429)
	at org.hibernate.tool.schema.spi.SchemaManagementToolCoordinator.process(SchemaManagementToolCoordinator.java:100)
	at org.hibernate.boot.internal.SessionFactoryObserverForSchemaExport.sessionFactoryCreated(SessionFactoryObserverForSchemaExport.java:35)
	at org.hibernate.internal.SessionFactoryObserverChain.sessionFactoryCreated(SessionFactoryObserverChain.java:33)
	at org.hibernate.internal.SessionFactoryImpl.<init>(SessionFactoryImpl.java:323)
	at org.hibernate.internal.SessionFactoryRegistry.instantiateSessionFactory(SessionFactoryRegistry.java:64)
	at org.hibernate.boot.internal.SessionFactoryBuilderImpl.build(SessionFactoryBuilderImpl.java:437)
	at org.hibernate.jpa.boot.internal.EntityManagerFactoryBuilderImpl.build(EntityManagerFactoryBuilderImpl.java:1456)
	at org.springframework.orm.jpa.vendor.SpringHibernateJpaPersistenceProvider.createContainerEntityManagerFactory(SpringHibernateJpaPersistenceProvider.java:93)
	at org.springframework.orm.jpa.LocalContainerEntityManagerFactoryBean.createNativeEntityManagerFactory(LocalContainerEntityManagerFactoryBean.java:443)
	at org.springframework.orm.jpa.AbstractEntityManagerFactoryBean.buildNativeEntityManagerFactory(AbstractEntityManagerFactoryBean.java:436)
	at org.springframework.orm.jpa.AbstractEntityManagerFactoryBean.afterPropertiesSet(AbstractEntityManagerFactoryBean.java:411)
	at org.springframework.orm.jpa.LocalContainerEntityManagerFactoryBean.afterPropertiesSet(LocalContainerEntityManagerFactoryBean.java:419)
	at org.springframework.beans.factory.support.AbstractAutowireCapableBeanFactory.invokeInitMethods(AbstractAutowireCapableBeanFactory.java:1864)
	at org.springframework.beans.factory.support.AbstractAutowireCapableBeanFactory.initializeBean(AbstractAutowireCapableBeanFactory.java:1813)
	at org.springframework.beans.factory.support.AbstractAutowireCapableBeanFactory.doCreateBean(AbstractAutowireCapableBeanFactory.java:603)
	at org.springframework.beans.factory.support.AbstractAutowireCapableBeanFactory.createBean(AbstractAutowireCapableBeanFactory.java:525)
	at org.springframework.beans.factory.support.AbstractBeanFactory.lambda$doGetBean$0(AbstractBeanFactory.java:333)
	at org.springframework.beans.factory.support.DefaultSingletonBeanRegistry.getSingleton(DefaultSingletonBeanRegistry.java:371)
	at org.springframework.beans.factory.support.AbstractBeanFactory.doGetBean(AbstractBeanFactory.java:331)
	at org.springframework.beans.factory.support.AbstractBeanFactory.getBean(AbstractBeanFactory.java:201)
	at org.springframework.context.support.AbstractApplicationContext.finishBeanFactoryInitialization(AbstractApplicationContext.java:977)
	at org.springframework.context.support.AbstractApplicationContext.refresh(AbstractApplicationContext.java:621)
	at org.springframework.boot.web.server.servlet.context.ServletWebServerApplicationContext.refresh(ServletWebServerApplicationContext.java:143)
	at org.springframework.boot.SpringApplication.refresh(SpringApplication.java:756)
	at org.springframework.boot.SpringApplication.refreshContext(SpringApplication.java:445)
	at org.springframework.boot.SpringApplication.run(SpringApplication.java:321)
	at org.springframework.boot.SpringApplication.run(SpringApplication.java:1365)
	at org.springframework.boot.SpringApplication.run(SpringApplication.java:1354)
	at com.example.CineLogApplication.main(CineLogApplication.java:14)
	at java.base/jdk.internal.reflect.DirectMethodHandleAccessor.invoke(DirectMethodHandleAccessor.java:103)
	at java.base/java.lang.reflect.Method.invoke(Method.java:580)
	at org.springframework.boot.devtools.restart.RestartLauncher.run(RestartLauncher.java:52)
Caused by: java.sql.SQLSyntaxErrorException: ORA-00942: 테이블 또는 뷰가 존재하지 않습니다

https://docs.oracle.com/error-help/db/ora-00942/
	at oracle.jdbc.driver.T4CTTIoer11.processError(T4CTTIoer11.java:715)
	at oracle.jdbc.driver.T4CTTIoer11.processError(T4CTTIoer11.java:615)
	at oracle.jdbc.driver.T4C8Oall.processError(T4C8Oall.java:1372)
	at oracle.jdbc.driver.T4CTTIfun.receive(T4CTTIfun.java:972)
	at oracle.jdbc.driver.T4CTTIfun.doRPC(T4CTTIfun.java:237)
	at oracle.jdbc.driver.T4C8Oall.doOALL(T4C8Oall.java:524)
	at oracle.jdbc.driver.T4CStatement.doOall8(T4CStatement.java:197)
	at oracle.jdbc.driver.T4CStatement.executeForRows(T4CStatement.java:1408)
	at oracle.jdbc.driver.OracleStatement.executeSQLStatement(OracleStatement.java:2020)
	at oracle.jdbc.driver.OracleStatement.doExecuteWithTimeout(OracleStatement.java:1633)
	at oracle.jdbc.driver.OracleStatement.executeInternal(OracleStatement.java:2698)
	at oracle.jdbc.driver.OracleStatement.execute(OracleStatement.java:2647)
	at oracle.jdbc.driver.OracleStatementWrapper.execute(OracleStatementWrapper.java:349)
	at com.zaxxer.hikari.pool.ProxyStatement.execute(ProxyStatement.java:95)
	at com.zaxxer.hikari.pool.HikariProxyStatement.execute(HikariProxyStatement.java)
	at org.hibernate.tool.schema.internal.exec.GenerationTargetToDatabase.accept(GenerationTargetToDatabase.java:76)
	... 43 common frames omitted
Caused by: Error : 942, Position : 11, SQL = drop table tbl_movies cascade constraints, Original SQL = drop table tbl_movies cascade constraints, Error Message = ORA-00942: 테이블 또는 뷰가 존재하지 않습니다

	at oracle.jdbc.driver.T4CTTIoer11.processError(T4CTTIoer11.java:723)
	... 58 common frames omitted
2026-04-01 15:28:25 [restartedMain] WARN  o.h.t.s.i.ExceptionHandlerLoggedImpl - GenerationTarget encountered exception accepting command : Error executing DDL "drop table tbl_reviews cascade constraints" via JDBC [ORA-00942: 테이블 또는 뷰가 존재하지 않습니다

https://docs.oracle.com/error-help/db/ora-00942/]
org.hibernate.tool.schema.spi.CommandAcceptanceException: Error executing DDL "drop table tbl_reviews cascade constraints" via JDBC [ORA-00942: 테이블 또는 뷰가 존재하지 않습니다

https://docs.oracle.com/error-help/db/ora-00942/]
	at org.hibernate.tool.schema.internal.exec.GenerationTargetToDatabase.accept(GenerationTargetToDatabase.java:81)
	at org.hibernate.tool.schema.internal.Helper.applySqlString(Helper.java:218)
	at org.hibernate.tool.schema.internal.Helper.applySqlStrings(Helper.java:204)
	at org.hibernate.tool.schema.internal.SchemaDropperImpl.dropTables(SchemaDropperImpl.java:376)
	at org.hibernate.tool.schema.internal.SchemaDropperImpl.dropConstraintsTablesSequences(SchemaDropperImpl.java:248)
	at org.hibernate.tool.schema.internal.SchemaDropperImpl.dropFromMetadata(SchemaDropperImpl.java:210)
	at org.hibernate.tool.schema.internal.SchemaDropperImpl.performDrop(SchemaDropperImpl.java:182)
	at org.hibernate.tool.schema.internal.SchemaDropperImpl.doDrop(SchemaDropperImpl.java:152)
	at org.hibernate.tool.schema.internal.SchemaDropperImpl.doDrop(SchemaDropperImpl.java:112)
	at org.hibernate.tool.schema.spi.SchemaManagementToolCoordinator.performDatabaseAction(SchemaManagementToolCoordinator.java:227)
	at org.hibernate.tool.schema.spi.SchemaManagementToolCoordinator.lambda$process$1(SchemaManagementToolCoordinator.java:101)
	at java.base/java.util.HashMap.forEach(HashMap.java:1429)
	at org.hibernate.tool.schema.spi.SchemaManagementToolCoordinator.process(SchemaManagementToolCoordinator.java:100)
	at org.hibernate.boot.internal.SessionFactoryObserverForSchemaExport.sessionFactoryCreated(SessionFactoryObserverForSchemaExport.java:35)
	at org.hibernate.internal.SessionFactoryObserverChain.sessionFactoryCreated(SessionFactoryObserverChain.java:33)
	at org.hibernate.internal.SessionFactoryImpl.<init>(SessionFactoryImpl.java:323)
	at org.hibernate.internal.SessionFactoryRegistry.instantiateSessionFactory(SessionFactoryRegistry.java:64)
	at org.hibernate.boot.internal.SessionFactoryBuilderImpl.build(SessionFactoryBuilderImpl.java:437)
	at org.hibernate.jpa.boot.internal.EntityManagerFactoryBuilderImpl.build(EntityManagerFactoryBuilderImpl.java:1456)
	at org.springframework.orm.jpa.vendor.SpringHibernateJpaPersistenceProvider.createContainerEntityManagerFactory(SpringHibernateJpaPersistenceProvider.java:93)
	at org.springframework.orm.jpa.LocalContainerEntityManagerFactoryBean.createNativeEntityManagerFactory(LocalContainerEntityManagerFactoryBean.java:443)
	at org.springframework.orm.jpa.AbstractEntityManagerFactoryBean.buildNativeEntityManagerFactory(AbstractEntityManagerFactoryBean.java:436)
	at org.springframework.orm.jpa.AbstractEntityManagerFactoryBean.afterPropertiesSet(AbstractEntityManagerFactoryBean.java:411)
	at org.springframework.orm.jpa.LocalContainerEntityManagerFactoryBean.afterPropertiesSet(LocalContainerEntityManagerFactoryBean.java:419)
	at org.springframework.beans.factory.support.AbstractAutowireCapableBeanFactory.invokeInitMethods(AbstractAutowireCapableBeanFactory.java:1864)
	at org.springframework.beans.factory.support.AbstractAutowireCapableBeanFactory.initializeBean(AbstractAutowireCapableBeanFactory.java:1813)
	at org.springframework.beans.factory.support.AbstractAutowireCapableBeanFactory.doCreateBean(AbstractAutowireCapableBeanFactory.java:603)
	at org.springframework.beans.factory.support.AbstractAutowireCapableBeanFactory.createBean(AbstractAutowireCapableBeanFactory.java:525)
	at org.springframework.beans.factory.support.AbstractBeanFactory.lambda$doGetBean$0(AbstractBeanFactory.java:333)
	at org.springframework.beans.factory.support.DefaultSingletonBeanRegistry.getSingleton(DefaultSingletonBeanRegistry.java:371)
	at org.springframework.beans.factory.support.AbstractBeanFactory.doGetBean(AbstractBeanFactory.java:331)
	at org.springframework.beans.factory.support.AbstractBeanFactory.getBean(AbstractBeanFactory.java:201)
	at org.springframework.context.support.AbstractApplicationContext.finishBeanFactoryInitialization(AbstractApplicationContext.java:977)
	at org.springframework.context.support.AbstractApplicationContext.refresh(AbstractApplicationContext.java:621)
	at org.springframework.boot.web.server.servlet.context.ServletWebServerApplicationContext.refresh(ServletWebServerApplicationContext.java:143)
	at org.springframework.boot.SpringApplication.refresh(SpringApplication.java:756)
	at org.springframework.boot.SpringApplication.refreshContext(SpringApplication.java:445)
	at org.springframework.boot.SpringApplication.run(SpringApplication.java:321)
	at org.springframework.boot.SpringApplication.run(SpringApplication.java:1365)
	at org.springframework.boot.SpringApplication.run(SpringApplication.java:1354)
	at com.example.CineLogApplication.main(CineLogApplication.java:14)
	at java.base/jdk.internal.reflect.DirectMethodHandleAccessor.invoke(DirectMethodHandleAccessor.java:103)
	at java.base/java.lang.reflect.Method.invoke(Method.java:580)
	at org.springframework.boot.devtools.restart.RestartLauncher.run(RestartLauncher.java:52)
Caused by: java.sql.SQLSyntaxErrorException: ORA-00942: 테이블 또는 뷰가 존재하지 않습니다

https://docs.oracle.com/error-help/db/ora-00942/
	at oracle.jdbc.driver.T4CTTIoer11.processError(T4CTTIoer11.java:715)
	at oracle.jdbc.driver.T4CTTIoer11.processError(T4CTTIoer11.java:615)
	at oracle.jdbc.driver.T4C8Oall.processError(T4C8Oall.java:1372)
	at oracle.jdbc.driver.T4CTTIfun.receive(T4CTTIfun.java:972)
	at oracle.jdbc.driver.T4CTTIfun.doRPC(T4CTTIfun.java:237)
	at oracle.jdbc.driver.T4C8Oall.doOALL(T4C8Oall.java:524)
	at oracle.jdbc.driver.T4CStatement.doOall8(T4CStatement.java:197)
	at oracle.jdbc.driver.T4CStatement.executeForRows(T4CStatement.java:1408)
	at oracle.jdbc.driver.OracleStatement.executeSQLStatement(OracleStatement.java:2020)
	at oracle.jdbc.driver.OracleStatement.doExecuteWithTimeout(OracleStatement.java:1633)
	at oracle.jdbc.driver.OracleStatement.executeInternal(OracleStatement.java:2698)
	at oracle.jdbc.driver.OracleStatement.execute(OracleStatement.java:2647)
	at oracle.jdbc.driver.OracleStatementWrapper.execute(OracleStatementWrapper.java:349)
	at com.zaxxer.hikari.pool.ProxyStatement.execute(ProxyStatement.java:95)
	at com.zaxxer.hikari.pool.HikariProxyStatement.execute(HikariProxyStatement.java)
	at org.hibernate.tool.schema.internal.exec.GenerationTargetToDatabase.accept(GenerationTargetToDatabase.java:76)
	... 43 common frames omitted
Caused by: Error : 942, Position : 11, SQL = drop table tbl_reviews cascade constraints, Original SQL = drop table tbl_reviews cascade constraints, Error Message = ORA-00942: 테이블 또는 뷰가 존재하지 않습니다

	at oracle.jdbc.driver.T4CTTIoer11.processError(T4CTTIoer11.java:723)
	... 58 common frames omitted
2026-04-01 15:28:25 [restartedMain] WARN  o.h.t.s.i.ExceptionHandlerLoggedImpl - GenerationTarget encountered exception accepting command : Error executing DDL "drop sequence movie_seq" via JDBC [ORA-02289: 시퀀스가 존재하지 않습니다.

https://docs.oracle.com/error-help/db/ora-02289/]
org.hibernate.tool.schema.spi.CommandAcceptanceException: Error executing DDL "drop sequence movie_seq" via JDBC [ORA-02289: 시퀀스가 존재하지 않습니다.

https://docs.oracle.com/error-help/db/ora-02289/]
	at org.hibernate.tool.schema.internal.exec.GenerationTargetToDatabase.accept(GenerationTargetToDatabase.java:81)
	at org.hibernate.tool.schema.internal.Helper.applySqlString(Helper.java:218)
	at org.hibernate.tool.schema.internal.Helper.applySqlStrings(Helper.java:204)
	at org.hibernate.tool.schema.internal.SchemaDropperImpl.dropSequences(SchemaDropperImpl.java:335)
	at org.hibernate.tool.schema.internal.SchemaDropperImpl.dropConstraintsTablesSequences(SchemaDropperImpl.java:261)
	at org.hibernate.tool.schema.internal.SchemaDropperImpl.dropFromMetadata(SchemaDropperImpl.java:210)
	at org.hibernate.tool.schema.internal.SchemaDropperImpl.performDrop(SchemaDropperImpl.java:182)
	at org.hibernate.tool.schema.internal.SchemaDropperImpl.doDrop(SchemaDropperImpl.java:152)
	at org.hibernate.tool.schema.internal.SchemaDropperImpl.doDrop(SchemaDropperImpl.java:112)
	at org.hibernate.tool.schema.spi.SchemaManagementToolCoordinator.performDatabaseAction(SchemaManagementToolCoordinator.java:227)
	at org.hibernate.tool.schema.spi.SchemaManagementToolCoordinator.lambda$process$1(SchemaManagementToolCoordinator.java:101)
	at java.base/java.util.HashMap.forEach(HashMap.java:1429)
	at org.hibernate.tool.schema.spi.SchemaManagementToolCoordinator.process(SchemaManagementToolCoordinator.java:100)
	at org.hibernate.boot.internal.SessionFactoryObserverForSchemaExport.sessionFactoryCreated(SessionFactoryObserverForSchemaExport.java:35)
	at org.hibernate.internal.SessionFactoryObserverChain.sessionFactoryCreated(SessionFactoryObserverChain.java:33)
	at org.hibernate.internal.SessionFactoryImpl.<init>(SessionFactoryImpl.java:323)
	at org.hibernate.internal.SessionFactoryRegistry.instantiateSessionFactory(SessionFactoryRegistry.java:64)
	at org.hibernate.boot.internal.SessionFactoryBuilderImpl.build(SessionFactoryBuilderImpl.java:437)
	at org.hibernate.jpa.boot.internal.EntityManagerFactoryBuilderImpl.build(EntityManagerFactoryBuilderImpl.java:1456)
	at org.springframework.orm.jpa.vendor.SpringHibernateJpaPersistenceProvider.createContainerEntityManagerFactory(SpringHibernateJpaPersistenceProvider.java:93)
	at org.springframework.orm.jpa.LocalContainerEntityManagerFactoryBean.createNativeEntityManagerFactory(LocalContainerEntityManagerFactoryBean.java:443)
	at org.springframework.orm.jpa.AbstractEntityManagerFactoryBean.buildNativeEntityManagerFactory(AbstractEntityManagerFactoryBean.java:436)
	at org.springframework.orm.jpa.AbstractEntityManagerFactoryBean.afterPropertiesSet(AbstractEntityManagerFactoryBean.java:411)
	at org.springframework.orm.jpa.LocalContainerEntityManagerFactoryBean.afterPropertiesSet(LocalContainerEntityManagerFactoryBean.java:419)
	at org.springframework.beans.factory.support.AbstractAutowireCapableBeanFactory.invokeInitMethods(AbstractAutowireCapableBeanFactory.java:1864)
	at org.springframework.beans.factory.support.AbstractAutowireCapableBeanFactory.initializeBean(AbstractAutowireCapableBeanFactory.java:1813)
	at org.springframework.beans.factory.support.AbstractAutowireCapableBeanFactory.doCreateBean(AbstractAutowireCapableBeanFactory.java:603)
	at org.springframework.beans.factory.support.AbstractAutowireCapableBeanFactory.createBean(AbstractAutowireCapableBeanFactory.java:525)
	at org.springframework.beans.factory.support.AbstractBeanFactory.lambda$doGetBean$0(AbstractBeanFactory.java:333)
	at org.springframework.beans.factory.support.DefaultSingletonBeanRegistry.getSingleton(DefaultSingletonBeanRegistry.java:371)
	at org.springframework.beans.factory.support.AbstractBeanFactory.doGetBean(AbstractBeanFactory.java:331)
	at org.springframework.beans.factory.support.AbstractBeanFactory.getBean(AbstractBeanFactory.java:201)
	at org.springframework.context.support.AbstractApplicationContext.finishBeanFactoryInitialization(AbstractApplicationContext.java:977)
	at org.springframework.context.support.AbstractApplicationContext.refresh(AbstractApplicationContext.java:621)
	at org.springframework.boot.web.server.servlet.context.ServletWebServerApplicationContext.refresh(ServletWebServerApplicationContext.java:143)
	at org.springframework.boot.SpringApplication.refresh(SpringApplication.java:756)
	at org.springframework.boot.SpringApplication.refreshContext(SpringApplication.java:445)
	at org.springframework.boot.SpringApplication.run(SpringApplication.java:321)
	at org.springframework.boot.SpringApplication.run(SpringApplication.java:1365)
	at org.springframework.boot.SpringApplication.run(SpringApplication.java:1354)
	at com.example.CineLogApplication.main(CineLogApplication.java:14)
	at java.base/jdk.internal.reflect.DirectMethodHandleAccessor.invoke(DirectMethodHandleAccessor.java:103)
	at java.base/java.lang.reflect.Method.invoke(Method.java:580)
	at org.springframework.boot.devtools.restart.RestartLauncher.run(RestartLauncher.java:52)
Caused by: java.sql.SQLSyntaxErrorException: ORA-02289: 시퀀스가 존재하지 않습니다.

https://docs.oracle.com/error-help/db/ora-02289/
	at oracle.jdbc.driver.T4CTTIoer11.processError(T4CTTIoer11.java:715)
	at oracle.jdbc.driver.T4CTTIoer11.processError(T4CTTIoer11.java:615)
	at oracle.jdbc.driver.T4C8Oall.processError(T4C8Oall.java:1372)
	at oracle.jdbc.driver.T4CTTIfun.receive(T4CTTIfun.java:972)
	at oracle.jdbc.driver.T4CTTIfun.doRPC(T4CTTIfun.java:237)
	at oracle.jdbc.driver.T4C8Oall.doOALL(T4C8Oall.java:524)
	at oracle.jdbc.driver.T4CStatement.doOall8(T4CStatement.java:197)
	at oracle.jdbc.driver.T4CStatement.executeForRows(T4CStatement.java:1408)
	at oracle.jdbc.driver.OracleStatement.executeSQLStatement(OracleStatement.java:2020)
	at oracle.jdbc.driver.OracleStatement.doExecuteWithTimeout(OracleStatement.java:1633)
	at oracle.jdbc.driver.OracleStatement.executeInternal(OracleStatement.java:2698)
	at oracle.jdbc.driver.OracleStatement.execute(OracleStatement.java:2647)
	at oracle.jdbc.driver.OracleStatementWrapper.execute(OracleStatementWrapper.java:349)
	at com.zaxxer.hikari.pool.ProxyStatement.execute(ProxyStatement.java:95)
	at com.zaxxer.hikari.pool.HikariProxyStatement.execute(HikariProxyStatement.java)
	at org.hibernate.tool.schema.internal.exec.GenerationTargetToDatabase.accept(GenerationTargetToDatabase.java:76)
	... 43 common frames omitted
Caused by: Error : 2289, Position : 14, SQL = drop sequence movie_seq, Original SQL = drop sequence movie_seq, Error Message = ORA-02289: 시퀀스가 존재하지 않습니다.

	at oracle.jdbc.driver.T4CTTIoer11.processError(T4CTTIoer11.java:723)
	... 58 common frames omitted
2026-04-01 15:28:25 [restartedMain] WARN  o.h.t.s.i.ExceptionHandlerLoggedImpl - GenerationTarget encountered exception accepting command : Error executing DDL "drop sequence review_seq" via JDBC [ORA-02289: 시퀀스가 존재하지 않습니다.

https://docs.oracle.com/error-help/db/ora-02289/]
org.hibernate.tool.schema.spi.CommandAcceptanceException: Error executing DDL "drop sequence review_seq" via JDBC [ORA-02289: 시퀀스가 존재하지 않습니다.

https://docs.oracle.com/error-help/db/ora-02289/]
	at org.hibernate.tool.schema.internal.exec.GenerationTargetToDatabase.accept(GenerationTargetToDatabase.java:81)
	at org.hibernate.tool.schema.internal.Helper.applySqlString(Helper.java:218)
	at org.hibernate.tool.schema.internal.Helper.applySqlStrings(Helper.java:204)
	at org.hibernate.tool.schema.internal.SchemaDropperImpl.dropSequences(SchemaDropperImpl.java:335)
	at org.hibernate.tool.schema.internal.SchemaDropperImpl.dropConstraintsTablesSequences(SchemaDropperImpl.java:261)
	at org.hibernate.tool.schema.internal.SchemaDropperImpl.dropFromMetadata(SchemaDropperImpl.java:210)
	at org.hibernate.tool.schema.internal.SchemaDropperImpl.performDrop(SchemaDropperImpl.java:182)
	at org.hibernate.tool.schema.internal.SchemaDropperImpl.doDrop(SchemaDropperImpl.java:152)
	at org.hibernate.tool.schema.internal.SchemaDropperImpl.doDrop(SchemaDropperImpl.java:112)
	at org.hibernate.tool.schema.spi.SchemaManagementToolCoordinator.performDatabaseAction(SchemaManagementToolCoordinator.java:227)
	at org.hibernate.tool.schema.spi.SchemaManagementToolCoordinator.lambda$process$1(SchemaManagementToolCoordinator.java:101)
	at java.base/java.util.HashMap.forEach(HashMap.java:1429)
	at org.hibernate.tool.schema.spi.SchemaManagementToolCoordinator.process(SchemaManagementToolCoordinator.java:100)
	at org.hibernate.boot.internal.SessionFactoryObserverForSchemaExport.sessionFactoryCreated(SessionFactoryObserverForSchemaExport.java:35)
	at org.hibernate.internal.SessionFactoryObserverChain.sessionFactoryCreated(SessionFactoryObserverChain.java:33)
	at org.hibernate.internal.SessionFactoryImpl.<init>(SessionFactoryImpl.java:323)
	at org.hibernate.internal.SessionFactoryRegistry.instantiateSessionFactory(SessionFactoryRegistry.java:64)
	at org.hibernate.boot.internal.SessionFactoryBuilderImpl.build(SessionFactoryBuilderImpl.java:437)
	at org.hibernate.jpa.boot.internal.EntityManagerFactoryBuilderImpl.build(EntityManagerFactoryBuilderImpl.java:1456)
	at org.springframework.orm.jpa.vendor.SpringHibernateJpaPersistenceProvider.createContainerEntityManagerFactory(SpringHibernateJpaPersistenceProvider.java:93)
	at org.springframework.orm.jpa.LocalContainerEntityManagerFactoryBean.createNativeEntityManagerFactory(LocalContainerEntityManagerFactoryBean.java:443)
	at org.springframework.orm.jpa.AbstractEntityManagerFactoryBean.buildNativeEntityManagerFactory(AbstractEntityManagerFactoryBean.java:436)
	at org.springframework.orm.jpa.AbstractEntityManagerFactoryBean.afterPropertiesSet(AbstractEntityManagerFactoryBean.java:411)
	at org.springframework.orm.jpa.LocalContainerEntityManagerFactoryBean.afterPropertiesSet(LocalContainerEntityManagerFactoryBean.java:419)
	at org.springframework.beans.factory.support.AbstractAutowireCapableBeanFactory.invokeInitMethods(AbstractAutowireCapableBeanFactory.java:1864)
	at org.springframework.beans.factory.support.AbstractAutowireCapableBeanFactory.initializeBean(AbstractAutowireCapableBeanFactory.java:1813)
	at org.springframework.beans.factory.support.AbstractAutowireCapableBeanFactory.doCreateBean(AbstractAutowireCapableBeanFactory.java:603)
	at org.springframework.beans.factory.support.AbstractAutowireCapableBeanFactory.createBean(AbstractAutowireCapableBeanFactory.java:525)
	at org.springframework.beans.factory.support.AbstractBeanFactory.lambda$doGetBean$0(AbstractBeanFactory.java:333)
	at org.springframework.beans.factory.support.DefaultSingletonBeanRegistry.getSingleton(DefaultSingletonBeanRegistry.java:371)
	at org.springframework.beans.factory.support.AbstractBeanFactory.doGetBean(AbstractBeanFactory.java:331)
	at org.springframework.beans.factory.support.AbstractBeanFactory.getBean(AbstractBeanFactory.java:201)
	at org.springframework.context.support.AbstractApplicationContext.finishBeanFactoryInitialization(AbstractApplicationContext.java:977)
	at org.springframework.context.support.AbstractApplicationContext.refresh(AbstractApplicationContext.java:621)
	at org.springframework.boot.web.server.servlet.context.ServletWebServerApplicationContext.refresh(ServletWebServerApplicationContext.java:143)
	at org.springframework.boot.SpringApplication.refresh(SpringApplication.java:756)
	at org.springframework.boot.SpringApplication.refreshContext(SpringApplication.java:445)
	at org.springframework.boot.SpringApplication.run(SpringApplication.java:321)
	at org.springframework.boot.SpringApplication.run(SpringApplication.java:1365)
	at org.springframework.boot.SpringApplication.run(SpringApplication.java:1354)
	at com.example.CineLogApplication.main(CineLogApplication.java:14)
	at java.base/jdk.internal.reflect.DirectMethodHandleAccessor.invoke(DirectMethodHandleAccessor.java:103)
	at java.base/java.lang.reflect.Method.invoke(Method.java:580)
	at org.springframework.boot.devtools.restart.RestartLauncher.run(RestartLauncher.java:52)
Caused by: java.sql.SQLSyntaxErrorException: ORA-02289: 시퀀스가 존재하지 않습니다.

https://docs.oracle.com/error-help/db/ora-02289/
	at oracle.jdbc.driver.T4CTTIoer11.processError(T4CTTIoer11.java:715)
	at oracle.jdbc.driver.T4CTTIoer11.processError(T4CTTIoer11.java:615)
	at oracle.jdbc.driver.T4C8Oall.processError(T4C8Oall.java:1372)
	at oracle.jdbc.driver.T4CTTIfun.receive(T4CTTIfun.java:972)
	at oracle.jdbc.driver.T4CTTIfun.doRPC(T4CTTIfun.java:237)
	at oracle.jdbc.driver.T4C8Oall.doOALL(T4C8Oall.java:524)
	at oracle.jdbc.driver.T4CStatement.doOall8(T4CStatement.java:197)
	at oracle.jdbc.driver.T4CStatement.executeForRows(T4CStatement.java:1408)
	at oracle.jdbc.driver.OracleStatement.executeSQLStatement(OracleStatement.java:2020)
	at oracle.jdbc.driver.OracleStatement.doExecuteWithTimeout(OracleStatement.java:1633)
	at oracle.jdbc.driver.OracleStatement.executeInternal(OracleStatement.java:2698)
	at oracle.jdbc.driver.OracleStatement.execute(OracleStatement.java:2647)
	at oracle.jdbc.driver.OracleStatementWrapper.execute(OracleStatementWrapper.java:349)
	at com.zaxxer.hikari.pool.ProxyStatement.execute(ProxyStatement.java:95)
	at com.zaxxer.hikari.pool.HikariProxyStatement.execute(HikariProxyStatement.java)
	at org.hibernate.tool.schema.internal.exec.GenerationTargetToDatabase.accept(GenerationTargetToDatabase.java:76)
	... 43 common frames omitted
Caused by: Error : 2289, Position : 14, SQL = drop sequence review_seq, Original SQL = drop sequence review_seq, Error Message = ORA-02289: 시퀀스가 존재하지 않습니다.

	at oracle.jdbc.driver.T4CTTIoer11.processError(T4CTTIoer11.java:723)
	... 58 common frames omitted
2026-04-01 15:28:25 [restartedMain] INFO  o.s.o.j.LocalContainerEntityManagerFactoryBean - Initialized JPA EntityManagerFactory for persistence unit 'default'
2026-04-01 15:28:25 [restartedMain] WARN  o.s.b.w.s.s.c.AnnotationConfigServletWebServerApplicationContext - Exception encountered during context initialization - cancelling refresh attempt: org.springframework.beans.factory.UnsatisfiedDependencyException: Error creating bean with name 'tokenCleanupScheduler' defined in file [C:\Dev\WS_sts\cinelog\bin\main\com\example\util\TokenCleanupScheduler.class]: Unsatisfied dependency expressed through constructor parameter 0: Error creating bean with name 'jdbcTemplate' defined in class path resource [org/springframework/boot/jdbc/autoconfigure/JdbcTemplateConfiguration.class]: Failed to initialize dependency 'dataSourceScriptDatabaseInitializer' of JdbcTemplate bean 'jdbcTemplate': Error creating bean with name 'dataSourceScriptDatabaseInitializer' defined in class path resource [org/springframework/boot/jdbc/autoconfigure/DataSourceInitializationAutoConfiguration.class]: Failed to execute SQL script statement #1 of file [C:\Dev\WS_sts\cinelog\bin\main\data.sql]: INSERT INTO tbl_movie_members (username, password, nickname, user_role) VALUES ('admin', '$2b$10$b3PFSiCNEel4g6iSfsxBS.Z/KL3f.Li9jnl5.6cjbc5WkVoykBfNy', '관리자', 'ADMIN')
2026-04-01 15:28:25 [restartedMain] INFO  o.s.o.j.LocalContainerEntityManagerFactoryBean - Closing JPA EntityManagerFactory for persistence unit 'default'
2026-04-01 15:28:26 [restartedMain] INFO  com.zaxxer.hikari.HikariDataSource - HikariPool-2 - Shutdown initiated...
2026-04-01 15:28:26 [restartedMain] INFO  com.zaxxer.hikari.HikariDataSource - HikariPool-2 - Shutdown completed.
2026-04-01 15:28:26 [restartedMain] INFO  o.a.catalina.core.StandardService - Stopping service [Tomcat]
2026-04-01 15:28:26 [restartedMain] INFO  o.s.b.a.l.ConditionEvaluationReportLogger - 

Error starting ApplicationContext. To display the condition evaluation report re-run your application with 'debug' enabled.
2026-04-01 15:28:26 [restartedMain] ERROR o.s.boot.SpringApplication - Application run failed
org.springframework.beans.factory.UnsatisfiedDependencyException: Error creating bean with name 'tokenCleanupScheduler' defined in file [C:\Dev\WS_sts\cinelog\bin\main\com\example\util\TokenCleanupScheduler.class]: Unsatisfied dependency expressed through constructor parameter 0: Error creating bean with name 'jdbcTemplate' defined in class path resource [org/springframework/boot/jdbc/autoconfigure/JdbcTemplateConfiguration.class]: Failed to initialize dependency 'dataSourceScriptDatabaseInitializer' of JdbcTemplate bean 'jdbcTemplate': Error creating bean with name 'dataSourceScriptDatabaseInitializer' defined in class path resource [org/springframework/boot/jdbc/autoconfigure/DataSourceInitializationAutoConfiguration.class]: Failed to execute SQL script statement #1 of file [C:\Dev\WS_sts\cinelog\bin\main\data.sql]: INSERT INTO tbl_movie_members (username, password, nickname, user_role) VALUES ('admin', '$2b$10$b3PFSiCNEel4g6iSfsxBS.Z/KL3f.Li9jnl5.6cjbc5WkVoykBfNy', '관리자', 'ADMIN')
	at org.springframework.beans.factory.support.ConstructorResolver.createArgumentArray(ConstructorResolver.java:804)
	at org.springframework.beans.factory.support.ConstructorResolver.autowireConstructor(ConstructorResolver.java:240)
	at org.springframework.beans.factory.support.AbstractAutowireCapableBeanFactory.autowireConstructor(AbstractAutowireCapableBeanFactory.java:1382)
	at org.springframework.beans.factory.support.AbstractAutowireCapableBeanFactory.createBeanInstance(AbstractAutowireCapableBeanFactory.java:1221)
	at org.springframework.beans.factory.support.AbstractAutowireCapableBeanFactory.doCreateBean(AbstractAutowireCapableBeanFactory.java:565)
	at org.springframework.beans.factory.support.AbstractAutowireCapableBeanFactory.createBean(AbstractAutowireCapableBeanFactory.java:525)
	at org.springframework.beans.factory.support.AbstractBeanFactory.lambda$doGetBean$0(AbstractBeanFactory.java:333)
	at org.springframework.beans.factory.support.DefaultSingletonBeanRegistry.getSingleton(DefaultSingletonBeanRegistry.java:371)
	at org.springframework.beans.factory.support.AbstractBeanFactory.doGetBean(AbstractBeanFactory.java:331)
	at org.springframework.beans.factory.support.AbstractBeanFactory.getBean(AbstractBeanFactory.java:196)
	at org.springframework.beans.factory.support.DefaultListableBeanFactory.instantiateSingleton(DefaultListableBeanFactory.java:1218)
	at org.springframework.beans.factory.support.DefaultListableBeanFactory.preInstantiateSingleton(DefaultListableBeanFactory.java:1184)
	at org.springframework.beans.factory.support.DefaultListableBeanFactory.preInstantiateSingletons(DefaultListableBeanFactory.java:1121)
	at org.springframework.context.support.AbstractApplicationContext.finishBeanFactoryInitialization(AbstractApplicationContext.java:994)
	at org.springframework.context.support.AbstractApplicationContext.refresh(AbstractApplicationContext.java:621)
	at org.springframework.boot.web.server.servlet.context.ServletWebServerApplicationContext.refresh(ServletWebServerApplicationContext.java:143)
	at org.springframework.boot.SpringApplication.refresh(SpringApplication.java:756)
	at org.springframework.boot.SpringApplication.refreshContext(SpringApplication.java:445)
	at org.springframework.boot.SpringApplication.run(SpringApplication.java:321)
	at org.springframework.boot.SpringApplication.run(SpringApplication.java:1365)
	at org.springframework.boot.SpringApplication.run(SpringApplication.java:1354)
	at com.example.CineLogApplication.main(CineLogApplication.java:14)
	at java.base/jdk.internal.reflect.DirectMethodHandleAccessor.invoke(DirectMethodHandleAccessor.java:103)
	at java.base/java.lang.reflect.Method.invoke(Method.java:580)
	at org.springframework.boot.devtools.restart.RestartLauncher.run(RestartLauncher.java:52)
Caused by: org.springframework.beans.factory.BeanCreationException: Error creating bean with name 'jdbcTemplate' defined in class path resource [org/springframework/boot/jdbc/autoconfigure/JdbcTemplateConfiguration.class]: Failed to initialize dependency 'dataSourceScriptDatabaseInitializer' of JdbcTemplate bean 'jdbcTemplate': Error creating bean with name 'dataSourceScriptDatabaseInitializer' defined in class path resource [org/springframework/boot/jdbc/autoconfigure/DataSourceInitializationAutoConfiguration.class]: Failed to execute SQL script statement #1 of file [C:\Dev\WS_sts\cinelog\bin\main\data.sql]: INSERT INTO tbl_movie_members (username, password, nickname, user_role) VALUES ('admin', '$2b$10$b3PFSiCNEel4g6iSfsxBS.Z/KL3f.Li9jnl5.6cjbc5WkVoykBfNy', '관리자', 'ADMIN')
	at org.springframework.beans.factory.support.AbstractBeanFactory.doGetBean(AbstractBeanFactory.java:322)
	at org.springframework.beans.factory.support.AbstractBeanFactory.getBean(AbstractBeanFactory.java:201)
	at org.springframework.beans.factory.support.DefaultListableBeanFactory.resolveBean(DefaultListableBeanFactory.java:1225)
	at org.springframework.beans.factory.support.DefaultListableBeanFactory.doResolveDependency(DefaultListableBeanFactory.java:1704)
	at org.springframework.beans.factory.support.DefaultListableBeanFactory.resolveDependency(DefaultListableBeanFactory.java:1651)
	at org.springframework.beans.factory.support.ConstructorResolver.resolveAutowiredArgument(ConstructorResolver.java:912)
	at org.springframework.beans.factory.support.ConstructorResolver.createArgumentArray(ConstructorResolver.java:791)
	... 24 common frames omitted
Caused by: org.springframework.beans.factory.BeanCreationException: Error creating bean with name 'dataSourceScriptDatabaseInitializer' defined in class path resource [org/springframework/boot/jdbc/autoconfigure/DataSourceInitializationAutoConfiguration.class]: Failed to execute SQL script statement #1 of file [C:\Dev\WS_sts\cinelog\bin\main\data.sql]: INSERT INTO tbl_movie_members (username, password, nickname, user_role) VALUES ('admin', '$2b$10$b3PFSiCNEel4g6iSfsxBS.Z/KL3f.Li9jnl5.6cjbc5WkVoykBfNy', '관리자', 'ADMIN')
	at org.springframework.beans.factory.support.AbstractAutowireCapableBeanFactory.initializeBean(AbstractAutowireCapableBeanFactory.java:1817)
	at org.springframework.beans.factory.support.AbstractAutowireCapableBeanFactory.doCreateBean(AbstractAutowireCapableBeanFactory.java:603)
	at org.springframework.beans.factory.support.AbstractAutowireCapableBeanFactory.createBean(AbstractAutowireCapableBeanFactory.java:525)
	at org.springframework.beans.factory.support.AbstractBeanFactory.lambda$doGetBean$0(AbstractBeanFactory.java:333)
	at org.springframework.beans.factory.support.DefaultSingletonBeanRegistry.getSingleton(DefaultSingletonBeanRegistry.java:371)
	at org.springframework.beans.factory.support.AbstractBeanFactory.doGetBean(AbstractBeanFactory.java:331)
	at org.springframework.beans.factory.support.AbstractBeanFactory.getBean(AbstractBeanFactory.java:196)
	at org.springframework.beans.factory.support.AbstractBeanFactory.doGetBean(AbstractBeanFactory.java:309)
	... 30 common frames omitted
Caused by: org.springframework.jdbc.datasource.init.ScriptStatementFailedException: Failed to execute SQL script statement #1 of file [C:\Dev\WS_sts\cinelog\bin\main\data.sql]: INSERT INTO tbl_movie_members (username, password, nickname, user_role) VALUES ('admin', '$2b$10$b3PFSiCNEel4g6iSfsxBS.Z/KL3f.Li9jnl5.6cjbc5WkVoykBfNy', '관리자', 'ADMIN')
	at org.springframework.jdbc.datasource.init.ScriptUtils.executeSqlScript(ScriptUtils.java:293)
	at org.springframework.jdbc.datasource.init.ResourceDatabasePopulator.populate(ResourceDatabasePopulator.java:254)
	at org.springframework.jdbc.datasource.init.DatabasePopulatorUtils.execute(DatabasePopulatorUtils.java:54)
	at org.springframework.boot.jdbc.init.DataSourceScriptDatabaseInitializer.runScripts(DataSourceScriptDatabaseInitializer.java:87)
	at org.springframework.boot.sql.init.AbstractScriptDatabaseInitializer.runScripts(AbstractScriptDatabaseInitializer.java:159)
	at org.springframework.boot.sql.init.AbstractScriptDatabaseInitializer.applyScripts(AbstractScriptDatabaseInitializer.java:120)
	at org.springframework.boot.sql.init.AbstractScriptDatabaseInitializer.applyDataScripts(AbstractScriptDatabaseInitializer.java:113)
	at org.springframework.boot.sql.init.AbstractScriptDatabaseInitializer.initializeDatabase(AbstractScriptDatabaseInitializer.java:88)
	at org.springframework.boot.sql.init.AbstractScriptDatabaseInitializer.afterPropertiesSet(AbstractScriptDatabaseInitializer.java:77)
	at org.springframework.beans.factory.support.AbstractAutowireCapableBeanFactory.invokeInitMethods(AbstractAutowireCapableBeanFactory.java:1864)
	at org.springframework.beans.factory.support.AbstractAutowireCapableBeanFactory.initializeBean(AbstractAutowireCapableBeanFactory.java:1813)
	... 37 common frames omitted
Caused by: java.sql.SQLException: ORA-12899: "GREEN"."TBL_MOVIE_MEMBERS"."PASSWORD" 열에 대한 값이 너무 큼(실제: 60, 최대값: 20)

https://docs.oracle.com/error-help/db/ora-12899/
	at oracle.jdbc.driver.T4CTTIoer11.processError(T4CTTIoer11.java:715)
	at oracle.jdbc.driver.T4CTTIoer11.processError(T4CTTIoer11.java:615)
	at oracle.jdbc.driver.T4C8Oall.processError(T4C8Oall.java:1372)
	at oracle.jdbc.driver.T4CTTIfun.receive(T4CTTIfun.java:972)
	at oracle.jdbc.driver.T4CTTIfun.doRPC(T4CTTIfun.java:237)
	at oracle.jdbc.driver.T4C8Oall.doOALL(T4C8Oall.java:524)
	at oracle.jdbc.driver.T4CStatement.doOall8(T4CStatement.java:197)
	at oracle.jdbc.driver.T4CStatement.executeForRows(T4CStatement.java:1408)
	at oracle.jdbc.driver.OracleStatement.executeSQLStatement(OracleStatement.java:2020)
	at oracle.jdbc.driver.OracleStatement.doExecuteWithTimeout(OracleStatement.java:1633)
	at oracle.jdbc.driver.OracleStatement.executeInternal(OracleStatement.java:2698)
	at oracle.jdbc.driver.OracleStatement.execute(OracleStatement.java:2647)
	at oracle.jdbc.driver.OracleStatementWrapper.execute(OracleStatementWrapper.java:349)
	at com.zaxxer.hikari.pool.ProxyStatement.execute(ProxyStatement.java:95)
	at com.zaxxer.hikari.pool.HikariProxyStatement.execute(HikariProxyStatement.java)
	at org.springframework.jdbc.datasource.init.ScriptUtils.executeSqlScript(ScriptUtils.java:261)
	... 47 common frames omitted
Caused by: Error : 12899, Position : 89, SQL = INSERT INTO tbl_movie_members (username, password, nickname, user_role) VALUES ('admin', '$2b$10$b3PFSiCNEel4g6iSfsxBS.Z/KL3f.Li9jnl5.6cjbc5WkVoykBfNy', '관리자', 'ADMIN'), Original SQL = INSERT INTO tbl_movie_members (username, password, nickname, user_role) VALUES ('admin', '$2b$10$b3PFSiCNEel4g6iSfsxBS.Z/KL3f.Li9jnl5.6cjbc5WkVoykBfNy', '관리자', 'ADMIN'), Error Message = ORA-12899: "GREEN"."TBL_MOVIE_MEMBERS"."PASSWORD" 열에 대한 값이 너무 큼(실제: 60, 최대값: 20)

	at oracle.jdbc.driver.T4CTTIoer11.processError(T4CTTIoer11.java:723)
	... 62 common frames omitted
2026-04-01 15:28:40 [background-preinit] INFO  o.h.validator.internal.util.Version - HV000001: Hibernate Validator 9.0.1.Final
2026-04-01 15:28:40 [restartedMain] INFO  com.example.CineLogApplication - Starting CineLogApplication using Java 21.0.10 with PID 7432 (C:\Dev\WS_sts\cinelog\bin\main started by GGG in C:\Dev\WS_sts\cinelog)
2026-04-01 15:28:40 [restartedMain] INFO  com.example.CineLogApplication - No active profile set, falling back to 1 default profile: "default"
2026-04-01 15:28:40 [restartedMain] INFO  o.s.b.d.restart.ChangeableUrls - The Class-Path manifest attribute in C:\Users\GGG\.gradle\caches\modules-2\files-2.1\com.oracle.database.jdbc\ojdbc11\23.9.0.25.07\4fe3479be8322eaac43f1cd0fb5818e93048201d\ojdbc11-23.9.0.25.07.jar referenced one or more files that do not exist: file:/C:/Users/GGG/.gradle/caches/modules-2/files-2.1/com.oracle.database.jdbc/ojdbc11/23.9.0.25.07/4fe3479be8322eaac43f1cd0fb5818e93048201d/oraclepki.jar
2026-04-01 15:28:40 [restartedMain] INFO  o.s.b.d.e.DevToolsPropertyDefaultsPostProcessor - Devtools property defaults active! Set 'spring.devtools.add-properties' to 'false' to disable
2026-04-01 15:28:40 [restartedMain] INFO  o.s.b.d.e.DevToolsPropertyDefaultsPostProcessor - For additional web related logging consider setting the 'logging.level.web' property to 'DEBUG'
2026-04-01 15:28:40 [restartedMain] INFO  o.s.d.r.c.RepositoryConfigurationDelegate - Bootstrapping Spring Data JPA repositories in DEFAULT mode.
2026-04-01 15:28:40 [restartedMain] INFO  o.s.d.r.c.RepositoryConfigurationDelegate - Finished Spring Data repository scanning in 32 ms. Found 3 JPA repository interfaces.
2026-04-01 15:28:41 [restartedMain] INFO  o.s.boot.tomcat.TomcatWebServer - Tomcat initialized with port 8092 (http)
2026-04-01 15:28:41 [restartedMain] INFO  o.a.coyote.http11.Http11NioProtocol - Initializing ProtocolHandler ["http-nio-8092"]
2026-04-01 15:28:41 [restartedMain] INFO  o.a.catalina.core.StandardService - Starting service [Tomcat]
2026-04-01 15:28:41 [restartedMain] INFO  o.a.catalina.core.StandardEngine - Starting Servlet engine: [Apache Tomcat/11.0.20]
2026-04-01 15:28:41 [restartedMain] INFO  o.s.b.w.c.s.WebApplicationContextInitializer - Root WebApplicationContext: initialization completed in 977 ms
2026-04-01 15:28:41 [restartedMain] INFO  org.hibernate.orm.jpa - HHH008540: Processing PersistenceUnitInfo [name: default]
2026-04-01 15:28:41 [restartedMain] INFO  org.hibernate.orm.core - HHH000001: Hibernate ORM core version 7.2.7.Final
2026-04-01 15:28:41 [restartedMain] INFO  o.s.o.j.p.SpringPersistenceUnitInfo - No LoadTimeWeaver setup: ignoring JPA class transformer
2026-04-01 15:28:41 [restartedMain] INFO  com.zaxxer.hikari.HikariDataSource - HikariPool-1 - Starting...
2026-04-01 15:28:42 [restartedMain] INFO  com.zaxxer.hikari.pool.HikariPool - HikariPool-1 - Added connection oracle.jdbc.driver.T4CConnection@7a7c0710
2026-04-01 15:28:42 [restartedMain] INFO  com.zaxxer.hikari.HikariDataSource - HikariPool-1 - Start completed.
2026-04-01 15:28:42 [restartedMain] WARN  org.hibernate.orm.jdbc - HHH100123: Low default JDBC fetch size: 10 (consider setting 'hibernate.jdbc.fetch_size')
2026-04-01 15:28:42 [restartedMain] INFO  o.hibernate.orm.connections.pooling - HHH10001005: Database info:
	Database JDBC URL [jdbc:oracle:thin:@//localhost:1521/testdb]
	Database driver: Oracle JDBC driver
	Database dialect: OracleDialect
	Database version: 19.3
	Default catalog/schema: undefined/GREEN
	Autocommit mode: undefined/unknown
	Isolation level: READ_COMMITTED [default READ_COMMITTED]
	JDBC fetch size: 10
	Pool: DataSourceConnectionProvider
	Minimum pool size: undefined/unknown
	Maximum pool size: undefined/unknown
2026-04-01 15:28:42 [restartedMain] INFO  org.hibernate.orm.core - HHH000489: No JTA platform available (set 'hibernate.transaction.jta.platform' to enable JTA platform integration)
2026-04-01 15:28:42 [restartedMain] WARN  o.h.t.s.i.ExceptionHandlerLoggedImpl - GenerationTarget encountered exception accepting command : Error executing DDL "drop table tbl_movie_members cascade constraints" via JDBC [ORA-00942: 테이블 또는 뷰가 존재하지 않습니다

https://docs.oracle.com/error-help/db/ora-00942/]
org.hibernate.tool.schema.spi.CommandAcceptanceException: Error executing DDL "drop table tbl_movie_members cascade constraints" via JDBC [ORA-00942: 테이블 또는 뷰가 존재하지 않습니다

https://docs.oracle.com/error-help/db/ora-00942/]
	at org.hibernate.tool.schema.internal.exec.GenerationTargetToDatabase.accept(GenerationTargetToDatabase.java:81)
	at org.hibernate.tool.schema.internal.Helper.applySqlString(Helper.java:218)
	at org.hibernate.tool.schema.internal.Helper.applySqlStrings(Helper.java:204)
	at org.hibernate.tool.schema.internal.SchemaDropperImpl.dropTables(SchemaDropperImpl.java:376)
	at org.hibernate.tool.schema.internal.SchemaDropperImpl.dropConstraintsTablesSequences(SchemaDropperImpl.java:248)
	at org.hibernate.tool.schema.internal.SchemaDropperImpl.dropFromMetadata(SchemaDropperImpl.java:210)
	at org.hibernate.tool.schema.internal.SchemaDropperImpl.performDrop(SchemaDropperImpl.java:182)
	at org.hibernate.tool.schema.internal.SchemaDropperImpl.doDrop(SchemaDropperImpl.java:152)
	at org.hibernate.tool.schema.internal.SchemaDropperImpl.doDrop(SchemaDropperImpl.java:112)
	at org.hibernate.tool.schema.spi.SchemaManagementToolCoordinator.performDatabaseAction(SchemaManagementToolCoordinator.java:227)
	at org.hibernate.tool.schema.spi.SchemaManagementToolCoordinator.lambda$process$1(SchemaManagementToolCoordinator.java:101)
	at java.base/java.util.HashMap.forEach(HashMap.java:1429)
	at org.hibernate.tool.schema.spi.SchemaManagementToolCoordinator.process(SchemaManagementToolCoordinator.java:100)
	at org.hibernate.boot.internal.SessionFactoryObserverForSchemaExport.sessionFactoryCreated(SessionFactoryObserverForSchemaExport.java:35)
	at org.hibernate.internal.SessionFactoryObserverChain.sessionFactoryCreated(SessionFactoryObserverChain.java:33)
	at org.hibernate.internal.SessionFactoryImpl.<init>(SessionFactoryImpl.java:323)
	at org.hibernate.internal.SessionFactoryRegistry.instantiateSessionFactory(SessionFactoryRegistry.java:64)
	at org.hibernate.boot.internal.SessionFactoryBuilderImpl.build(SessionFactoryBuilderImpl.java:437)
	at org.hibernate.jpa.boot.internal.EntityManagerFactoryBuilderImpl.build(EntityManagerFactoryBuilderImpl.java:1456)
	at org.springframework.orm.jpa.vendor.SpringHibernateJpaPersistenceProvider.createContainerEntityManagerFactory(SpringHibernateJpaPersistenceProvider.java:93)
	at org.springframework.orm.jpa.LocalContainerEntityManagerFactoryBean.createNativeEntityManagerFactory(LocalContainerEntityManagerFactoryBean.java:443)
	at org.springframework.orm.jpa.AbstractEntityManagerFactoryBean.buildNativeEntityManagerFactory(AbstractEntityManagerFactoryBean.java:436)
	at org.springframework.orm.jpa.AbstractEntityManagerFactoryBean.afterPropertiesSet(AbstractEntityManagerFactoryBean.java:411)
	at org.springframework.orm.jpa.LocalContainerEntityManagerFactoryBean.afterPropertiesSet(LocalContainerEntityManagerFactoryBean.java:419)
	at org.springframework.beans.factory.support.AbstractAutowireCapableBeanFactory.invokeInitMethods(AbstractAutowireCapableBeanFactory.java:1864)
	at org.springframework.beans.factory.support.AbstractAutowireCapableBeanFactory.initializeBean(AbstractAutowireCapableBeanFactory.java:1813)
	at org.springframework.beans.factory.support.AbstractAutowireCapableBeanFactory.doCreateBean(AbstractAutowireCapableBeanFactory.java:603)
	at org.springframework.beans.factory.support.AbstractAutowireCapableBeanFactory.createBean(AbstractAutowireCapableBeanFactory.java:525)
	at org.springframework.beans.factory.support.AbstractBeanFactory.lambda$doGetBean$0(AbstractBeanFactory.java:333)
	at org.springframework.beans.factory.support.DefaultSingletonBeanRegistry.getSingleton(DefaultSingletonBeanRegistry.java:371)
	at org.springframework.beans.factory.support.AbstractBeanFactory.doGetBean(AbstractBeanFactory.java:331)
	at org.springframework.beans.factory.support.AbstractBeanFactory.getBean(AbstractBeanFactory.java:201)
	at org.springframework.context.support.AbstractApplicationContext.finishBeanFactoryInitialization(AbstractApplicationContext.java:977)
	at org.springframework.context.support.AbstractApplicationContext.refresh(AbstractApplicationContext.java:621)
	at org.springframework.boot.web.server.servlet.context.ServletWebServerApplicationContext.refresh(ServletWebServerApplicationContext.java:143)
	at org.springframework.boot.SpringApplication.refresh(SpringApplication.java:756)
	at org.springframework.boot.SpringApplication.refreshContext(SpringApplication.java:445)
	at org.springframework.boot.SpringApplication.run(SpringApplication.java:321)
	at org.springframework.boot.SpringApplication.run(SpringApplication.java:1365)
	at org.springframework.boot.SpringApplication.run(SpringApplication.java:1354)
	at com.example.CineLogApplication.main(CineLogApplication.java:14)
	at java.base/jdk.internal.reflect.DirectMethodHandleAccessor.invoke(DirectMethodHandleAccessor.java:103)
	at java.base/java.lang.reflect.Method.invoke(Method.java:580)
	at org.springframework.boot.devtools.restart.RestartLauncher.run(RestartLauncher.java:52)
Caused by: java.sql.SQLSyntaxErrorException: ORA-00942: 테이블 또는 뷰가 존재하지 않습니다

https://docs.oracle.com/error-help/db/ora-00942/
	at oracle.jdbc.driver.T4CTTIoer11.processError(T4CTTIoer11.java:715)
	at oracle.jdbc.driver.T4CTTIoer11.processError(T4CTTIoer11.java:615)
	at oracle.jdbc.driver.T4C8Oall.processError(T4C8Oall.java:1372)
	at oracle.jdbc.driver.T4CTTIfun.receive(T4CTTIfun.java:972)
	at oracle.jdbc.driver.T4CTTIfun.doRPC(T4CTTIfun.java:237)
	at oracle.jdbc.driver.T4C8Oall.doOALL(T4C8Oall.java:524)
	at oracle.jdbc.driver.T4CStatement.doOall8(T4CStatement.java:197)
	at oracle.jdbc.driver.T4CStatement.executeForRows(T4CStatement.java:1408)
	at oracle.jdbc.driver.OracleStatement.executeSQLStatement(OracleStatement.java:2020)
	at oracle.jdbc.driver.OracleStatement.doExecuteWithTimeout(OracleStatement.java:1633)
	at oracle.jdbc.driver.OracleStatement.executeInternal(OracleStatement.java:2698)
	at oracle.jdbc.driver.OracleStatement.execute(OracleStatement.java:2647)
	at oracle.jdbc.driver.OracleStatementWrapper.execute(OracleStatementWrapper.java:349)
	at com.zaxxer.hikari.pool.ProxyStatement.execute(ProxyStatement.java:95)
	at com.zaxxer.hikari.pool.HikariProxyStatement.execute(HikariProxyStatement.java)
	at org.hibernate.tool.schema.internal.exec.GenerationTargetToDatabase.accept(GenerationTargetToDatabase.java:76)
	... 43 common frames omitted
Caused by: Error : 942, Position : 11, SQL = drop table tbl_movie_members cascade constraints, Original SQL = drop table tbl_movie_members cascade constraints, Error Message = ORA-00942: 테이블 또는 뷰가 존재하지 않습니다

	at oracle.jdbc.driver.T4CTTIoer11.processError(T4CTTIoer11.java:723)
	... 58 common frames omitted
2026-04-01 15:28:42 [restartedMain] WARN  o.h.t.s.i.ExceptionHandlerLoggedImpl - GenerationTarget encountered exception accepting command : Error executing DDL "drop table tbl_movies cascade constraints" via JDBC [ORA-00942: 테이블 또는 뷰가 존재하지 않습니다

https://docs.oracle.com/error-help/db/ora-00942/]
org.hibernate.tool.schema.spi.CommandAcceptanceException: Error executing DDL "drop table tbl_movies cascade constraints" via JDBC [ORA-00942: 테이블 또는 뷰가 존재하지 않습니다

https://docs.oracle.com/error-help/db/ora-00942/]
	at org.hibernate.tool.schema.internal.exec.GenerationTargetToDatabase.accept(GenerationTargetToDatabase.java:81)
	at org.hibernate.tool.schema.internal.Helper.applySqlString(Helper.java:218)
	at org.hibernate.tool.schema.internal.Helper.applySqlStrings(Helper.java:204)
	at org.hibernate.tool.schema.internal.SchemaDropperImpl.dropTables(SchemaDropperImpl.java:376)
	at org.hibernate.tool.schema.internal.SchemaDropperImpl.dropConstraintsTablesSequences(SchemaDropperImpl.java:248)
	at org.hibernate.tool.schema.internal.SchemaDropperImpl.dropFromMetadata(SchemaDropperImpl.java:210)
	at org.hibernate.tool.schema.internal.SchemaDropperImpl.performDrop(SchemaDropperImpl.java:182)
	at org.hibernate.tool.schema.internal.SchemaDropperImpl.doDrop(SchemaDropperImpl.java:152)
	at org.hibernate.tool.schema.internal.SchemaDropperImpl.doDrop(SchemaDropperImpl.java:112)
	at org.hibernate.tool.schema.spi.SchemaManagementToolCoordinator.performDatabaseAction(SchemaManagementToolCoordinator.java:227)
	at org.hibernate.tool.schema.spi.SchemaManagementToolCoordinator.lambda$process$1(SchemaManagementToolCoordinator.java:101)
	at java.base/java.util.HashMap.forEach(HashMap.java:1429)
	at org.hibernate.tool.schema.spi.SchemaManagementToolCoordinator.process(SchemaManagementToolCoordinator.java:100)
	at org.hibernate.boot.internal.SessionFactoryObserverForSchemaExport.sessionFactoryCreated(SessionFactoryObserverForSchemaExport.java:35)
	at org.hibernate.internal.SessionFactoryObserverChain.sessionFactoryCreated(SessionFactoryObserverChain.java:33)
	at org.hibernate.internal.SessionFactoryImpl.<init>(SessionFactoryImpl.java:323)
	at org.hibernate.internal.SessionFactoryRegistry.instantiateSessionFactory(SessionFactoryRegistry.java:64)
	at org.hibernate.boot.internal.SessionFactoryBuilderImpl.build(SessionFactoryBuilderImpl.java:437)
	at org.hibernate.jpa.boot.internal.EntityManagerFactoryBuilderImpl.build(EntityManagerFactoryBuilderImpl.java:1456)
	at org.springframework.orm.jpa.vendor.SpringHibernateJpaPersistenceProvider.createContainerEntityManagerFactory(SpringHibernateJpaPersistenceProvider.java:93)
	at org.springframework.orm.jpa.LocalContainerEntityManagerFactoryBean.createNativeEntityManagerFactory(LocalContainerEntityManagerFactoryBean.java:443)
	at org.springframework.orm.jpa.AbstractEntityManagerFactoryBean.buildNativeEntityManagerFactory(AbstractEntityManagerFactoryBean.java:436)
	at org.springframework.orm.jpa.AbstractEntityManagerFactoryBean.afterPropertiesSet(AbstractEntityManagerFactoryBean.java:411)
	at org.springframework.orm.jpa.LocalContainerEntityManagerFactoryBean.afterPropertiesSet(LocalContainerEntityManagerFactoryBean.java:419)
	at org.springframework.beans.factory.support.AbstractAutowireCapableBeanFactory.invokeInitMethods(AbstractAutowireCapableBeanFactory.java:1864)
	at org.springframework.beans.factory.support.AbstractAutowireCapableBeanFactory.initializeBean(AbstractAutowireCapableBeanFactory.java:1813)
	at org.springframework.beans.factory.support.AbstractAutowireCapableBeanFactory.doCreateBean(AbstractAutowireCapableBeanFactory.java:603)
	at org.springframework.beans.factory.support.AbstractAutowireCapableBeanFactory.createBean(AbstractAutowireCapableBeanFactory.java:525)
	at org.springframework.beans.factory.support.AbstractBeanFactory.lambda$doGetBean$0(AbstractBeanFactory.java:333)
	at org.springframework.beans.factory.support.DefaultSingletonBeanRegistry.getSingleton(DefaultSingletonBeanRegistry.java:371)
	at org.springframework.beans.factory.support.AbstractBeanFactory.doGetBean(AbstractBeanFactory.java:331)
	at org.springframework.beans.factory.support.AbstractBeanFactory.getBean(AbstractBeanFactory.java:201)
	at org.springframework.context.support.AbstractApplicationContext.finishBeanFactoryInitialization(AbstractApplicationContext.java:977)
	at org.springframework.context.support.AbstractApplicationContext.refresh(AbstractApplicationContext.java:621)
	at org.springframework.boot.web.server.servlet.context.ServletWebServerApplicationContext.refresh(ServletWebServerApplicationContext.java:143)
	at org.springframework.boot.SpringApplication.refresh(SpringApplication.java:756)
	at org.springframework.boot.SpringApplication.refreshContext(SpringApplication.java:445)
	at org.springframework.boot.SpringApplication.run(SpringApplication.java:321)
	at org.springframework.boot.SpringApplication.run(SpringApplication.java:1365)
	at org.springframework.boot.SpringApplication.run(SpringApplication.java:1354)
	at com.example.CineLogApplication.main(CineLogApplication.java:14)
	at java.base/jdk.internal.reflect.DirectMethodHandleAccessor.invoke(DirectMethodHandleAccessor.java:103)
	at java.base/java.lang.reflect.Method.invoke(Method.java:580)
	at org.springframework.boot.devtools.restart.RestartLauncher.run(RestartLauncher.java:52)
Caused by: java.sql.SQLSyntaxErrorException: ORA-00942: 테이블 또는 뷰가 존재하지 않습니다

https://docs.oracle.com/error-help/db/ora-00942/
	at oracle.jdbc.driver.T4CTTIoer11.processError(T4CTTIoer11.java:715)
	at oracle.jdbc.driver.T4CTTIoer11.processError(T4CTTIoer11.java:615)
	at oracle.jdbc.driver.T4C8Oall.processError(T4C8Oall.java:1372)
	at oracle.jdbc.driver.T4CTTIfun.receive(T4CTTIfun.java:972)
	at oracle.jdbc.driver.T4CTTIfun.doRPC(T4CTTIfun.java:237)
	at oracle.jdbc.driver.T4C8Oall.doOALL(T4C8Oall.java:524)
	at oracle.jdbc.driver.T4CStatement.doOall8(T4CStatement.java:197)
	at oracle.jdbc.driver.T4CStatement.executeForRows(T4CStatement.java:1408)
	at oracle.jdbc.driver.OracleStatement.executeSQLStatement(OracleStatement.java:2020)
	at oracle.jdbc.driver.OracleStatement.doExecuteWithTimeout(OracleStatement.java:1633)
	at oracle.jdbc.driver.OracleStatement.executeInternal(OracleStatement.java:2698)
	at oracle.jdbc.driver.OracleStatement.execute(OracleStatement.java:2647)
	at oracle.jdbc.driver.OracleStatementWrapper.execute(OracleStatementWrapper.java:349)
	at com.zaxxer.hikari.pool.ProxyStatement.execute(ProxyStatement.java:95)
	at com.zaxxer.hikari.pool.HikariProxyStatement.execute(HikariProxyStatement.java)
	at org.hibernate.tool.schema.internal.exec.GenerationTargetToDatabase.accept(GenerationTargetToDatabase.java:76)
	... 43 common frames omitted
Caused by: Error : 942, Position : 11, SQL = drop table tbl_movies cascade constraints, Original SQL = drop table tbl_movies cascade constraints, Error Message = ORA-00942: 테이블 또는 뷰가 존재하지 않습니다

	at oracle.jdbc.driver.T4CTTIoer11.processError(T4CTTIoer11.java:723)
	... 58 common frames omitted
2026-04-01 15:28:42 [restartedMain] WARN  o.h.t.s.i.ExceptionHandlerLoggedImpl - GenerationTarget encountered exception accepting command : Error executing DDL "drop table tbl_reviews cascade constraints" via JDBC [ORA-00942: 테이블 또는 뷰가 존재하지 않습니다

https://docs.oracle.com/error-help/db/ora-00942/]
org.hibernate.tool.schema.spi.CommandAcceptanceException: Error executing DDL "drop table tbl_reviews cascade constraints" via JDBC [ORA-00942: 테이블 또는 뷰가 존재하지 않습니다

https://docs.oracle.com/error-help/db/ora-00942/]
	at org.hibernate.tool.schema.internal.exec.GenerationTargetToDatabase.accept(GenerationTargetToDatabase.java:81)
	at org.hibernate.tool.schema.internal.Helper.applySqlString(Helper.java:218)
	at org.hibernate.tool.schema.internal.Helper.applySqlStrings(Helper.java:204)
	at org.hibernate.tool.schema.internal.SchemaDropperImpl.dropTables(SchemaDropperImpl.java:376)
	at org.hibernate.tool.schema.internal.SchemaDropperImpl.dropConstraintsTablesSequences(SchemaDropperImpl.java:248)
	at org.hibernate.tool.schema.internal.SchemaDropperImpl.dropFromMetadata(SchemaDropperImpl.java:210)
	at org.hibernate.tool.schema.internal.SchemaDropperImpl.performDrop(SchemaDropperImpl.java:182)
	at org.hibernate.tool.schema.internal.SchemaDropperImpl.doDrop(SchemaDropperImpl.java:152)
	at org.hibernate.tool.schema.internal.SchemaDropperImpl.doDrop(SchemaDropperImpl.java:112)
	at org.hibernate.tool.schema.spi.SchemaManagementToolCoordinator.performDatabaseAction(SchemaManagementToolCoordinator.java:227)
	at org.hibernate.tool.schema.spi.SchemaManagementToolCoordinator.lambda$process$1(SchemaManagementToolCoordinator.java:101)
	at java.base/java.util.HashMap.forEach(HashMap.java:1429)
	at org.hibernate.tool.schema.spi.SchemaManagementToolCoordinator.process(SchemaManagementToolCoordinator.java:100)
	at org.hibernate.boot.internal.SessionFactoryObserverForSchemaExport.sessionFactoryCreated(SessionFactoryObserverForSchemaExport.java:35)
	at org.hibernate.internal.SessionFactoryObserverChain.sessionFactoryCreated(SessionFactoryObserverChain.java:33)
	at org.hibernate.internal.SessionFactoryImpl.<init>(SessionFactoryImpl.java:323)
	at org.hibernate.internal.SessionFactoryRegistry.instantiateSessionFactory(SessionFactoryRegistry.java:64)
	at org.hibernate.boot.internal.SessionFactoryBuilderImpl.build(SessionFactoryBuilderImpl.java:437)
	at org.hibernate.jpa.boot.internal.EntityManagerFactoryBuilderImpl.build(EntityManagerFactoryBuilderImpl.java:1456)
	at org.springframework.orm.jpa.vendor.SpringHibernateJpaPersistenceProvider.createContainerEntityManagerFactory(SpringHibernateJpaPersistenceProvider.java:93)
	at org.springframework.orm.jpa.LocalContainerEntityManagerFactoryBean.createNativeEntityManagerFactory(LocalContainerEntityManagerFactoryBean.java:443)
	at org.springframework.orm.jpa.AbstractEntityManagerFactoryBean.buildNativeEntityManagerFactory(AbstractEntityManagerFactoryBean.java:436)
	at org.springframework.orm.jpa.AbstractEntityManagerFactoryBean.afterPropertiesSet(AbstractEntityManagerFactoryBean.java:411)
	at org.springframework.orm.jpa.LocalContainerEntityManagerFactoryBean.afterPropertiesSet(LocalContainerEntityManagerFactoryBean.java:419)
	at org.springframework.beans.factory.support.AbstractAutowireCapableBeanFactory.invokeInitMethods(AbstractAutowireCapableBeanFactory.java:1864)
	at org.springframework.beans.factory.support.AbstractAutowireCapableBeanFactory.initializeBean(AbstractAutowireCapableBeanFactory.java:1813)
	at org.springframework.beans.factory.support.AbstractAutowireCapableBeanFactory.doCreateBean(AbstractAutowireCapableBeanFactory.java:603)
	at org.springframework.beans.factory.support.AbstractAutowireCapableBeanFactory.createBean(AbstractAutowireCapableBeanFactory.java:525)
	at org.springframework.beans.factory.support.AbstractBeanFactory.lambda$doGetBean$0(AbstractBeanFactory.java:333)
	at org.springframework.beans.factory.support.DefaultSingletonBeanRegistry.getSingleton(DefaultSingletonBeanRegistry.java:371)
	at org.springframework.beans.factory.support.AbstractBeanFactory.doGetBean(AbstractBeanFactory.java:331)
	at org.springframework.beans.factory.support.AbstractBeanFactory.getBean(AbstractBeanFactory.java:201)
	at org.springframework.context.support.AbstractApplicationContext.finishBeanFactoryInitialization(AbstractApplicationContext.java:977)
	at org.springframework.context.support.AbstractApplicationContext.refresh(AbstractApplicationContext.java:621)
	at org.springframework.boot.web.server.servlet.context.ServletWebServerApplicationContext.refresh(ServletWebServerApplicationContext.java:143)
	at org.springframework.boot.SpringApplication.refresh(SpringApplication.java:756)
	at org.springframework.boot.SpringApplication.refreshContext(SpringApplication.java:445)
	at org.springframework.boot.SpringApplication.run(SpringApplication.java:321)
	at org.springframework.boot.SpringApplication.run(SpringApplication.java:1365)
	at org.springframework.boot.SpringApplication.run(SpringApplication.java:1354)
	at com.example.CineLogApplication.main(CineLogApplication.java:14)
	at java.base/jdk.internal.reflect.DirectMethodHandleAccessor.invoke(DirectMethodHandleAccessor.java:103)
	at java.base/java.lang.reflect.Method.invoke(Method.java:580)
	at org.springframework.boot.devtools.restart.RestartLauncher.run(RestartLauncher.java:52)
Caused by: java.sql.SQLSyntaxErrorException: ORA-00942: 테이블 또는 뷰가 존재하지 않습니다

https://docs.oracle.com/error-help/db/ora-00942/
	at oracle.jdbc.driver.T4CTTIoer11.processError(T4CTTIoer11.java:715)
	at oracle.jdbc.driver.T4CTTIoer11.processError(T4CTTIoer11.java:615)
	at oracle.jdbc.driver.T4C8Oall.processError(T4C8Oall.java:1372)
	at oracle.jdbc.driver.T4CTTIfun.receive(T4CTTIfun.java:972)
	at oracle.jdbc.driver.T4CTTIfun.doRPC(T4CTTIfun.java:237)
	at oracle.jdbc.driver.T4C8Oall.doOALL(T4C8Oall.java:524)
	at oracle.jdbc.driver.T4CStatement.doOall8(T4CStatement.java:197)
	at oracle.jdbc.driver.T4CStatement.executeForRows(T4CStatement.java:1408)
	at oracle.jdbc.driver.OracleStatement.executeSQLStatement(OracleStatement.java:2020)
	at oracle.jdbc.driver.OracleStatement.doExecuteWithTimeout(OracleStatement.java:1633)
	at oracle.jdbc.driver.OracleStatement.executeInternal(OracleStatement.java:2698)
	at oracle.jdbc.driver.OracleStatement.execute(OracleStatement.java:2647)
	at oracle.jdbc.driver.OracleStatementWrapper.execute(OracleStatementWrapper.java:349)
	at com.zaxxer.hikari.pool.ProxyStatement.execute(ProxyStatement.java:95)
	at com.zaxxer.hikari.pool.HikariProxyStatement.execute(HikariProxyStatement.java)
	at org.hibernate.tool.schema.internal.exec.GenerationTargetToDatabase.accept(GenerationTargetToDatabase.java:76)
	... 43 common frames omitted
Caused by: Error : 942, Position : 11, SQL = drop table tbl_reviews cascade constraints, Original SQL = drop table tbl_reviews cascade constraints, Error Message = ORA-00942: 테이블 또는 뷰가 존재하지 않습니다

	at oracle.jdbc.driver.T4CTTIoer11.processError(T4CTTIoer11.java:723)
	... 58 common frames omitted
2026-04-01 15:28:42 [restartedMain] WARN  o.h.t.s.i.ExceptionHandlerLoggedImpl - GenerationTarget encountered exception accepting command : Error executing DDL "drop sequence movie_seq" via JDBC [ORA-02289: 시퀀스가 존재하지 않습니다.

https://docs.oracle.com/error-help/db/ora-02289/]
org.hibernate.tool.schema.spi.CommandAcceptanceException: Error executing DDL "drop sequence movie_seq" via JDBC [ORA-02289: 시퀀스가 존재하지 않습니다.

https://docs.oracle.com/error-help/db/ora-02289/]
	at org.hibernate.tool.schema.internal.exec.GenerationTargetToDatabase.accept(GenerationTargetToDatabase.java:81)
	at org.hibernate.tool.schema.internal.Helper.applySqlString(Helper.java:218)
	at org.hibernate.tool.schema.internal.Helper.applySqlStrings(Helper.java:204)
	at org.hibernate.tool.schema.internal.SchemaDropperImpl.dropSequences(SchemaDropperImpl.java:335)
	at org.hibernate.tool.schema.internal.SchemaDropperImpl.dropConstraintsTablesSequences(SchemaDropperImpl.java:261)
	at org.hibernate.tool.schema.internal.SchemaDropperImpl.dropFromMetadata(SchemaDropperImpl.java:210)
	at org.hibernate.tool.schema.internal.SchemaDropperImpl.performDrop(SchemaDropperImpl.java:182)
	at org.hibernate.tool.schema.internal.SchemaDropperImpl.doDrop(SchemaDropperImpl.java:152)
	at org.hibernate.tool.schema.internal.SchemaDropperImpl.doDrop(SchemaDropperImpl.java:112)
	at org.hibernate.tool.schema.spi.SchemaManagementToolCoordinator.performDatabaseAction(SchemaManagementToolCoordinator.java:227)
	at org.hibernate.tool.schema.spi.SchemaManagementToolCoordinator.lambda$process$1(SchemaManagementToolCoordinator.java:101)
	at java.base/java.util.HashMap.forEach(HashMap.java:1429)
	at org.hibernate.tool.schema.spi.SchemaManagementToolCoordinator.process(SchemaManagementToolCoordinator.java:100)
	at org.hibernate.boot.internal.SessionFactoryObserverForSchemaExport.sessionFactoryCreated(SessionFactoryObserverForSchemaExport.java:35)
	at org.hibernate.internal.SessionFactoryObserverChain.sessionFactoryCreated(SessionFactoryObserverChain.java:33)
	at org.hibernate.internal.SessionFactoryImpl.<init>(SessionFactoryImpl.java:323)
	at org.hibernate.internal.SessionFactoryRegistry.instantiateSessionFactory(SessionFactoryRegistry.java:64)
	at org.hibernate.boot.internal.SessionFactoryBuilderImpl.build(SessionFactoryBuilderImpl.java:437)
	at org.hibernate.jpa.boot.internal.EntityManagerFactoryBuilderImpl.build(EntityManagerFactoryBuilderImpl.java:1456)
	at org.springframework.orm.jpa.vendor.SpringHibernateJpaPersistenceProvider.createContainerEntityManagerFactory(SpringHibernateJpaPersistenceProvider.java:93)
	at org.springframework.orm.jpa.LocalContainerEntityManagerFactoryBean.createNativeEntityManagerFactory(LocalContainerEntityManagerFactoryBean.java:443)
	at org.springframework.orm.jpa.AbstractEntityManagerFactoryBean.buildNativeEntityManagerFactory(AbstractEntityManagerFactoryBean.java:436)
	at org.springframework.orm.jpa.AbstractEntityManagerFactoryBean.afterPropertiesSet(AbstractEntityManagerFactoryBean.java:411)
	at org.springframework.orm.jpa.LocalContainerEntityManagerFactoryBean.afterPropertiesSet(LocalContainerEntityManagerFactoryBean.java:419)
	at org.springframework.beans.factory.support.AbstractAutowireCapableBeanFactory.invokeInitMethods(AbstractAutowireCapableBeanFactory.java:1864)
	at org.springframework.beans.factory.support.AbstractAutowireCapableBeanFactory.initializeBean(AbstractAutowireCapableBeanFactory.java:1813)
	at org.springframework.beans.factory.support.AbstractAutowireCapableBeanFactory.doCreateBean(AbstractAutowireCapableBeanFactory.java:603)
	at org.springframework.beans.factory.support.AbstractAutowireCapableBeanFactory.createBean(AbstractAutowireCapableBeanFactory.java:525)
	at org.springframework.beans.factory.support.AbstractBeanFactory.lambda$doGetBean$0(AbstractBeanFactory.java:333)
	at org.springframework.beans.factory.support.DefaultSingletonBeanRegistry.getSingleton(DefaultSingletonBeanRegistry.java:371)
	at org.springframework.beans.factory.support.AbstractBeanFactory.doGetBean(AbstractBeanFactory.java:331)
	at org.springframework.beans.factory.support.AbstractBeanFactory.getBean(AbstractBeanFactory.java:201)
	at org.springframework.context.support.AbstractApplicationContext.finishBeanFactoryInitialization(AbstractApplicationContext.java:977)
	at org.springframework.context.support.AbstractApplicationContext.refresh(AbstractApplicationContext.java:621)
	at org.springframework.boot.web.server.servlet.context.ServletWebServerApplicationContext.refresh(ServletWebServerApplicationContext.java:143)
	at org.springframework.boot.SpringApplication.refresh(SpringApplication.java:756)
	at org.springframework.boot.SpringApplication.refreshContext(SpringApplication.java:445)
	at org.springframework.boot.SpringApplication.run(SpringApplication.java:321)
	at org.springframework.boot.SpringApplication.run(SpringApplication.java:1365)
	at org.springframework.boot.SpringApplication.run(SpringApplication.java:1354)
	at com.example.CineLogApplication.main(CineLogApplication.java:14)
	at java.base/jdk.internal.reflect.DirectMethodHandleAccessor.invoke(DirectMethodHandleAccessor.java:103)
	at java.base/java.lang.reflect.Method.invoke(Method.java:580)
	at org.springframework.boot.devtools.restart.RestartLauncher.run(RestartLauncher.java:52)
Caused by: java.sql.SQLSyntaxErrorException: ORA-02289: 시퀀스가 존재하지 않습니다.

https://docs.oracle.com/error-help/db/ora-02289/
	at oracle.jdbc.driver.T4CTTIoer11.processError(T4CTTIoer11.java:715)
	at oracle.jdbc.driver.T4CTTIoer11.processError(T4CTTIoer11.java:615)
	at oracle.jdbc.driver.T4C8Oall.processError(T4C8Oall.java:1372)
	at oracle.jdbc.driver.T4CTTIfun.receive(T4CTTIfun.java:972)
	at oracle.jdbc.driver.T4CTTIfun.doRPC(T4CTTIfun.java:237)
	at oracle.jdbc.driver.T4C8Oall.doOALL(T4C8Oall.java:524)
	at oracle.jdbc.driver.T4CStatement.doOall8(T4CStatement.java:197)
	at oracle.jdbc.driver.T4CStatement.executeForRows(T4CStatement.java:1408)
	at oracle.jdbc.driver.OracleStatement.executeSQLStatement(OracleStatement.java:2020)
	at oracle.jdbc.driver.OracleStatement.doExecuteWithTimeout(OracleStatement.java:1633)
	at oracle.jdbc.driver.OracleStatement.executeInternal(OracleStatement.java:2698)
	at oracle.jdbc.driver.OracleStatement.execute(OracleStatement.java:2647)
	at oracle.jdbc.driver.OracleStatementWrapper.execute(OracleStatementWrapper.java:349)
	at com.zaxxer.hikari.pool.ProxyStatement.execute(ProxyStatement.java:95)
	at com.zaxxer.hikari.pool.HikariProxyStatement.execute(HikariProxyStatement.java)
	at org.hibernate.tool.schema.internal.exec.GenerationTargetToDatabase.accept(GenerationTargetToDatabase.java:76)
	... 43 common frames omitted
Caused by: Error : 2289, Position : 14, SQL = drop sequence movie_seq, Original SQL = drop sequence movie_seq, Error Message = ORA-02289: 시퀀스가 존재하지 않습니다.

	at oracle.jdbc.driver.T4CTTIoer11.processError(T4CTTIoer11.java:723)
	... 58 common frames omitted
2026-04-01 15:28:42 [restartedMain] WARN  o.h.t.s.i.ExceptionHandlerLoggedImpl - GenerationTarget encountered exception accepting command : Error executing DDL "drop sequence review_seq" via JDBC [ORA-02289: 시퀀스가 존재하지 않습니다.

https://docs.oracle.com/error-help/db/ora-02289/]
org.hibernate.tool.schema.spi.CommandAcceptanceException: Error executing DDL "drop sequence review_seq" via JDBC [ORA-02289: 시퀀스가 존재하지 않습니다.

https://docs.oracle.com/error-help/db/ora-02289/]
	at org.hibernate.tool.schema.internal.exec.GenerationTargetToDatabase.accept(GenerationTargetToDatabase.java:81)
	at org.hibernate.tool.schema.internal.Helper.applySqlString(Helper.java:218)
	at org.hibernate.tool.schema.internal.Helper.applySqlStrings(Helper.java:204)
	at org.hibernate.tool.schema.internal.SchemaDropperImpl.dropSequences(SchemaDropperImpl.java:335)
	at org.hibernate.tool.schema.internal.SchemaDropperImpl.dropConstraintsTablesSequences(SchemaDropperImpl.java:261)
	at org.hibernate.tool.schema.internal.SchemaDropperImpl.dropFromMetadata(SchemaDropperImpl.java:210)
	at org.hibernate.tool.schema.internal.SchemaDropperImpl.performDrop(SchemaDropperImpl.java:182)
	at org.hibernate.tool.schema.internal.SchemaDropperImpl.doDrop(SchemaDropperImpl.java:152)
	at org.hibernate.tool.schema.internal.SchemaDropperImpl.doDrop(SchemaDropperImpl.java:112)
	at org.hibernate.tool.schema.spi.SchemaManagementToolCoordinator.performDatabaseAction(SchemaManagementToolCoordinator.java:227)
	at org.hibernate.tool.schema.spi.SchemaManagementToolCoordinator.lambda$process$1(SchemaManagementToolCoordinator.java:101)
	at java.base/java.util.HashMap.forEach(HashMap.java:1429)
	at org.hibernate.tool.schema.spi.SchemaManagementToolCoordinator.process(SchemaManagementToolCoordinator.java:100)
	at org.hibernate.boot.internal.SessionFactoryObserverForSchemaExport.sessionFactoryCreated(SessionFactoryObserverForSchemaExport.java:35)
	at org.hibernate.internal.SessionFactoryObserverChain.sessionFactoryCreated(SessionFactoryObserverChain.java:33)
	at org.hibernate.internal.SessionFactoryImpl.<init>(SessionFactoryImpl.java:323)
	at org.hibernate.internal.SessionFactoryRegistry.instantiateSessionFactory(SessionFactoryRegistry.java:64)
	at org.hibernate.boot.internal.SessionFactoryBuilderImpl.build(SessionFactoryBuilderImpl.java:437)
	at org.hibernate.jpa.boot.internal.EntityManagerFactoryBuilderImpl.build(EntityManagerFactoryBuilderImpl.java:1456)
	at org.springframework.orm.jpa.vendor.SpringHibernateJpaPersistenceProvider.createContainerEntityManagerFactory(SpringHibernateJpaPersistenceProvider.java:93)
	at org.springframework.orm.jpa.LocalContainerEntityManagerFactoryBean.createNativeEntityManagerFactory(LocalContainerEntityManagerFactoryBean.java:443)
	at org.springframework.orm.jpa.AbstractEntityManagerFactoryBean.buildNativeEntityManagerFactory(AbstractEntityManagerFactoryBean.java:436)
	at org.springframework.orm.jpa.AbstractEntityManagerFactoryBean.afterPropertiesSet(AbstractEntityManagerFactoryBean.java:411)
	at org.springframework.orm.jpa.LocalContainerEntityManagerFactoryBean.afterPropertiesSet(LocalContainerEntityManagerFactoryBean.java:419)
	at org.springframework.beans.factory.support.AbstractAutowireCapableBeanFactory.invokeInitMethods(AbstractAutowireCapableBeanFactory.java:1864)
	at org.springframework.beans.factory.support.AbstractAutowireCapableBeanFactory.initializeBean(AbstractAutowireCapableBeanFactory.java:1813)
	at org.springframework.beans.factory.support.AbstractAutowireCapableBeanFactory.doCreateBean(AbstractAutowireCapableBeanFactory.java:603)
	at org.springframework.beans.factory.support.AbstractAutowireCapableBeanFactory.createBean(AbstractAutowireCapableBeanFactory.java:525)
	at org.springframework.beans.factory.support.AbstractBeanFactory.lambda$doGetBean$0(AbstractBeanFactory.java:333)
	at org.springframework.beans.factory.support.DefaultSingletonBeanRegistry.getSingleton(DefaultSingletonBeanRegistry.java:371)
	at org.springframework.beans.factory.support.AbstractBeanFactory.doGetBean(AbstractBeanFactory.java:331)
	at org.springframework.beans.factory.support.AbstractBeanFactory.getBean(AbstractBeanFactory.java:201)
	at org.springframework.context.support.AbstractApplicationContext.finishBeanFactoryInitialization(AbstractApplicationContext.java:977)
	at org.springframework.context.support.AbstractApplicationContext.refresh(AbstractApplicationContext.java:621)
	at org.springframework.boot.web.server.servlet.context.ServletWebServerApplicationContext.refresh(ServletWebServerApplicationContext.java:143)
	at org.springframework.boot.SpringApplication.refresh(SpringApplication.java:756)
	at org.springframework.boot.SpringApplication.refreshContext(SpringApplication.java:445)
	at org.springframework.boot.SpringApplication.run(SpringApplication.java:321)
	at org.springframework.boot.SpringApplication.run(SpringApplication.java:1365)
	at org.springframework.boot.SpringApplication.run(SpringApplication.java:1354)
	at com.example.CineLogApplication.main(CineLogApplication.java:14)
	at java.base/jdk.internal.reflect.DirectMethodHandleAccessor.invoke(DirectMethodHandleAccessor.java:103)
	at java.base/java.lang.reflect.Method.invoke(Method.java:580)
	at org.springframework.boot.devtools.restart.RestartLauncher.run(RestartLauncher.java:52)
Caused by: java.sql.SQLSyntaxErrorException: ORA-02289: 시퀀스가 존재하지 않습니다.

https://docs.oracle.com/error-help/db/ora-02289/
	at oracle.jdbc.driver.T4CTTIoer11.processError(T4CTTIoer11.java:715)
	at oracle.jdbc.driver.T4CTTIoer11.processError(T4CTTIoer11.java:615)
	at oracle.jdbc.driver.T4C8Oall.processError(T4C8Oall.java:1372)
	at oracle.jdbc.driver.T4CTTIfun.receive(T4CTTIfun.java:972)
	at oracle.jdbc.driver.T4CTTIfun.doRPC(T4CTTIfun.java:237)
	at oracle.jdbc.driver.T4C8Oall.doOALL(T4C8Oall.java:524)
	at oracle.jdbc.driver.T4CStatement.doOall8(T4CStatement.java:197)
	at oracle.jdbc.driver.T4CStatement.executeForRows(T4CStatement.java:1408)
	at oracle.jdbc.driver.OracleStatement.executeSQLStatement(OracleStatement.java:2020)
	at oracle.jdbc.driver.OracleStatement.doExecuteWithTimeout(OracleStatement.java:1633)
	at oracle.jdbc.driver.OracleStatement.executeInternal(OracleStatement.java:2698)
	at oracle.jdbc.driver.OracleStatement.execute(OracleStatement.java:2647)
	at oracle.jdbc.driver.OracleStatementWrapper.execute(OracleStatementWrapper.java:349)
	at com.zaxxer.hikari.pool.ProxyStatement.execute(ProxyStatement.java:95)
	at com.zaxxer.hikari.pool.HikariProxyStatement.execute(HikariProxyStatement.java)
	at org.hibernate.tool.schema.internal.exec.GenerationTargetToDatabase.accept(GenerationTargetToDatabase.java:76)
	... 43 common frames omitted
Caused by: Error : 2289, Position : 14, SQL = drop sequence review_seq, Original SQL = drop sequence review_seq, Error Message = ORA-02289: 시퀀스가 존재하지 않습니다.

	at oracle.jdbc.driver.T4CTTIoer11.processError(T4CTTIoer11.java:723)
	... 58 common frames omitted
2026-04-01 15:28:43 [restartedMain] INFO  o.s.o.j.LocalContainerEntityManagerFactoryBean - Initialized JPA EntityManagerFactory for persistence unit 'default'
2026-04-01 15:28:43 [restartedMain] INFO  o.s.d.j.r.q.QueryEnhancerFactories - Hibernate is in classpath; If applicable, HQL parser will be used.
2026-04-01 15:28:43 [restartedMain] WARN  o.s.b.w.s.s.c.AnnotationConfigServletWebServerApplicationContext - Exception encountered during context initialization - cancelling refresh attempt: org.springframework.beans.factory.UnsatisfiedDependencyException: Error creating bean with name 'tokenCleanupScheduler' defined in file [C:\Dev\WS_sts\cinelog\bin\main\com\example\util\TokenCleanupScheduler.class]: Unsatisfied dependency expressed through constructor parameter 0: Error creating bean with name 'jdbcTemplate' defined in class path resource [org/springframework/boot/jdbc/autoconfigure/JdbcTemplateConfiguration.class]: Failed to initialize dependency 'dataSourceScriptDatabaseInitializer' of JdbcTemplate bean 'jdbcTemplate': Error creating bean with name 'dataSourceScriptDatabaseInitializer' defined in class path resource [org/springframework/boot/jdbc/autoconfigure/DataSourceInitializationAutoConfiguration.class]: Failed to execute SQL script statement #1 of file [C:\Dev\WS_sts\cinelog\bin\main\data.sql]: INSERT INTO tbl_movie_members (username, password, nickname, user_role) VALUES ('admin', '$2b$10$b3PFSiCNEel4g6iSfsxBS.Z/KL3f.Li9jnl5.6cjbc5WkVoykBfNy', '관리자', 'ADMIN')
2026-04-01 15:28:43 [restartedMain] INFO  o.s.o.j.LocalContainerEntityManagerFactoryBean - Closing JPA EntityManagerFactory for persistence unit 'default'
2026-04-01 15:28:43 [restartedMain] INFO  com.zaxxer.hikari.HikariDataSource - HikariPool-1 - Shutdown initiated...
2026-04-01 15:28:43 [restartedMain] INFO  com.zaxxer.hikari.HikariDataSource - HikariPool-1 - Shutdown completed.
2026-04-01 15:28:43 [restartedMain] INFO  o.a.catalina.core.StandardService - Stopping service [Tomcat]
2026-04-01 15:28:43 [restartedMain] INFO  o.s.b.a.l.ConditionEvaluationReportLogger - 

Error starting ApplicationContext. To display the condition evaluation report re-run your application with 'debug' enabled.
2026-04-01 15:28:43 [restartedMain] ERROR o.s.boot.SpringApplication - Application run failed
org.springframework.beans.factory.UnsatisfiedDependencyException: Error creating bean with name 'tokenCleanupScheduler' defined in file [C:\Dev\WS_sts\cinelog\bin\main\com\example\util\TokenCleanupScheduler.class]: Unsatisfied dependency expressed through constructor parameter 0: Error creating bean with name 'jdbcTemplate' defined in class path resource [org/springframework/boot/jdbc/autoconfigure/JdbcTemplateConfiguration.class]: Failed to initialize dependency 'dataSourceScriptDatabaseInitializer' of JdbcTemplate bean 'jdbcTemplate': Error creating bean with name 'dataSourceScriptDatabaseInitializer' defined in class path resource [org/springframework/boot/jdbc/autoconfigure/DataSourceInitializationAutoConfiguration.class]: Failed to execute SQL script statement #1 of file [C:\Dev\WS_sts\cinelog\bin\main\data.sql]: INSERT INTO tbl_movie_members (username, password, nickname, user_role) VALUES ('admin', '$2b$10$b3PFSiCNEel4g6iSfsxBS.Z/KL3f.Li9jnl5.6cjbc5WkVoykBfNy', '관리자', 'ADMIN')
	at org.springframework.beans.factory.support.ConstructorResolver.createArgumentArray(ConstructorResolver.java:804)
	at org.springframework.beans.factory.support.ConstructorResolver.autowireConstructor(ConstructorResolver.java:240)
	at org.springframework.beans.factory.support.AbstractAutowireCapableBeanFactory.autowireConstructor(AbstractAutowireCapableBeanFactory.java:1382)
	at org.springframework.beans.factory.support.AbstractAutowireCapableBeanFactory.createBeanInstance(AbstractAutowireCapableBeanFactory.java:1221)
	at org.springframework.beans.factory.support.AbstractAutowireCapableBeanFactory.doCreateBean(AbstractAutowireCapableBeanFactory.java:565)
	at org.springframework.beans.factory.support.AbstractAutowireCapableBeanFactory.createBean(AbstractAutowireCapableBeanFactory.java:525)
	at org.springframework.beans.factory.support.AbstractBeanFactory.lambda$doGetBean$0(AbstractBeanFactory.java:333)
	at org.springframework.beans.factory.support.DefaultSingletonBeanRegistry.getSingleton(DefaultSingletonBeanRegistry.java:371)
	at org.springframework.beans.factory.support.AbstractBeanFactory.doGetBean(AbstractBeanFactory.java:331)
	at org.springframework.beans.factory.support.AbstractBeanFactory.getBean(AbstractBeanFactory.java:196)
	at org.springframework.beans.factory.support.DefaultListableBeanFactory.instantiateSingleton(DefaultListableBeanFactory.java:1218)
	at org.springframework.beans.factory.support.DefaultListableBeanFactory.preInstantiateSingleton(DefaultListableBeanFactory.java:1184)
	at org.springframework.beans.factory.support.DefaultListableBeanFactory.preInstantiateSingletons(DefaultListableBeanFactory.java:1121)
	at org.springframework.context.support.AbstractApplicationContext.finishBeanFactoryInitialization(AbstractApplicationContext.java:994)
	at org.springframework.context.support.AbstractApplicationContext.refresh(AbstractApplicationContext.java:621)
	at org.springframework.boot.web.server.servlet.context.ServletWebServerApplicationContext.refresh(ServletWebServerApplicationContext.java:143)
	at org.springframework.boot.SpringApplication.refresh(SpringApplication.java:756)
	at org.springframework.boot.SpringApplication.refreshContext(SpringApplication.java:445)
	at org.springframework.boot.SpringApplication.run(SpringApplication.java:321)
	at org.springframework.boot.SpringApplication.run(SpringApplication.java:1365)
	at org.springframework.boot.SpringApplication.run(SpringApplication.java:1354)
	at com.example.CineLogApplication.main(CineLogApplication.java:14)
	at java.base/jdk.internal.reflect.DirectMethodHandleAccessor.invoke(DirectMethodHandleAccessor.java:103)
	at java.base/java.lang.reflect.Method.invoke(Method.java:580)
	at org.springframework.boot.devtools.restart.RestartLauncher.run(RestartLauncher.java:52)
Caused by: org.springframework.beans.factory.BeanCreationException: Error creating bean with name 'jdbcTemplate' defined in class path resource [org/springframework/boot/jdbc/autoconfigure/JdbcTemplateConfiguration.class]: Failed to initialize dependency 'dataSourceScriptDatabaseInitializer' of JdbcTemplate bean 'jdbcTemplate': Error creating bean with name 'dataSourceScriptDatabaseInitializer' defined in class path resource [org/springframework/boot/jdbc/autoconfigure/DataSourceInitializationAutoConfiguration.class]: Failed to execute SQL script statement #1 of file [C:\Dev\WS_sts\cinelog\bin\main\data.sql]: INSERT INTO tbl_movie_members (username, password, nickname, user_role) VALUES ('admin', '$2b$10$b3PFSiCNEel4g6iSfsxBS.Z/KL3f.Li9jnl5.6cjbc5WkVoykBfNy', '관리자', 'ADMIN')
	at org.springframework.beans.factory.support.AbstractBeanFactory.doGetBean(AbstractBeanFactory.java:322)
	at org.springframework.beans.factory.support.AbstractBeanFactory.getBean(AbstractBeanFactory.java:201)
	at org.springframework.beans.factory.support.DefaultListableBeanFactory.resolveBean(DefaultListableBeanFactory.java:1225)
	at org.springframework.beans.factory.support.DefaultListableBeanFactory.doResolveDependency(DefaultListableBeanFactory.java:1704)
	at org.springframework.beans.factory.support.DefaultListableBeanFactory.resolveDependency(DefaultListableBeanFactory.java:1651)
	at org.springframework.beans.factory.support.ConstructorResolver.resolveAutowiredArgument(ConstructorResolver.java:912)
	at org.springframework.beans.factory.support.ConstructorResolver.createArgumentArray(ConstructorResolver.java:791)
	... 24 common frames omitted
Caused by: org.springframework.beans.factory.BeanCreationException: Error creating bean with name 'dataSourceScriptDatabaseInitializer' defined in class path resource [org/springframework/boot/jdbc/autoconfigure/DataSourceInitializationAutoConfiguration.class]: Failed to execute SQL script statement #1 of file [C:\Dev\WS_sts\cinelog\bin\main\data.sql]: INSERT INTO tbl_movie_members (username, password, nickname, user_role) VALUES ('admin', '$2b$10$b3PFSiCNEel4g6iSfsxBS.Z/KL3f.Li9jnl5.6cjbc5WkVoykBfNy', '관리자', 'ADMIN')
	at org.springframework.beans.factory.support.AbstractAutowireCapableBeanFactory.initializeBean(AbstractAutowireCapableBeanFactory.java:1817)
	at org.springframework.beans.factory.support.AbstractAutowireCapableBeanFactory.doCreateBean(AbstractAutowireCapableBeanFactory.java:603)
	at org.springframework.beans.factory.support.AbstractAutowireCapableBeanFactory.createBean(AbstractAutowireCapableBeanFactory.java:525)
	at org.springframework.beans.factory.support.AbstractBeanFactory.lambda$doGetBean$0(AbstractBeanFactory.java:333)
	at org.springframework.beans.factory.support.DefaultSingletonBeanRegistry.getSingleton(DefaultSingletonBeanRegistry.java:371)
	at org.springframework.beans.factory.support.AbstractBeanFactory.doGetBean(AbstractBeanFactory.java:331)
	at org.springframework.beans.factory.support.AbstractBeanFactory.getBean(AbstractBeanFactory.java:196)
	at org.springframework.beans.factory.support.AbstractBeanFactory.doGetBean(AbstractBeanFactory.java:309)
	... 30 common frames omitted
Caused by: org.springframework.jdbc.datasource.init.ScriptStatementFailedException: Failed to execute SQL script statement #1 of file [C:\Dev\WS_sts\cinelog\bin\main\data.sql]: INSERT INTO tbl_movie_members (username, password, nickname, user_role) VALUES ('admin', '$2b$10$b3PFSiCNEel4g6iSfsxBS.Z/KL3f.Li9jnl5.6cjbc5WkVoykBfNy', '관리자', 'ADMIN')
	at org.springframework.jdbc.datasource.init.ScriptUtils.executeSqlScript(ScriptUtils.java:293)
	at org.springframework.jdbc.datasource.init.ResourceDatabasePopulator.populate(ResourceDatabasePopulator.java:254)
	at org.springframework.jdbc.datasource.init.DatabasePopulatorUtils.execute(DatabasePopulatorUtils.java:54)
	at org.springframework.boot.jdbc.init.DataSourceScriptDatabaseInitializer.runScripts(DataSourceScriptDatabaseInitializer.java:87)
	at org.springframework.boot.sql.init.AbstractScriptDatabaseInitializer.runScripts(AbstractScriptDatabaseInitializer.java:159)
	at org.springframework.boot.sql.init.AbstractScriptDatabaseInitializer.applyScripts(AbstractScriptDatabaseInitializer.java:120)
	at org.springframework.boot.sql.init.AbstractScriptDatabaseInitializer.applyDataScripts(AbstractScriptDatabaseInitializer.java:113)
	at org.springframework.boot.sql.init.AbstractScriptDatabaseInitializer.initializeDatabase(AbstractScriptDatabaseInitializer.java:88)
	at org.springframework.boot.sql.init.AbstractScriptDatabaseInitializer.afterPropertiesSet(AbstractScriptDatabaseInitializer.java:77)
	at org.springframework.beans.factory.support.AbstractAutowireCapableBeanFactory.invokeInitMethods(AbstractAutowireCapableBeanFactory.java:1864)
	at org.springframework.beans.factory.support.AbstractAutowireCapableBeanFactory.initializeBean(AbstractAutowireCapableBeanFactory.java:1813)
	... 37 common frames omitted
Caused by: java.sql.SQLException: ORA-12899: "GREEN"."TBL_MOVIE_MEMBERS"."PASSWORD" 열에 대한 값이 너무 큼(실제: 60, 최대값: 20)

https://docs.oracle.com/error-help/db/ora-12899/
	at oracle.jdbc.driver.T4CTTIoer11.processError(T4CTTIoer11.java:715)
	at oracle.jdbc.driver.T4CTTIoer11.processError(T4CTTIoer11.java:615)
	at oracle.jdbc.driver.T4C8Oall.processError(T4C8Oall.java:1372)
	at oracle.jdbc.driver.T4CTTIfun.receive(T4CTTIfun.java:972)
	at oracle.jdbc.driver.T4CTTIfun.doRPC(T4CTTIfun.java:237)
	at oracle.jdbc.driver.T4C8Oall.doOALL(T4C8Oall.java:524)
	at oracle.jdbc.driver.T4CStatement.doOall8(T4CStatement.java:197)
	at oracle.jdbc.driver.T4CStatement.executeForRows(T4CStatement.java:1408)
	at oracle.jdbc.driver.OracleStatement.executeSQLStatement(OracleStatement.java:2020)
	at oracle.jdbc.driver.OracleStatement.doExecuteWithTimeout(OracleStatement.java:1633)
	at oracle.jdbc.driver.OracleStatement.executeInternal(OracleStatement.java:2698)
	at oracle.jdbc.driver.OracleStatement.execute(OracleStatement.java:2647)
	at oracle.jdbc.driver.OracleStatementWrapper.execute(OracleStatementWrapper.java:349)
	at com.zaxxer.hikari.pool.ProxyStatement.execute(ProxyStatement.java:95)
	at com.zaxxer.hikari.pool.HikariProxyStatement.execute(HikariProxyStatement.java)
	at org.springframework.jdbc.datasource.init.ScriptUtils.executeSqlScript(ScriptUtils.java:261)
	... 47 common frames omitted
Caused by: Error : 12899, Position : 89, SQL = INSERT INTO tbl_movie_members (username, password, nickname, user_role) VALUES ('admin', '$2b$10$b3PFSiCNEel4g6iSfsxBS.Z/KL3f.Li9jnl5.6cjbc5WkVoykBfNy', '관리자', 'ADMIN'), Original SQL = INSERT INTO tbl_movie_members (username, password, nickname, user_role) VALUES ('admin', '$2b$10$b3PFSiCNEel4g6iSfsxBS.Z/KL3f.Li9jnl5.6cjbc5WkVoykBfNy', '관리자', 'ADMIN'), Error Message = ORA-12899: "GREEN"."TBL_MOVIE_MEMBERS"."PASSWORD" 열에 대한 값이 너무 큼(실제: 60, 최대값: 20)

	at oracle.jdbc.driver.T4CTTIoer11.processError(T4CTTIoer11.java:723)
	... 62 common frames omitted
2026-04-01 15:30:25 [background-preinit] INFO  o.h.validator.internal.util.Version - HV000001: Hibernate Validator 9.0.1.Final
2026-04-01 15:30:26 [restartedMain] INFO  com.example.CineLogApplication - Starting CineLogApplication using Java 21.0.10 with PID 11324 (C:\Dev\WS_sts\cinelog\bin\main started by GGG in C:\Dev\WS_sts\cinelog)
2026-04-01 15:30:26 [restartedMain] INFO  com.example.CineLogApplication - No active profile set, falling back to 1 default profile: "default"
2026-04-01 15:30:26 [restartedMain] INFO  o.s.b.d.restart.ChangeableUrls - The Class-Path manifest attribute in C:\Users\GGG\.gradle\caches\modules-2\files-2.1\com.oracle.database.jdbc\ojdbc11\23.9.0.25.07\4fe3479be8322eaac43f1cd0fb5818e93048201d\ojdbc11-23.9.0.25.07.jar referenced one or more files that do not exist: file:/C:/Users/GGG/.gradle/caches/modules-2/files-2.1/com.oracle.database.jdbc/ojdbc11/23.9.0.25.07/4fe3479be8322eaac43f1cd0fb5818e93048201d/oraclepki.jar
2026-04-01 15:30:26 [restartedMain] INFO  o.s.b.d.e.DevToolsPropertyDefaultsPostProcessor - Devtools property defaults active! Set 'spring.devtools.add-properties' to 'false' to disable
2026-04-01 15:30:26 [restartedMain] INFO  o.s.b.d.e.DevToolsPropertyDefaultsPostProcessor - For additional web related logging consider setting the 'logging.level.web' property to 'DEBUG'
2026-04-01 15:30:26 [restartedMain] INFO  o.s.d.r.c.RepositoryConfigurationDelegate - Bootstrapping Spring Data JPA repositories in DEFAULT mode.
2026-04-01 15:30:26 [restartedMain] INFO  o.s.d.r.c.RepositoryConfigurationDelegate - Finished Spring Data repository scanning in 31 ms. Found 3 JPA repository interfaces.
2026-04-01 15:30:27 [restartedMain] INFO  o.s.boot.tomcat.TomcatWebServer - Tomcat initialized with port 8092 (http)
2026-04-01 15:30:27 [restartedMain] INFO  o.a.coyote.http11.Http11NioProtocol - Initializing ProtocolHandler ["http-nio-8092"]
2026-04-01 15:30:27 [restartedMain] INFO  o.a.catalina.core.StandardService - Starting service [Tomcat]
2026-04-01 15:30:27 [restartedMain] INFO  o.a.catalina.core.StandardEngine - Starting Servlet engine: [Apache Tomcat/11.0.20]
2026-04-01 15:30:27 [restartedMain] INFO  o.s.b.w.c.s.WebApplicationContextInitializer - Root WebApplicationContext: initialization completed in 1005 ms
2026-04-01 15:30:27 [restartedMain] INFO  org.hibernate.orm.jpa - HHH008540: Processing PersistenceUnitInfo [name: default]
2026-04-01 15:30:27 [restartedMain] INFO  org.hibernate.orm.core - HHH000001: Hibernate ORM core version 7.2.7.Final
2026-04-01 15:30:27 [restartedMain] INFO  o.s.o.j.p.SpringPersistenceUnitInfo - No LoadTimeWeaver setup: ignoring JPA class transformer
2026-04-01 15:30:27 [restartedMain] INFO  com.zaxxer.hikari.HikariDataSource - HikariPool-1 - Starting...
2026-04-01 15:30:27 [restartedMain] INFO  com.zaxxer.hikari.pool.HikariPool - HikariPool-1 - Added connection oracle.jdbc.driver.T4CConnection@4f3b1604
2026-04-01 15:30:27 [restartedMain] INFO  com.zaxxer.hikari.HikariDataSource - HikariPool-1 - Start completed.
2026-04-01 15:30:28 [restartedMain] WARN  org.hibernate.orm.jdbc - HHH100123: Low default JDBC fetch size: 10 (consider setting 'hibernate.jdbc.fetch_size')
2026-04-01 15:30:28 [restartedMain] INFO  o.hibernate.orm.connections.pooling - HHH10001005: Database info:
	Database JDBC URL [jdbc:oracle:thin:@//localhost:1521/testdb]
	Database driver: Oracle JDBC driver
	Database dialect: OracleDialect
	Database version: 19.3
	Default catalog/schema: undefined/GREEN
	Autocommit mode: undefined/unknown
	Isolation level: READ_COMMITTED [default READ_COMMITTED]
	JDBC fetch size: 10
	Pool: DataSourceConnectionProvider
	Minimum pool size: undefined/unknown
	Maximum pool size: undefined/unknown
2026-04-01 15:30:28 [restartedMain] INFO  org.hibernate.orm.core - HHH000489: No JTA platform available (set 'hibernate.transaction.jta.platform' to enable JTA platform integration)
2026-04-01 15:30:28 [restartedMain] WARN  o.h.t.s.i.ExceptionHandlerLoggedImpl - GenerationTarget encountered exception accepting command : Error executing DDL "drop table tbl_movie_members cascade constraints" via JDBC [ORA-00942: 테이블 또는 뷰가 존재하지 않습니다

https://docs.oracle.com/error-help/db/ora-00942/]
org.hibernate.tool.schema.spi.CommandAcceptanceException: Error executing DDL "drop table tbl_movie_members cascade constraints" via JDBC [ORA-00942: 테이블 또는 뷰가 존재하지 않습니다

https://docs.oracle.com/error-help/db/ora-00942/]
	at org.hibernate.tool.schema.internal.exec.GenerationTargetToDatabase.accept(GenerationTargetToDatabase.java:81)
	at org.hibernate.tool.schema.internal.Helper.applySqlString(Helper.java:218)
	at org.hibernate.tool.schema.internal.Helper.applySqlStrings(Helper.java:204)
	at org.hibernate.tool.schema.internal.SchemaDropperImpl.dropTables(SchemaDropperImpl.java:376)
	at org.hibernate.tool.schema.internal.SchemaDropperImpl.dropConstraintsTablesSequences(SchemaDropperImpl.java:248)
	at org.hibernate.tool.schema.internal.SchemaDropperImpl.dropFromMetadata(SchemaDropperImpl.java:210)
	at org.hibernate.tool.schema.internal.SchemaDropperImpl.performDrop(SchemaDropperImpl.java:182)
	at org.hibernate.tool.schema.internal.SchemaDropperImpl.doDrop(SchemaDropperImpl.java:152)
	at org.hibernate.tool.schema.internal.SchemaDropperImpl.doDrop(SchemaDropperImpl.java:112)
	at org.hibernate.tool.schema.spi.SchemaManagementToolCoordinator.performDatabaseAction(SchemaManagementToolCoordinator.java:227)
	at org.hibernate.tool.schema.spi.SchemaManagementToolCoordinator.lambda$process$1(SchemaManagementToolCoordinator.java:101)
	at java.base/java.util.HashMap.forEach(HashMap.java:1429)
	at org.hibernate.tool.schema.spi.SchemaManagementToolCoordinator.process(SchemaManagementToolCoordinator.java:100)
	at org.hibernate.boot.internal.SessionFactoryObserverForSchemaExport.sessionFactoryCreated(SessionFactoryObserverForSchemaExport.java:35)
	at org.hibernate.internal.SessionFactoryObserverChain.sessionFactoryCreated(SessionFactoryObserverChain.java:33)
	at org.hibernate.internal.SessionFactoryImpl.<init>(SessionFactoryImpl.java:323)
	at org.hibernate.internal.SessionFactoryRegistry.instantiateSessionFactory(SessionFactoryRegistry.java:64)
	at org.hibernate.boot.internal.SessionFactoryBuilderImpl.build(SessionFactoryBuilderImpl.java:437)
	at org.hibernate.jpa.boot.internal.EntityManagerFactoryBuilderImpl.build(EntityManagerFactoryBuilderImpl.java:1456)
	at org.springframework.orm.jpa.vendor.SpringHibernateJpaPersistenceProvider.createContainerEntityManagerFactory(SpringHibernateJpaPersistenceProvider.java:93)
	at org.springframework.orm.jpa.LocalContainerEntityManagerFactoryBean.createNativeEntityManagerFactory(LocalContainerEntityManagerFactoryBean.java:443)
	at org.springframework.orm.jpa.AbstractEntityManagerFactoryBean.buildNativeEntityManagerFactory(AbstractEntityManagerFactoryBean.java:436)
	at org.springframework.orm.jpa.AbstractEntityManagerFactoryBean.afterPropertiesSet(AbstractEntityManagerFactoryBean.java:411)
	at org.springframework.orm.jpa.LocalContainerEntityManagerFactoryBean.afterPropertiesSet(LocalContainerEntityManagerFactoryBean.java:419)
	at org.springframework.beans.factory.support.AbstractAutowireCapableBeanFactory.invokeInitMethods(AbstractAutowireCapableBeanFactory.java:1864)
	at org.springframework.beans.factory.support.AbstractAutowireCapableBeanFactory.initializeBean(AbstractAutowireCapableBeanFactory.java:1813)
	at org.springframework.beans.factory.support.AbstractAutowireCapableBeanFactory.doCreateBean(AbstractAutowireCapableBeanFactory.java:603)
	at org.springframework.beans.factory.support.AbstractAutowireCapableBeanFactory.createBean(AbstractAutowireCapableBeanFactory.java:525)
	at org.springframework.beans.factory.support.AbstractBeanFactory.lambda$doGetBean$0(AbstractBeanFactory.java:333)
	at org.springframework.beans.factory.support.DefaultSingletonBeanRegistry.getSingleton(DefaultSingletonBeanRegistry.java:371)
	at org.springframework.beans.factory.support.AbstractBeanFactory.doGetBean(AbstractBeanFactory.java:331)
	at org.springframework.beans.factory.support.AbstractBeanFactory.getBean(AbstractBeanFactory.java:201)
	at org.springframework.context.support.AbstractApplicationContext.finishBeanFactoryInitialization(AbstractApplicationContext.java:977)
	at org.springframework.context.support.AbstractApplicationContext.refresh(AbstractApplicationContext.java:621)
	at org.springframework.boot.web.server.servlet.context.ServletWebServerApplicationContext.refresh(ServletWebServerApplicationContext.java:143)
	at org.springframework.boot.SpringApplication.refresh(SpringApplication.java:756)
	at org.springframework.boot.SpringApplication.refreshContext(SpringApplication.java:445)
	at org.springframework.boot.SpringApplication.run(SpringApplication.java:321)
	at org.springframework.boot.SpringApplication.run(SpringApplication.java:1365)
	at org.springframework.boot.SpringApplication.run(SpringApplication.java:1354)
	at com.example.CineLogApplication.main(CineLogApplication.java:14)
	at java.base/jdk.internal.reflect.DirectMethodHandleAccessor.invoke(DirectMethodHandleAccessor.java:103)
	at java.base/java.lang.reflect.Method.invoke(Method.java:580)
	at org.springframework.boot.devtools.restart.RestartLauncher.run(RestartLauncher.java:52)
Caused by: java.sql.SQLSyntaxErrorException: ORA-00942: 테이블 또는 뷰가 존재하지 않습니다

https://docs.oracle.com/error-help/db/ora-00942/
	at oracle.jdbc.driver.T4CTTIoer11.processError(T4CTTIoer11.java:715)
	at oracle.jdbc.driver.T4CTTIoer11.processError(T4CTTIoer11.java:615)
	at oracle.jdbc.driver.T4C8Oall.processError(T4C8Oall.java:1372)
	at oracle.jdbc.driver.T4CTTIfun.receive(T4CTTIfun.java:972)
	at oracle.jdbc.driver.T4CTTIfun.doRPC(T4CTTIfun.java:237)
	at oracle.jdbc.driver.T4C8Oall.doOALL(T4C8Oall.java:524)
	at oracle.jdbc.driver.T4CStatement.doOall8(T4CStatement.java:197)
	at oracle.jdbc.driver.T4CStatement.executeForRows(T4CStatement.java:1408)
	at oracle.jdbc.driver.OracleStatement.executeSQLStatement(OracleStatement.java:2020)
	at oracle.jdbc.driver.OracleStatement.doExecuteWithTimeout(OracleStatement.java:1633)
	at oracle.jdbc.driver.OracleStatement.executeInternal(OracleStatement.java:2698)
	at oracle.jdbc.driver.OracleStatement.execute(OracleStatement.java:2647)
	at oracle.jdbc.driver.OracleStatementWrapper.execute(OracleStatementWrapper.java:349)
	at com.zaxxer.hikari.pool.ProxyStatement.execute(ProxyStatement.java:95)
	at com.zaxxer.hikari.pool.HikariProxyStatement.execute(HikariProxyStatement.java)
	at org.hibernate.tool.schema.internal.exec.GenerationTargetToDatabase.accept(GenerationTargetToDatabase.java:76)
	... 43 common frames omitted
Caused by: Error : 942, Position : 11, SQL = drop table tbl_movie_members cascade constraints, Original SQL = drop table tbl_movie_members cascade constraints, Error Message = ORA-00942: 테이블 또는 뷰가 존재하지 않습니다

	at oracle.jdbc.driver.T4CTTIoer11.processError(T4CTTIoer11.java:723)
	... 58 common frames omitted
2026-04-01 15:30:28 [restartedMain] WARN  o.h.t.s.i.ExceptionHandlerLoggedImpl - GenerationTarget encountered exception accepting command : Error executing DDL "drop table tbl_movies cascade constraints" via JDBC [ORA-00942: 테이블 또는 뷰가 존재하지 않습니다

https://docs.oracle.com/error-help/db/ora-00942/]
org.hibernate.tool.schema.spi.CommandAcceptanceException: Error executing DDL "drop table tbl_movies cascade constraints" via JDBC [ORA-00942: 테이블 또는 뷰가 존재하지 않습니다

https://docs.oracle.com/error-help/db/ora-00942/]
	at org.hibernate.tool.schema.internal.exec.GenerationTargetToDatabase.accept(GenerationTargetToDatabase.java:81)
	at org.hibernate.tool.schema.internal.Helper.applySqlString(Helper.java:218)
	at org.hibernate.tool.schema.internal.Helper.applySqlStrings(Helper.java:204)
	at org.hibernate.tool.schema.internal.SchemaDropperImpl.dropTables(SchemaDropperImpl.java:376)
	at org.hibernate.tool.schema.internal.SchemaDropperImpl.dropConstraintsTablesSequences(SchemaDropperImpl.java:248)
	at org.hibernate.tool.schema.internal.SchemaDropperImpl.dropFromMetadata(SchemaDropperImpl.java:210)
	at org.hibernate.tool.schema.internal.SchemaDropperImpl.performDrop(SchemaDropperImpl.java:182)
	at org.hibernate.tool.schema.internal.SchemaDropperImpl.doDrop(SchemaDropperImpl.java:152)
	at org.hibernate.tool.schema.internal.SchemaDropperImpl.doDrop(SchemaDropperImpl.java:112)
	at org.hibernate.tool.schema.spi.SchemaManagementToolCoordinator.performDatabaseAction(SchemaManagementToolCoordinator.java:227)
	at org.hibernate.tool.schema.spi.SchemaManagementToolCoordinator.lambda$process$1(SchemaManagementToolCoordinator.java:101)
	at java.base/java.util.HashMap.forEach(HashMap.java:1429)
	at org.hibernate.tool.schema.spi.SchemaManagementToolCoordinator.process(SchemaManagementToolCoordinator.java:100)
	at org.hibernate.boot.internal.SessionFactoryObserverForSchemaExport.sessionFactoryCreated(SessionFactoryObserverForSchemaExport.java:35)
	at org.hibernate.internal.SessionFactoryObserverChain.sessionFactoryCreated(SessionFactoryObserverChain.java:33)
	at org.hibernate.internal.SessionFactoryImpl.<init>(SessionFactoryImpl.java:323)
	at org.hibernate.internal.SessionFactoryRegistry.instantiateSessionFactory(SessionFactoryRegistry.java:64)
	at org.hibernate.boot.internal.SessionFactoryBuilderImpl.build(SessionFactoryBuilderImpl.java:437)
	at org.hibernate.jpa.boot.internal.EntityManagerFactoryBuilderImpl.build(EntityManagerFactoryBuilderImpl.java:1456)
	at org.springframework.orm.jpa.vendor.SpringHibernateJpaPersistenceProvider.createContainerEntityManagerFactory(SpringHibernateJpaPersistenceProvider.java:93)
	at org.springframework.orm.jpa.LocalContainerEntityManagerFactoryBean.createNativeEntityManagerFactory(LocalContainerEntityManagerFactoryBean.java:443)
	at org.springframework.orm.jpa.AbstractEntityManagerFactoryBean.buildNativeEntityManagerFactory(AbstractEntityManagerFactoryBean.java:436)
	at org.springframework.orm.jpa.AbstractEntityManagerFactoryBean.afterPropertiesSet(AbstractEntityManagerFactoryBean.java:411)
	at org.springframework.orm.jpa.LocalContainerEntityManagerFactoryBean.afterPropertiesSet(LocalContainerEntityManagerFactoryBean.java:419)
	at org.springframework.beans.factory.support.AbstractAutowireCapableBeanFactory.invokeInitMethods(AbstractAutowireCapableBeanFactory.java:1864)
	at org.springframework.beans.factory.support.AbstractAutowireCapableBeanFactory.initializeBean(AbstractAutowireCapableBeanFactory.java:1813)
	at org.springframework.beans.factory.support.AbstractAutowireCapableBeanFactory.doCreateBean(AbstractAutowireCapableBeanFactory.java:603)
	at org.springframework.beans.factory.support.AbstractAutowireCapableBeanFactory.createBean(AbstractAutowireCapableBeanFactory.java:525)
	at org.springframework.beans.factory.support.AbstractBeanFactory.lambda$doGetBean$0(AbstractBeanFactory.java:333)
	at org.springframework.beans.factory.support.DefaultSingletonBeanRegistry.getSingleton(DefaultSingletonBeanRegistry.java:371)
	at org.springframework.beans.factory.support.AbstractBeanFactory.doGetBean(AbstractBeanFactory.java:331)
	at org.springframework.beans.factory.support.AbstractBeanFactory.getBean(AbstractBeanFactory.java:201)
	at org.springframework.context.support.AbstractApplicationContext.finishBeanFactoryInitialization(AbstractApplicationContext.java:977)
	at org.springframework.context.support.AbstractApplicationContext.refresh(AbstractApplicationContext.java:621)
	at org.springframework.boot.web.server.servlet.context.ServletWebServerApplicationContext.refresh(ServletWebServerApplicationContext.java:143)
	at org.springframework.boot.SpringApplication.refresh(SpringApplication.java:756)
	at org.springframework.boot.SpringApplication.refreshContext(SpringApplication.java:445)
	at org.springframework.boot.SpringApplication.run(SpringApplication.java:321)
	at org.springframework.boot.SpringApplication.run(SpringApplication.java:1365)
	at org.springframework.boot.SpringApplication.run(SpringApplication.java:1354)
	at com.example.CineLogApplication.main(CineLogApplication.java:14)
	at java.base/jdk.internal.reflect.DirectMethodHandleAccessor.invoke(DirectMethodHandleAccessor.java:103)
	at java.base/java.lang.reflect.Method.invoke(Method.java:580)
	at org.springframework.boot.devtools.restart.RestartLauncher.run(RestartLauncher.java:52)
Caused by: java.sql.SQLSyntaxErrorException: ORA-00942: 테이블 또는 뷰가 존재하지 않습니다

https://docs.oracle.com/error-help/db/ora-00942/
	at oracle.jdbc.driver.T4CTTIoer11.processError(T4CTTIoer11.java:715)
	at oracle.jdbc.driver.T4CTTIoer11.processError(T4CTTIoer11.java:615)
	at oracle.jdbc.driver.T4C8Oall.processError(T4C8Oall.java:1372)
	at oracle.jdbc.driver.T4CTTIfun.receive(T4CTTIfun.java:972)
	at oracle.jdbc.driver.T4CTTIfun.doRPC(T4CTTIfun.java:237)
	at oracle.jdbc.driver.T4C8Oall.doOALL(T4C8Oall.java:524)
	at oracle.jdbc.driver.T4CStatement.doOall8(T4CStatement.java:197)
	at oracle.jdbc.driver.T4CStatement.executeForRows(T4CStatement.java:1408)
	at oracle.jdbc.driver.OracleStatement.executeSQLStatement(OracleStatement.java:2020)
	at oracle.jdbc.driver.OracleStatement.doExecuteWithTimeout(OracleStatement.java:1633)
	at oracle.jdbc.driver.OracleStatement.executeInternal(OracleStatement.java:2698)
	at oracle.jdbc.driver.OracleStatement.execute(OracleStatement.java:2647)
	at oracle.jdbc.driver.OracleStatementWrapper.execute(OracleStatementWrapper.java:349)
	at com.zaxxer.hikari.pool.ProxyStatement.execute(ProxyStatement.java:95)
	at com.zaxxer.hikari.pool.HikariProxyStatement.execute(HikariProxyStatement.java)
	at org.hibernate.tool.schema.internal.exec.GenerationTargetToDatabase.accept(GenerationTargetToDatabase.java:76)
	... 43 common frames omitted
Caused by: Error : 942, Position : 11, SQL = drop table tbl_movies cascade constraints, Original SQL = drop table tbl_movies cascade constraints, Error Message = ORA-00942: 테이블 또는 뷰가 존재하지 않습니다

	at oracle.jdbc.driver.T4CTTIoer11.processError(T4CTTIoer11.java:723)
	... 58 common frames omitted
2026-04-01 15:30:28 [restartedMain] WARN  o.h.t.s.i.ExceptionHandlerLoggedImpl - GenerationTarget encountered exception accepting command : Error executing DDL "drop table tbl_reviews cascade constraints" via JDBC [ORA-00942: 테이블 또는 뷰가 존재하지 않습니다

https://docs.oracle.com/error-help/db/ora-00942/]
org.hibernate.tool.schema.spi.CommandAcceptanceException: Error executing DDL "drop table tbl_reviews cascade constraints" via JDBC [ORA-00942: 테이블 또는 뷰가 존재하지 않습니다

https://docs.oracle.com/error-help/db/ora-00942/]
	at org.hibernate.tool.schema.internal.exec.GenerationTargetToDatabase.accept(GenerationTargetToDatabase.java:81)
	at org.hibernate.tool.schema.internal.Helper.applySqlString(Helper.java:218)
	at org.hibernate.tool.schema.internal.Helper.applySqlStrings(Helper.java:204)
	at org.hibernate.tool.schema.internal.SchemaDropperImpl.dropTables(SchemaDropperImpl.java:376)
	at org.hibernate.tool.schema.internal.SchemaDropperImpl.dropConstraintsTablesSequences(SchemaDropperImpl.java:248)
	at org.hibernate.tool.schema.internal.SchemaDropperImpl.dropFromMetadata(SchemaDropperImpl.java:210)
	at org.hibernate.tool.schema.internal.SchemaDropperImpl.performDrop(SchemaDropperImpl.java:182)
	at org.hibernate.tool.schema.internal.SchemaDropperImpl.doDrop(SchemaDropperImpl.java:152)
	at org.hibernate.tool.schema.internal.SchemaDropperImpl.doDrop(SchemaDropperImpl.java:112)
	at org.hibernate.tool.schema.spi.SchemaManagementToolCoordinator.performDatabaseAction(SchemaManagementToolCoordinator.java:227)
	at org.hibernate.tool.schema.spi.SchemaManagementToolCoordinator.lambda$process$1(SchemaManagementToolCoordinator.java:101)
	at java.base/java.util.HashMap.forEach(HashMap.java:1429)
	at org.hibernate.tool.schema.spi.SchemaManagementToolCoordinator.process(SchemaManagementToolCoordinator.java:100)
	at org.hibernate.boot.internal.SessionFactoryObserverForSchemaExport.sessionFactoryCreated(SessionFactoryObserverForSchemaExport.java:35)
	at org.hibernate.internal.SessionFactoryObserverChain.sessionFactoryCreated(SessionFactoryObserverChain.java:33)
	at org.hibernate.internal.SessionFactoryImpl.<init>(SessionFactoryImpl.java:323)
	at org.hibernate.internal.SessionFactoryRegistry.instantiateSessionFactory(SessionFactoryRegistry.java:64)
	at org.hibernate.boot.internal.SessionFactoryBuilderImpl.build(SessionFactoryBuilderImpl.java:437)
	at org.hibernate.jpa.boot.internal.EntityManagerFactoryBuilderImpl.build(EntityManagerFactoryBuilderImpl.java:1456)
	at org.springframework.orm.jpa.vendor.SpringHibernateJpaPersistenceProvider.createContainerEntityManagerFactory(SpringHibernateJpaPersistenceProvider.java:93)
	at org.springframework.orm.jpa.LocalContainerEntityManagerFactoryBean.createNativeEntityManagerFactory(LocalContainerEntityManagerFactoryBean.java:443)
	at org.springframework.orm.jpa.AbstractEntityManagerFactoryBean.buildNativeEntityManagerFactory(AbstractEntityManagerFactoryBean.java:436)
	at org.springframework.orm.jpa.AbstractEntityManagerFactoryBean.afterPropertiesSet(AbstractEntityManagerFactoryBean.java:411)
	at org.springframework.orm.jpa.LocalContainerEntityManagerFactoryBean.afterPropertiesSet(LocalContainerEntityManagerFactoryBean.java:419)
	at org.springframework.beans.factory.support.AbstractAutowireCapableBeanFactory.invokeInitMethods(AbstractAutowireCapableBeanFactory.java:1864)
	at org.springframework.beans.factory.support.AbstractAutowireCapableBeanFactory.initializeBean(AbstractAutowireCapableBeanFactory.java:1813)
	at org.springframework.beans.factory.support.AbstractAutowireCapableBeanFactory.doCreateBean(AbstractAutowireCapableBeanFactory.java:603)
	at org.springframework.beans.factory.support.AbstractAutowireCapableBeanFactory.createBean(AbstractAutowireCapableBeanFactory.java:525)
	at org.springframework.beans.factory.support.AbstractBeanFactory.lambda$doGetBean$0(AbstractBeanFactory.java:333)
	at org.springframework.beans.factory.support.DefaultSingletonBeanRegistry.getSingleton(DefaultSingletonBeanRegistry.java:371)
	at org.springframework.beans.factory.support.AbstractBeanFactory.doGetBean(AbstractBeanFactory.java:331)
	at org.springframework.beans.factory.support.AbstractBeanFactory.getBean(AbstractBeanFactory.java:201)
	at org.springframework.context.support.AbstractApplicationContext.finishBeanFactoryInitialization(AbstractApplicationContext.java:977)
	at org.springframework.context.support.AbstractApplicationContext.refresh(AbstractApplicationContext.java:621)
	at org.springframework.boot.web.server.servlet.context.ServletWebServerApplicationContext.refresh(ServletWebServerApplicationContext.java:143)
	at org.springframework.boot.SpringApplication.refresh(SpringApplication.java:756)
	at org.springframework.boot.SpringApplication.refreshContext(SpringApplication.java:445)
	at org.springframework.boot.SpringApplication.run(SpringApplication.java:321)
	at org.springframework.boot.SpringApplication.run(SpringApplication.java:1365)
	at org.springframework.boot.SpringApplication.run(SpringApplication.java:1354)
	at com.example.CineLogApplication.main(CineLogApplication.java:14)
	at java.base/jdk.internal.reflect.DirectMethodHandleAccessor.invoke(DirectMethodHandleAccessor.java:103)
	at java.base/java.lang.reflect.Method.invoke(Method.java:580)
	at org.springframework.boot.devtools.restart.RestartLauncher.run(RestartLauncher.java:52)
Caused by: java.sql.SQLSyntaxErrorException: ORA-00942: 테이블 또는 뷰가 존재하지 않습니다

https://docs.oracle.com/error-help/db/ora-00942/
	at oracle.jdbc.driver.T4CTTIoer11.processError(T4CTTIoer11.java:715)
	at oracle.jdbc.driver.T4CTTIoer11.processError(T4CTTIoer11.java:615)
	at oracle.jdbc.driver.T4C8Oall.processError(T4C8Oall.java:1372)
	at oracle.jdbc.driver.T4CTTIfun.receive(T4CTTIfun.java:972)
	at oracle.jdbc.driver.T4CTTIfun.doRPC(T4CTTIfun.java:237)
	at oracle.jdbc.driver.T4C8Oall.doOALL(T4C8Oall.java:524)
	at oracle.jdbc.driver.T4CStatement.doOall8(T4CStatement.java:197)
	at oracle.jdbc.driver.T4CStatement.executeForRows(T4CStatement.java:1408)
	at oracle.jdbc.driver.OracleStatement.executeSQLStatement(OracleStatement.java:2020)
	at oracle.jdbc.driver.OracleStatement.doExecuteWithTimeout(OracleStatement.java:1633)
	at oracle.jdbc.driver.OracleStatement.executeInternal(OracleStatement.java:2698)
	at oracle.jdbc.driver.OracleStatement.execute(OracleStatement.java:2647)
	at oracle.jdbc.driver.OracleStatementWrapper.execute(OracleStatementWrapper.java:349)
	at com.zaxxer.hikari.pool.ProxyStatement.execute(ProxyStatement.java:95)
	at com.zaxxer.hikari.pool.HikariProxyStatement.execute(HikariProxyStatement.java)
	at org.hibernate.tool.schema.internal.exec.GenerationTargetToDatabase.accept(GenerationTargetToDatabase.java:76)
	... 43 common frames omitted
Caused by: Error : 942, Position : 11, SQL = drop table tbl_reviews cascade constraints, Original SQL = drop table tbl_reviews cascade constraints, Error Message = ORA-00942: 테이블 또는 뷰가 존재하지 않습니다

	at oracle.jdbc.driver.T4CTTIoer11.processError(T4CTTIoer11.java:723)
	... 58 common frames omitted
2026-04-01 15:30:28 [restartedMain] WARN  o.h.t.s.i.ExceptionHandlerLoggedImpl - GenerationTarget encountered exception accepting command : Error executing DDL "drop sequence movie_seq" via JDBC [ORA-02289: 시퀀스가 존재하지 않습니다.

https://docs.oracle.com/error-help/db/ora-02289/]
org.hibernate.tool.schema.spi.CommandAcceptanceException: Error executing DDL "drop sequence movie_seq" via JDBC [ORA-02289: 시퀀스가 존재하지 않습니다.

https://docs.oracle.com/error-help/db/ora-02289/]
	at org.hibernate.tool.schema.internal.exec.GenerationTargetToDatabase.accept(GenerationTargetToDatabase.java:81)
	at org.hibernate.tool.schema.internal.Helper.applySqlString(Helper.java:218)
	at org.hibernate.tool.schema.internal.Helper.applySqlStrings(Helper.java:204)
	at org.hibernate.tool.schema.internal.SchemaDropperImpl.dropSequences(SchemaDropperImpl.java:335)
	at org.hibernate.tool.schema.internal.SchemaDropperImpl.dropConstraintsTablesSequences(SchemaDropperImpl.java:261)
	at org.hibernate.tool.schema.internal.SchemaDropperImpl.dropFromMetadata(SchemaDropperImpl.java:210)
	at org.hibernate.tool.schema.internal.SchemaDropperImpl.performDrop(SchemaDropperImpl.java:182)
	at org.hibernate.tool.schema.internal.SchemaDropperImpl.doDrop(SchemaDropperImpl.java:152)
	at org.hibernate.tool.schema.internal.SchemaDropperImpl.doDrop(SchemaDropperImpl.java:112)
	at org.hibernate.tool.schema.spi.SchemaManagementToolCoordinator.performDatabaseAction(SchemaManagementToolCoordinator.java:227)
	at org.hibernate.tool.schema.spi.SchemaManagementToolCoordinator.lambda$process$1(SchemaManagementToolCoordinator.java:101)
	at java.base/java.util.HashMap.forEach(HashMap.java:1429)
	at org.hibernate.tool.schema.spi.SchemaManagementToolCoordinator.process(SchemaManagementToolCoordinator.java:100)
	at org.hibernate.boot.internal.SessionFactoryObserverForSchemaExport.sessionFactoryCreated(SessionFactoryObserverForSchemaExport.java:35)
	at org.hibernate.internal.SessionFactoryObserverChain.sessionFactoryCreated(SessionFactoryObserverChain.java:33)
	at org.hibernate.internal.SessionFactoryImpl.<init>(SessionFactoryImpl.java:323)
	at org.hibernate.internal.SessionFactoryRegistry.instantiateSessionFactory(SessionFactoryRegistry.java:64)
	at org.hibernate.boot.internal.SessionFactoryBuilderImpl.build(SessionFactoryBuilderImpl.java:437)
	at org.hibernate.jpa.boot.internal.EntityManagerFactoryBuilderImpl.build(EntityManagerFactoryBuilderImpl.java:1456)
	at org.springframework.orm.jpa.vendor.SpringHibernateJpaPersistenceProvider.createContainerEntityManagerFactory(SpringHibernateJpaPersistenceProvider.java:93)
	at org.springframework.orm.jpa.LocalContainerEntityManagerFactoryBean.createNativeEntityManagerFactory(LocalContainerEntityManagerFactoryBean.java:443)
	at org.springframework.orm.jpa.AbstractEntityManagerFactoryBean.buildNativeEntityManagerFactory(AbstractEntityManagerFactoryBean.java:436)
	at org.springframework.orm.jpa.AbstractEntityManagerFactoryBean.afterPropertiesSet(AbstractEntityManagerFactoryBean.java:411)
	at org.springframework.orm.jpa.LocalContainerEntityManagerFactoryBean.afterPropertiesSet(LocalContainerEntityManagerFactoryBean.java:419)
	at org.springframework.beans.factory.support.AbstractAutowireCapableBeanFactory.invokeInitMethods(AbstractAutowireCapableBeanFactory.java:1864)
	at org.springframework.beans.factory.support.AbstractAutowireCapableBeanFactory.initializeBean(AbstractAutowireCapableBeanFactory.java:1813)
	at org.springframework.beans.factory.support.AbstractAutowireCapableBeanFactory.doCreateBean(AbstractAutowireCapableBeanFactory.java:603)
	at org.springframework.beans.factory.support.AbstractAutowireCapableBeanFactory.createBean(AbstractAutowireCapableBeanFactory.java:525)
	at org.springframework.beans.factory.support.AbstractBeanFactory.lambda$doGetBean$0(AbstractBeanFactory.java:333)
	at org.springframework.beans.factory.support.DefaultSingletonBeanRegistry.getSingleton(DefaultSingletonBeanRegistry.java:371)
	at org.springframework.beans.factory.support.AbstractBeanFactory.doGetBean(AbstractBeanFactory.java:331)
	at org.springframework.beans.factory.support.AbstractBeanFactory.getBean(AbstractBeanFactory.java:201)
	at org.springframework.context.support.AbstractApplicationContext.finishBeanFactoryInitialization(AbstractApplicationContext.java:977)
	at org.springframework.context.support.AbstractApplicationContext.refresh(AbstractApplicationContext.java:621)
	at org.springframework.boot.web.server.servlet.context.ServletWebServerApplicationContext.refresh(ServletWebServerApplicationContext.java:143)
	at org.springframework.boot.SpringApplication.refresh(SpringApplication.java:756)
	at org.springframework.boot.SpringApplication.refreshContext(SpringApplication.java:445)
	at org.springframework.boot.SpringApplication.run(SpringApplication.java:321)
	at org.springframework.boot.SpringApplication.run(SpringApplication.java:1365)
	at org.springframework.boot.SpringApplication.run(SpringApplication.java:1354)
	at com.example.CineLogApplication.main(CineLogApplication.java:14)
	at java.base/jdk.internal.reflect.DirectMethodHandleAccessor.invoke(DirectMethodHandleAccessor.java:103)
	at java.base/java.lang.reflect.Method.invoke(Method.java:580)
	at org.springframework.boot.devtools.restart.RestartLauncher.run(RestartLauncher.java:52)
Caused by: java.sql.SQLSyntaxErrorException: ORA-02289: 시퀀스가 존재하지 않습니다.

https://docs.oracle.com/error-help/db/ora-02289/
	at oracle.jdbc.driver.T4CTTIoer11.processError(T4CTTIoer11.java:715)
	at oracle.jdbc.driver.T4CTTIoer11.processError(T4CTTIoer11.java:615)
	at oracle.jdbc.driver.T4C8Oall.processError(T4C8Oall.java:1372)
	at oracle.jdbc.driver.T4CTTIfun.receive(T4CTTIfun.java:972)
	at oracle.jdbc.driver.T4CTTIfun.doRPC(T4CTTIfun.java:237)
	at oracle.jdbc.driver.T4C8Oall.doOALL(T4C8Oall.java:524)
	at oracle.jdbc.driver.T4CStatement.doOall8(T4CStatement.java:197)
	at oracle.jdbc.driver.T4CStatement.executeForRows(T4CStatement.java:1408)
	at oracle.jdbc.driver.OracleStatement.executeSQLStatement(OracleStatement.java:2020)
	at oracle.jdbc.driver.OracleStatement.doExecuteWithTimeout(OracleStatement.java:1633)
	at oracle.jdbc.driver.OracleStatement.executeInternal(OracleStatement.java:2698)
	at oracle.jdbc.driver.OracleStatement.execute(OracleStatement.java:2647)
	at oracle.jdbc.driver.OracleStatementWrapper.execute(OracleStatementWrapper.java:349)
	at com.zaxxer.hikari.pool.ProxyStatement.execute(ProxyStatement.java:95)
	at com.zaxxer.hikari.pool.HikariProxyStatement.execute(HikariProxyStatement.java)
	at org.hibernate.tool.schema.internal.exec.GenerationTargetToDatabase.accept(GenerationTargetToDatabase.java:76)
	... 43 common frames omitted
Caused by: Error : 2289, Position : 14, SQL = drop sequence movie_seq, Original SQL = drop sequence movie_seq, Error Message = ORA-02289: 시퀀스가 존재하지 않습니다.

	at oracle.jdbc.driver.T4CTTIoer11.processError(T4CTTIoer11.java:723)
	... 58 common frames omitted
2026-04-01 15:30:28 [restartedMain] WARN  o.h.t.s.i.ExceptionHandlerLoggedImpl - GenerationTarget encountered exception accepting command : Error executing DDL "drop sequence review_seq" via JDBC [ORA-02289: 시퀀스가 존재하지 않습니다.

https://docs.oracle.com/error-help/db/ora-02289/]
org.hibernate.tool.schema.spi.CommandAcceptanceException: Error executing DDL "drop sequence review_seq" via JDBC [ORA-02289: 시퀀스가 존재하지 않습니다.

https://docs.oracle.com/error-help/db/ora-02289/]
	at org.hibernate.tool.schema.internal.exec.GenerationTargetToDatabase.accept(GenerationTargetToDatabase.java:81)
	at org.hibernate.tool.schema.internal.Helper.applySqlString(Helper.java:218)
	at org.hibernate.tool.schema.internal.Helper.applySqlStrings(Helper.java:204)
	at org.hibernate.tool.schema.internal.SchemaDropperImpl.dropSequences(SchemaDropperImpl.java:335)
	at org.hibernate.tool.schema.internal.SchemaDropperImpl.dropConstraintsTablesSequences(SchemaDropperImpl.java:261)
	at org.hibernate.tool.schema.internal.SchemaDropperImpl.dropFromMetadata(SchemaDropperImpl.java:210)
	at org.hibernate.tool.schema.internal.SchemaDropperImpl.performDrop(SchemaDropperImpl.java:182)
	at org.hibernate.tool.schema.internal.SchemaDropperImpl.doDrop(SchemaDropperImpl.java:152)
	at org.hibernate.tool.schema.internal.SchemaDropperImpl.doDrop(SchemaDropperImpl.java:112)
	at org.hibernate.tool.schema.spi.SchemaManagementToolCoordinator.performDatabaseAction(SchemaManagementToolCoordinator.java:227)
	at org.hibernate.tool.schema.spi.SchemaManagementToolCoordinator.lambda$process$1(SchemaManagementToolCoordinator.java:101)
	at java.base/java.util.HashMap.forEach(HashMap.java:1429)
	at org.hibernate.tool.schema.spi.SchemaManagementToolCoordinator.process(SchemaManagementToolCoordinator.java:100)
	at org.hibernate.boot.internal.SessionFactoryObserverForSchemaExport.sessionFactoryCreated(SessionFactoryObserverForSchemaExport.java:35)
	at org.hibernate.internal.SessionFactoryObserverChain.sessionFactoryCreated(SessionFactoryObserverChain.java:33)
	at org.hibernate.internal.SessionFactoryImpl.<init>(SessionFactoryImpl.java:323)
	at org.hibernate.internal.SessionFactoryRegistry.instantiateSessionFactory(SessionFactoryRegistry.java:64)
	at org.hibernate.boot.internal.SessionFactoryBuilderImpl.build(SessionFactoryBuilderImpl.java:437)
	at org.hibernate.jpa.boot.internal.EntityManagerFactoryBuilderImpl.build(EntityManagerFactoryBuilderImpl.java:1456)
	at org.springframework.orm.jpa.vendor.SpringHibernateJpaPersistenceProvider.createContainerEntityManagerFactory(SpringHibernateJpaPersistenceProvider.java:93)
	at org.springframework.orm.jpa.LocalContainerEntityManagerFactoryBean.createNativeEntityManagerFactory(LocalContainerEntityManagerFactoryBean.java:443)
	at org.springframework.orm.jpa.AbstractEntityManagerFactoryBean.buildNativeEntityManagerFactory(AbstractEntityManagerFactoryBean.java:436)
	at org.springframework.orm.jpa.AbstractEntityManagerFactoryBean.afterPropertiesSet(AbstractEntityManagerFactoryBean.java:411)
	at org.springframework.orm.jpa.LocalContainerEntityManagerFactoryBean.afterPropertiesSet(LocalContainerEntityManagerFactoryBean.java:419)
	at org.springframework.beans.factory.support.AbstractAutowireCapableBeanFactory.invokeInitMethods(AbstractAutowireCapableBeanFactory.java:1864)
	at org.springframework.beans.factory.support.AbstractAutowireCapableBeanFactory.initializeBean(AbstractAutowireCapableBeanFactory.java:1813)
	at org.springframework.beans.factory.support.AbstractAutowireCapableBeanFactory.doCreateBean(AbstractAutowireCapableBeanFactory.java:603)
	at org.springframework.beans.factory.support.AbstractAutowireCapableBeanFactory.createBean(AbstractAutowireCapableBeanFactory.java:525)
	at org.springframework.beans.factory.support.AbstractBeanFactory.lambda$doGetBean$0(AbstractBeanFactory.java:333)
	at org.springframework.beans.factory.support.DefaultSingletonBeanRegistry.getSingleton(DefaultSingletonBeanRegistry.java:371)
	at org.springframework.beans.factory.support.AbstractBeanFactory.doGetBean(AbstractBeanFactory.java:331)
	at org.springframework.beans.factory.support.AbstractBeanFactory.getBean(AbstractBeanFactory.java:201)
	at org.springframework.context.support.AbstractApplicationContext.finishBeanFactoryInitialization(AbstractApplicationContext.java:977)
	at org.springframework.context.support.AbstractApplicationContext.refresh(AbstractApplicationContext.java:621)
	at org.springframework.boot.web.server.servlet.context.ServletWebServerApplicationContext.refresh(ServletWebServerApplicationContext.java:143)
	at org.springframework.boot.SpringApplication.refresh(SpringApplication.java:756)
	at org.springframework.boot.SpringApplication.refreshContext(SpringApplication.java:445)
	at org.springframework.boot.SpringApplication.run(SpringApplication.java:321)
	at org.springframework.boot.SpringApplication.run(SpringApplication.java:1365)
	at org.springframework.boot.SpringApplication.run(SpringApplication.java:1354)
	at com.example.CineLogApplication.main(CineLogApplication.java:14)
	at java.base/jdk.internal.reflect.DirectMethodHandleAccessor.invoke(DirectMethodHandleAccessor.java:103)
	at java.base/java.lang.reflect.Method.invoke(Method.java:580)
	at org.springframework.boot.devtools.restart.RestartLauncher.run(RestartLauncher.java:52)
Caused by: java.sql.SQLSyntaxErrorException: ORA-02289: 시퀀스가 존재하지 않습니다.

https://docs.oracle.com/error-help/db/ora-02289/
	at oracle.jdbc.driver.T4CTTIoer11.processError(T4CTTIoer11.java:715)
	at oracle.jdbc.driver.T4CTTIoer11.processError(T4CTTIoer11.java:615)
	at oracle.jdbc.driver.T4C8Oall.processError(T4C8Oall.java:1372)
	at oracle.jdbc.driver.T4CTTIfun.receive(T4CTTIfun.java:972)
	at oracle.jdbc.driver.T4CTTIfun.doRPC(T4CTTIfun.java:237)
	at oracle.jdbc.driver.T4C8Oall.doOALL(T4C8Oall.java:524)
	at oracle.jdbc.driver.T4CStatement.doOall8(T4CStatement.java:197)
	at oracle.jdbc.driver.T4CStatement.executeForRows(T4CStatement.java:1408)
	at oracle.jdbc.driver.OracleStatement.executeSQLStatement(OracleStatement.java:2020)
	at oracle.jdbc.driver.OracleStatement.doExecuteWithTimeout(OracleStatement.java:1633)
	at oracle.jdbc.driver.OracleStatement.executeInternal(OracleStatement.java:2698)
	at oracle.jdbc.driver.OracleStatement.execute(OracleStatement.java:2647)
	at oracle.jdbc.driver.OracleStatementWrapper.execute(OracleStatementWrapper.java:349)
	at com.zaxxer.hikari.pool.ProxyStatement.execute(ProxyStatement.java:95)
	at com.zaxxer.hikari.pool.HikariProxyStatement.execute(HikariProxyStatement.java)
	at org.hibernate.tool.schema.internal.exec.GenerationTargetToDatabase.accept(GenerationTargetToDatabase.java:76)
	... 43 common frames omitted
Caused by: Error : 2289, Position : 14, SQL = drop sequence review_seq, Original SQL = drop sequence review_seq, Error Message = ORA-02289: 시퀀스가 존재하지 않습니다.

	at oracle.jdbc.driver.T4CTTIoer11.processError(T4CTTIoer11.java:723)
	... 58 common frames omitted
2026-04-01 15:30:28 [restartedMain] INFO  o.s.o.j.LocalContainerEntityManagerFactoryBean - Initialized JPA EntityManagerFactory for persistence unit 'default'
2026-04-01 15:30:28 [restartedMain] INFO  o.s.d.j.r.q.QueryEnhancerFactories - Hibernate is in classpath; If applicable, HQL parser will be used.
2026-04-01 15:30:29 [restartedMain] WARN  o.s.b.j.a.JpaBaseConfiguration$JpaWebConfiguration - spring.jpa.open-in-view is enabled by default. Therefore, database queries may be performed during view rendering. Explicitly configure spring.jpa.open-in-view to disable this warning
2026-04-01 15:30:29 [restartedMain] INFO  o.s.s.c.a.a.c.InitializeUserDetailsBeanManagerConfigurer$InitializeUserDetailsManagerConfigurer - Global AuthenticationManager configured with UserDetailsService bean with name memberDetailsService
2026-04-01 15:30:30 [restartedMain] INFO  o.s.b.w.a.WelcomePageHandlerMapping - Adding welcome page template: index
2026-04-01 15:30:30 [restartedMain] INFO  o.a.coyote.http11.Http11NioProtocol - Starting ProtocolHandler ["http-nio-8092"]
2026-04-01 15:30:30 [restartedMain] INFO  o.s.boot.tomcat.TomcatWebServer - Tomcat started on port 8092 (http) with context path '/'
2026-04-01 15:30:30 [restartedMain] INFO  com.example.CineLogApplication - Started CineLogApplication in 4.54 seconds (process running for 5.063)
2026-04-01 15:33:09 [File Watcher] INFO  o.s.b.d.a.LocalDevToolsAutoConfiguration$RestartingClassPathChangeChangedEventListener - Restarting due to 1 class path change (0 additions, 0 deletions, 1 modification)
2026-04-01 15:33:09 [Thread-1] INFO  o.s.boot.tomcat.GracefulShutdown - Commencing graceful shutdown. Waiting for active requests to complete
2026-04-01 15:33:09 [tomcat-shutdown] INFO  o.a.coyote.http11.Http11NioProtocol - Pausing ProtocolHandler ["http-nio-8092"]
2026-04-01 15:33:09 [tomcat-shutdown] INFO  o.s.boot.tomcat.GracefulShutdown - Graceful shutdown complete
2026-04-01 15:33:09 [Thread-1] INFO  o.a.coyote.http11.Http11NioProtocol - Stopping ProtocolHandler ["http-nio-8092"]
2026-04-01 15:33:09 [Thread-1] INFO  o.s.o.j.LocalContainerEntityManagerFactoryBean - Closing JPA EntityManagerFactory for persistence unit 'default'
2026-04-01 15:33:09 [Thread-1] INFO  com.zaxxer.hikari.HikariDataSource - HikariPool-1 - Shutdown initiated...
2026-04-01 15:33:09 [Thread-1] INFO  com.zaxxer.hikari.HikariDataSource - HikariPool-1 - Shutdown completed.
2026-04-01 15:33:09 [restartedMain] INFO  com.example.CineLogApplication - Starting CineLogApplication using Java 21.0.10 with PID 11324 (C:\Dev\WS_sts\cinelog\bin\main started by GGG in C:\Dev\WS_sts\cinelog)
2026-04-01 15:33:09 [restartedMain] INFO  com.example.CineLogApplication - No active profile set, falling back to 1 default profile: "default"
2026-04-01 15:33:09 [restartedMain] INFO  o.s.d.r.c.RepositoryConfigurationDelegate - Bootstrapping Spring Data JPA repositories in DEFAULT mode.
2026-04-01 15:33:09 [restartedMain] INFO  o.s.d.r.c.RepositoryConfigurationDelegate - Finished Spring Data repository scanning in 8 ms. Found 3 JPA repository interfaces.
2026-04-01 15:33:09 [restartedMain] INFO  o.s.boot.tomcat.TomcatWebServer - Tomcat initialized with port 8092 (http)
2026-04-01 15:33:09 [restartedMain] INFO  o.a.coyote.http11.Http11NioProtocol - Initializing ProtocolHandler ["http-nio-8092"]
2026-04-01 15:33:09 [restartedMain] INFO  o.a.catalina.core.StandardService - Starting service [Tomcat]
2026-04-01 15:33:09 [restartedMain] INFO  o.a.catalina.core.StandardEngine - Starting Servlet engine: [Apache Tomcat/11.0.20]
2026-04-01 15:33:09 [restartedMain] INFO  o.s.b.w.c.s.WebApplicationContextInitializer - Root WebApplicationContext: initialization completed in 208 ms
2026-04-01 15:33:09 [restartedMain] INFO  org.hibernate.orm.jpa - HHH008540: Processing PersistenceUnitInfo [name: default]
2026-04-01 15:33:09 [restartedMain] INFO  o.s.o.j.p.SpringPersistenceUnitInfo - No LoadTimeWeaver setup: ignoring JPA class transformer
2026-04-01 15:33:09 [restartedMain] INFO  com.zaxxer.hikari.HikariDataSource - HikariPool-2 - Starting...
2026-04-01 15:33:10 [restartedMain] INFO  com.zaxxer.hikari.pool.HikariPool - HikariPool-2 - Added connection oracle.jdbc.driver.T4CConnection@1379a58d
2026-04-01 15:33:10 [restartedMain] INFO  com.zaxxer.hikari.HikariDataSource - HikariPool-2 - Start completed.
2026-04-01 15:33:10 [restartedMain] WARN  org.hibernate.orm.jdbc - HHH100123: Low default JDBC fetch size: 10 (consider setting 'hibernate.jdbc.fetch_size')
2026-04-01 15:33:10 [restartedMain] INFO  o.hibernate.orm.connections.pooling - HHH10001005: Database info:
	Database JDBC URL [jdbc:oracle:thin:@//localhost:1521/testdb]
	Database driver: Oracle JDBC driver
	Database dialect: OracleDialect
	Database version: 19.3
	Default catalog/schema: undefined/GREEN
	Autocommit mode: undefined/unknown
	Isolation level: READ_COMMITTED [default READ_COMMITTED]
	JDBC fetch size: 10
	Pool: DataSourceConnectionProvider
	Minimum pool size: undefined/unknown
	Maximum pool size: undefined/unknown
2026-04-01 15:33:10 [restartedMain] INFO  org.hibernate.orm.core - HHH000489: No JTA platform available (set 'hibernate.transaction.jta.platform' to enable JTA platform integration)
2026-04-01 15:33:10 [restartedMain] WARN  o.h.t.s.i.ExceptionHandlerLoggedImpl - GenerationTarget encountered exception accepting command : Error executing DDL "drop table tbl_movie_members cascade constraints" via JDBC [ORA-00942: 테이블 또는 뷰가 존재하지 않습니다

https://docs.oracle.com/error-help/db/ora-00942/]
org.hibernate.tool.schema.spi.CommandAcceptanceException: Error executing DDL "drop table tbl_movie_members cascade constraints" via JDBC [ORA-00942: 테이블 또는 뷰가 존재하지 않습니다

https://docs.oracle.com/error-help/db/ora-00942/]
	at org.hibernate.tool.schema.internal.exec.GenerationTargetToDatabase.accept(GenerationTargetToDatabase.java:81)
	at org.hibernate.tool.schema.internal.Helper.applySqlString(Helper.java:218)
	at org.hibernate.tool.schema.internal.Helper.applySqlStrings(Helper.java:204)
	at org.hibernate.tool.schema.internal.SchemaDropperImpl.dropTables(SchemaDropperImpl.java:376)
	at org.hibernate.tool.schema.internal.SchemaDropperImpl.dropConstraintsTablesSequences(SchemaDropperImpl.java:248)
	at org.hibernate.tool.schema.internal.SchemaDropperImpl.dropFromMetadata(SchemaDropperImpl.java:210)
	at org.hibernate.tool.schema.internal.SchemaDropperImpl.performDrop(SchemaDropperImpl.java:182)
	at org.hibernate.tool.schema.internal.SchemaDropperImpl.doDrop(SchemaDropperImpl.java:152)
	at org.hibernate.tool.schema.internal.SchemaDropperImpl.doDrop(SchemaDropperImpl.java:112)
	at org.hibernate.tool.schema.spi.SchemaManagementToolCoordinator.performDatabaseAction(SchemaManagementToolCoordinator.java:227)
	at org.hibernate.tool.schema.spi.SchemaManagementToolCoordinator.lambda$process$1(SchemaManagementToolCoordinator.java:101)
	at java.base/java.util.HashMap.forEach(HashMap.java:1429)
	at org.hibernate.tool.schema.spi.SchemaManagementToolCoordinator.process(SchemaManagementToolCoordinator.java:100)
	at org.hibernate.boot.internal.SessionFactoryObserverForSchemaExport.sessionFactoryCreated(SessionFactoryObserverForSchemaExport.java:35)
	at org.hibernate.internal.SessionFactoryObserverChain.sessionFactoryCreated(SessionFactoryObserverChain.java:33)
	at org.hibernate.internal.SessionFactoryImpl.<init>(SessionFactoryImpl.java:323)
	at org.hibernate.internal.SessionFactoryRegistry.instantiateSessionFactory(SessionFactoryRegistry.java:64)
	at org.hibernate.boot.internal.SessionFactoryBuilderImpl.build(SessionFactoryBuilderImpl.java:437)
	at org.hibernate.jpa.boot.internal.EntityManagerFactoryBuilderImpl.build(EntityManagerFactoryBuilderImpl.java:1456)
	at org.springframework.orm.jpa.vendor.SpringHibernateJpaPersistenceProvider.createContainerEntityManagerFactory(SpringHibernateJpaPersistenceProvider.java:93)
	at org.springframework.orm.jpa.LocalContainerEntityManagerFactoryBean.createNativeEntityManagerFactory(LocalContainerEntityManagerFactoryBean.java:443)
	at org.springframework.orm.jpa.AbstractEntityManagerFactoryBean.buildNativeEntityManagerFactory(AbstractEntityManagerFactoryBean.java:436)
	at org.springframework.orm.jpa.AbstractEntityManagerFactoryBean.afterPropertiesSet(AbstractEntityManagerFactoryBean.java:411)
	at org.springframework.orm.jpa.LocalContainerEntityManagerFactoryBean.afterPropertiesSet(LocalContainerEntityManagerFactoryBean.java:419)
	at org.springframework.beans.factory.support.AbstractAutowireCapableBeanFactory.invokeInitMethods(AbstractAutowireCapableBeanFactory.java:1864)
	at org.springframework.beans.factory.support.AbstractAutowireCapableBeanFactory.initializeBean(AbstractAutowireCapableBeanFactory.java:1813)
	at org.springframework.beans.factory.support.AbstractAutowireCapableBeanFactory.doCreateBean(AbstractAutowireCapableBeanFactory.java:603)
	at org.springframework.beans.factory.support.AbstractAutowireCapableBeanFactory.createBean(AbstractAutowireCapableBeanFactory.java:525)
	at org.springframework.beans.factory.support.AbstractBeanFactory.lambda$doGetBean$0(AbstractBeanFactory.java:333)
	at org.springframework.beans.factory.support.DefaultSingletonBeanRegistry.getSingleton(DefaultSingletonBeanRegistry.java:371)
	at org.springframework.beans.factory.support.AbstractBeanFactory.doGetBean(AbstractBeanFactory.java:331)
	at org.springframework.beans.factory.support.AbstractBeanFactory.getBean(AbstractBeanFactory.java:201)
	at org.springframework.context.support.AbstractApplicationContext.finishBeanFactoryInitialization(AbstractApplicationContext.java:977)
	at org.springframework.context.support.AbstractApplicationContext.refresh(AbstractApplicationContext.java:621)
	at org.springframework.boot.web.server.servlet.context.ServletWebServerApplicationContext.refresh(ServletWebServerApplicationContext.java:143)
	at org.springframework.boot.SpringApplication.refresh(SpringApplication.java:756)
	at org.springframework.boot.SpringApplication.refreshContext(SpringApplication.java:445)
	at org.springframework.boot.SpringApplication.run(SpringApplication.java:321)
	at org.springframework.boot.SpringApplication.run(SpringApplication.java:1365)
	at org.springframework.boot.SpringApplication.run(SpringApplication.java:1354)
	at com.example.CineLogApplication.main(CineLogApplication.java:14)
	at java.base/jdk.internal.reflect.DirectMethodHandleAccessor.invoke(DirectMethodHandleAccessor.java:103)
	at java.base/java.lang.reflect.Method.invoke(Method.java:580)
	at org.springframework.boot.devtools.restart.RestartLauncher.run(RestartLauncher.java:52)
Caused by: java.sql.SQLSyntaxErrorException: ORA-00942: 테이블 또는 뷰가 존재하지 않습니다

https://docs.oracle.com/error-help/db/ora-00942/
	at oracle.jdbc.driver.T4CTTIoer11.processError(T4CTTIoer11.java:715)
	at oracle.jdbc.driver.T4CTTIoer11.processError(T4CTTIoer11.java:615)
	at oracle.jdbc.driver.T4C8Oall.processError(T4C8Oall.java:1372)
	at oracle.jdbc.driver.T4CTTIfun.receive(T4CTTIfun.java:972)
	at oracle.jdbc.driver.T4CTTIfun.doRPC(T4CTTIfun.java:237)
	at oracle.jdbc.driver.T4C8Oall.doOALL(T4C8Oall.java:524)
	at oracle.jdbc.driver.T4CStatement.doOall8(T4CStatement.java:197)
	at oracle.jdbc.driver.T4CStatement.executeForRows(T4CStatement.java:1408)
	at oracle.jdbc.driver.OracleStatement.executeSQLStatement(OracleStatement.java:2020)
	at oracle.jdbc.driver.OracleStatement.doExecuteWithTimeout(OracleStatement.java:1633)
	at oracle.jdbc.driver.OracleStatement.executeInternal(OracleStatement.java:2698)
	at oracle.jdbc.driver.OracleStatement.execute(OracleStatement.java:2647)
	at oracle.jdbc.driver.OracleStatementWrapper.execute(OracleStatementWrapper.java:349)
	at com.zaxxer.hikari.pool.ProxyStatement.execute(ProxyStatement.java:95)
	at com.zaxxer.hikari.pool.HikariProxyStatement.execute(HikariProxyStatement.java)
	at org.hibernate.tool.schema.internal.exec.GenerationTargetToDatabase.accept(GenerationTargetToDatabase.java:76)
	... 43 common frames omitted
Caused by: Error : 942, Position : 11, SQL = drop table tbl_movie_members cascade constraints, Original SQL = drop table tbl_movie_members cascade constraints, Error Message = ORA-00942: 테이블 또는 뷰가 존재하지 않습니다

	at oracle.jdbc.driver.T4CTTIoer11.processError(T4CTTIoer11.java:723)
	... 58 common frames omitted
2026-04-01 15:33:10 [restartedMain] WARN  o.h.t.s.i.ExceptionHandlerLoggedImpl - GenerationTarget encountered exception accepting command : Error executing DDL "drop table tbl_movies cascade constraints" via JDBC [ORA-00942: 테이블 또는 뷰가 존재하지 않습니다

https://docs.oracle.com/error-help/db/ora-00942/]
org.hibernate.tool.schema.spi.CommandAcceptanceException: Error executing DDL "drop table tbl_movies cascade constraints" via JDBC [ORA-00942: 테이블 또는 뷰가 존재하지 않습니다

https://docs.oracle.com/error-help/db/ora-00942/]
	at org.hibernate.tool.schema.internal.exec.GenerationTargetToDatabase.accept(GenerationTargetToDatabase.java:81)
	at org.hibernate.tool.schema.internal.Helper.applySqlString(Helper.java:218)
	at org.hibernate.tool.schema.internal.Helper.applySqlStrings(Helper.java:204)
	at org.hibernate.tool.schema.internal.SchemaDropperImpl.dropTables(SchemaDropperImpl.java:376)
	at org.hibernate.tool.schema.internal.SchemaDropperImpl.dropConstraintsTablesSequences(SchemaDropperImpl.java:248)
	at org.hibernate.tool.schema.internal.SchemaDropperImpl.dropFromMetadata(SchemaDropperImpl.java:210)
	at org.hibernate.tool.schema.internal.SchemaDropperImpl.performDrop(SchemaDropperImpl.java:182)
	at org.hibernate.tool.schema.internal.SchemaDropperImpl.doDrop(SchemaDropperImpl.java:152)
	at org.hibernate.tool.schema.internal.SchemaDropperImpl.doDrop(SchemaDropperImpl.java:112)
	at org.hibernate.tool.schema.spi.SchemaManagementToolCoordinator.performDatabaseAction(SchemaManagementToolCoordinator.java:227)
	at org.hibernate.tool.schema.spi.SchemaManagementToolCoordinator.lambda$process$1(SchemaManagementToolCoordinator.java:101)
	at java.base/java.util.HashMap.forEach(HashMap.java:1429)
	at org.hibernate.tool.schema.spi.SchemaManagementToolCoordinator.process(SchemaManagementToolCoordinator.java:100)
	at org.hibernate.boot.internal.SessionFactoryObserverForSchemaExport.sessionFactoryCreated(SessionFactoryObserverForSchemaExport.java:35)
	at org.hibernate.internal.SessionFactoryObserverChain.sessionFactoryCreated(SessionFactoryObserverChain.java:33)
	at org.hibernate.internal.SessionFactoryImpl.<init>(SessionFactoryImpl.java:323)
	at org.hibernate.internal.SessionFactoryRegistry.instantiateSessionFactory(SessionFactoryRegistry.java:64)
	at org.hibernate.boot.internal.SessionFactoryBuilderImpl.build(SessionFactoryBuilderImpl.java:437)
	at org.hibernate.jpa.boot.internal.EntityManagerFactoryBuilderImpl.build(EntityManagerFactoryBuilderImpl.java:1456)
	at org.springframework.orm.jpa.vendor.SpringHibernateJpaPersistenceProvider.createContainerEntityManagerFactory(SpringHibernateJpaPersistenceProvider.java:93)
	at org.springframework.orm.jpa.LocalContainerEntityManagerFactoryBean.createNativeEntityManagerFactory(LocalContainerEntityManagerFactoryBean.java:443)
	at org.springframework.orm.jpa.AbstractEntityManagerFactoryBean.buildNativeEntityManagerFactory(AbstractEntityManagerFactoryBean.java:436)
	at org.springframework.orm.jpa.AbstractEntityManagerFactoryBean.afterPropertiesSet(AbstractEntityManagerFactoryBean.java:411)
	at org.springframework.orm.jpa.LocalContainerEntityManagerFactoryBean.afterPropertiesSet(LocalContainerEntityManagerFactoryBean.java:419)
	at org.springframework.beans.factory.support.AbstractAutowireCapableBeanFactory.invokeInitMethods(AbstractAutowireCapableBeanFactory.java:1864)
	at org.springframework.beans.factory.support.AbstractAutowireCapableBeanFactory.initializeBean(AbstractAutowireCapableBeanFactory.java:1813)
	at org.springframework.beans.factory.support.AbstractAutowireCapableBeanFactory.doCreateBean(AbstractAutowireCapableBeanFactory.java:603)
	at org.springframework.beans.factory.support.AbstractAutowireCapableBeanFactory.createBean(AbstractAutowireCapableBeanFactory.java:525)
	at org.springframework.beans.factory.support.AbstractBeanFactory.lambda$doGetBean$0(AbstractBeanFactory.java:333)
	at org.springframework.beans.factory.support.DefaultSingletonBeanRegistry.getSingleton(DefaultSingletonBeanRegistry.java:371)
	at org.springframework.beans.factory.support.AbstractBeanFactory.doGetBean(AbstractBeanFactory.java:331)
	at org.springframework.beans.factory.support.AbstractBeanFactory.getBean(AbstractBeanFactory.java:201)
	at org.springframework.context.support.AbstractApplicationContext.finishBeanFactoryInitialization(AbstractApplicationContext.java:977)
	at org.springframework.context.support.AbstractApplicationContext.refresh(AbstractApplicationContext.java:621)
	at org.springframework.boot.web.server.servlet.context.ServletWebServerApplicationContext.refresh(ServletWebServerApplicationContext.java:143)
	at org.springframework.boot.SpringApplication.refresh(SpringApplication.java:756)
	at org.springframework.boot.SpringApplication.refreshContext(SpringApplication.java:445)
	at org.springframework.boot.SpringApplication.run(SpringApplication.java:321)
	at org.springframework.boot.SpringApplication.run(SpringApplication.java:1365)
	at org.springframework.boot.SpringApplication.run(SpringApplication.java:1354)
	at com.example.CineLogApplication.main(CineLogApplication.java:14)
	at java.base/jdk.internal.reflect.DirectMethodHandleAccessor.invoke(DirectMethodHandleAccessor.java:103)
	at java.base/java.lang.reflect.Method.invoke(Method.java:580)
	at org.springframework.boot.devtools.restart.RestartLauncher.run(RestartLauncher.java:52)
Caused by: java.sql.SQLSyntaxErrorException: ORA-00942: 테이블 또는 뷰가 존재하지 않습니다

https://docs.oracle.com/error-help/db/ora-00942/
	at oracle.jdbc.driver.T4CTTIoer11.processError(T4CTTIoer11.java:715)
	at oracle.jdbc.driver.T4CTTIoer11.processError(T4CTTIoer11.java:615)
	at oracle.jdbc.driver.T4C8Oall.processError(T4C8Oall.java:1372)
	at oracle.jdbc.driver.T4CTTIfun.receive(T4CTTIfun.java:972)
	at oracle.jdbc.driver.T4CTTIfun.doRPC(T4CTTIfun.java:237)
	at oracle.jdbc.driver.T4C8Oall.doOALL(T4C8Oall.java:524)
	at oracle.jdbc.driver.T4CStatement.doOall8(T4CStatement.java:197)
	at oracle.jdbc.driver.T4CStatement.executeForRows(T4CStatement.java:1408)
	at oracle.jdbc.driver.OracleStatement.executeSQLStatement(OracleStatement.java:2020)
	at oracle.jdbc.driver.OracleStatement.doExecuteWithTimeout(OracleStatement.java:1633)
	at oracle.jdbc.driver.OracleStatement.executeInternal(OracleStatement.java:2698)
	at oracle.jdbc.driver.OracleStatement.execute(OracleStatement.java:2647)
	at oracle.jdbc.driver.OracleStatementWrapper.execute(OracleStatementWrapper.java:349)
	at com.zaxxer.hikari.pool.ProxyStatement.execute(ProxyStatement.java:95)
	at com.zaxxer.hikari.pool.HikariProxyStatement.execute(HikariProxyStatement.java)
	at org.hibernate.tool.schema.internal.exec.GenerationTargetToDatabase.accept(GenerationTargetToDatabase.java:76)
	... 43 common frames omitted
Caused by: Error : 942, Position : 11, SQL = drop table tbl_movies cascade constraints, Original SQL = drop table tbl_movies cascade constraints, Error Message = ORA-00942: 테이블 또는 뷰가 존재하지 않습니다

	at oracle.jdbc.driver.T4CTTIoer11.processError(T4CTTIoer11.java:723)
	... 58 common frames omitted
2026-04-01 15:33:10 [restartedMain] WARN  o.h.t.s.i.ExceptionHandlerLoggedImpl - GenerationTarget encountered exception accepting command : Error executing DDL "drop table tbl_reviews cascade constraints" via JDBC [ORA-00942: 테이블 또는 뷰가 존재하지 않습니다

https://docs.oracle.com/error-help/db/ora-00942/]
org.hibernate.tool.schema.spi.CommandAcceptanceException: Error executing DDL "drop table tbl_reviews cascade constraints" via JDBC [ORA-00942: 테이블 또는 뷰가 존재하지 않습니다

https://docs.oracle.com/error-help/db/ora-00942/]
	at org.hibernate.tool.schema.internal.exec.GenerationTargetToDatabase.accept(GenerationTargetToDatabase.java:81)
	at org.hibernate.tool.schema.internal.Helper.applySqlString(Helper.java:218)
	at org.hibernate.tool.schema.internal.Helper.applySqlStrings(Helper.java:204)
	at org.hibernate.tool.schema.internal.SchemaDropperImpl.dropTables(SchemaDropperImpl.java:376)
	at org.hibernate.tool.schema.internal.SchemaDropperImpl.dropConstraintsTablesSequences(SchemaDropperImpl.java:248)
	at org.hibernate.tool.schema.internal.SchemaDropperImpl.dropFromMetadata(SchemaDropperImpl.java:210)
	at org.hibernate.tool.schema.internal.SchemaDropperImpl.performDrop(SchemaDropperImpl.java:182)
	at org.hibernate.tool.schema.internal.SchemaDropperImpl.doDrop(SchemaDropperImpl.java:152)
	at org.hibernate.tool.schema.internal.SchemaDropperImpl.doDrop(SchemaDropperImpl.java:112)
	at org.hibernate.tool.schema.spi.SchemaManagementToolCoordinator.performDatabaseAction(SchemaManagementToolCoordinator.java:227)
	at org.hibernate.tool.schema.spi.SchemaManagementToolCoordinator.lambda$process$1(SchemaManagementToolCoordinator.java:101)
	at java.base/java.util.HashMap.forEach(HashMap.java:1429)
	at org.hibernate.tool.schema.spi.SchemaManagementToolCoordinator.process(SchemaManagementToolCoordinator.java:100)
	at org.hibernate.boot.internal.SessionFactoryObserverForSchemaExport.sessionFactoryCreated(SessionFactoryObserverForSchemaExport.java:35)
	at org.hibernate.internal.SessionFactoryObserverChain.sessionFactoryCreated(SessionFactoryObserverChain.java:33)
	at org.hibernate.internal.SessionFactoryImpl.<init>(SessionFactoryImpl.java:323)
	at org.hibernate.internal.SessionFactoryRegistry.instantiateSessionFactory(SessionFactoryRegistry.java:64)
	at org.hibernate.boot.internal.SessionFactoryBuilderImpl.build(SessionFactoryBuilderImpl.java:437)
	at org.hibernate.jpa.boot.internal.EntityManagerFactoryBuilderImpl.build(EntityManagerFactoryBuilderImpl.java:1456)
	at org.springframework.orm.jpa.vendor.SpringHibernateJpaPersistenceProvider.createContainerEntityManagerFactory(SpringHibernateJpaPersistenceProvider.java:93)
	at org.springframework.orm.jpa.LocalContainerEntityManagerFactoryBean.createNativeEntityManagerFactory(LocalContainerEntityManagerFactoryBean.java:443)
	at org.springframework.orm.jpa.AbstractEntityManagerFactoryBean.buildNativeEntityManagerFactory(AbstractEntityManagerFactoryBean.java:436)
	at org.springframework.orm.jpa.AbstractEntityManagerFactoryBean.afterPropertiesSet(AbstractEntityManagerFactoryBean.java:411)
	at org.springframework.orm.jpa.LocalContainerEntityManagerFactoryBean.afterPropertiesSet(LocalContainerEntityManagerFactoryBean.java:419)
	at org.springframework.beans.factory.support.AbstractAutowireCapableBeanFactory.invokeInitMethods(AbstractAutowireCapableBeanFactory.java:1864)
	at org.springframework.beans.factory.support.AbstractAutowireCapableBeanFactory.initializeBean(AbstractAutowireCapableBeanFactory.java:1813)
	at org.springframework.beans.factory.support.AbstractAutowireCapableBeanFactory.doCreateBean(AbstractAutowireCapableBeanFactory.java:603)
	at org.springframework.beans.factory.support.AbstractAutowireCapableBeanFactory.createBean(AbstractAutowireCapableBeanFactory.java:525)
	at org.springframework.beans.factory.support.AbstractBeanFactory.lambda$doGetBean$0(AbstractBeanFactory.java:333)
	at org.springframework.beans.factory.support.DefaultSingletonBeanRegistry.getSingleton(DefaultSingletonBeanRegistry.java:371)
	at org.springframework.beans.factory.support.AbstractBeanFactory.doGetBean(AbstractBeanFactory.java:331)
	at org.springframework.beans.factory.support.AbstractBeanFactory.getBean(AbstractBeanFactory.java:201)
	at org.springframework.context.support.AbstractApplicationContext.finishBeanFactoryInitialization(AbstractApplicationContext.java:977)
	at org.springframework.context.support.AbstractApplicationContext.refresh(AbstractApplicationContext.java:621)
	at org.springframework.boot.web.server.servlet.context.ServletWebServerApplicationContext.refresh(ServletWebServerApplicationContext.java:143)
	at org.springframework.boot.SpringApplication.refresh(SpringApplication.java:756)
	at org.springframework.boot.SpringApplication.refreshContext(SpringApplication.java:445)
	at org.springframework.boot.SpringApplication.run(SpringApplication.java:321)
	at org.springframework.boot.SpringApplication.run(SpringApplication.java:1365)
	at org.springframework.boot.SpringApplication.run(SpringApplication.java:1354)
	at com.example.CineLogApplication.main(CineLogApplication.java:14)
	at java.base/jdk.internal.reflect.DirectMethodHandleAccessor.invoke(DirectMethodHandleAccessor.java:103)
	at java.base/java.lang.reflect.Method.invoke(Method.java:580)
	at org.springframework.boot.devtools.restart.RestartLauncher.run(RestartLauncher.java:52)
Caused by: java.sql.SQLSyntaxErrorException: ORA-00942: 테이블 또는 뷰가 존재하지 않습니다

https://docs.oracle.com/error-help/db/ora-00942/
	at oracle.jdbc.driver.T4CTTIoer11.processError(T4CTTIoer11.java:715)
	at oracle.jdbc.driver.T4CTTIoer11.processError(T4CTTIoer11.java:615)
	at oracle.jdbc.driver.T4C8Oall.processError(T4C8Oall.java:1372)
	at oracle.jdbc.driver.T4CTTIfun.receive(T4CTTIfun.java:972)
	at oracle.jdbc.driver.T4CTTIfun.doRPC(T4CTTIfun.java:237)
	at oracle.jdbc.driver.T4C8Oall.doOALL(T4C8Oall.java:524)
	at oracle.jdbc.driver.T4CStatement.doOall8(T4CStatement.java:197)
	at oracle.jdbc.driver.T4CStatement.executeForRows(T4CStatement.java:1408)
	at oracle.jdbc.driver.OracleStatement.executeSQLStatement(OracleStatement.java:2020)
	at oracle.jdbc.driver.OracleStatement.doExecuteWithTimeout(OracleStatement.java:1633)
	at oracle.jdbc.driver.OracleStatement.executeInternal(OracleStatement.java:2698)
	at oracle.jdbc.driver.OracleStatement.execute(OracleStatement.java:2647)
	at oracle.jdbc.driver.OracleStatementWrapper.execute(OracleStatementWrapper.java:349)
	at com.zaxxer.hikari.pool.ProxyStatement.execute(ProxyStatement.java:95)
	at com.zaxxer.hikari.pool.HikariProxyStatement.execute(HikariProxyStatement.java)
	at org.hibernate.tool.schema.internal.exec.GenerationTargetToDatabase.accept(GenerationTargetToDatabase.java:76)
	... 43 common frames omitted
Caused by: Error : 942, Position : 11, SQL = drop table tbl_reviews cascade constraints, Original SQL = drop table tbl_reviews cascade constraints, Error Message = ORA-00942: 테이블 또는 뷰가 존재하지 않습니다

	at oracle.jdbc.driver.T4CTTIoer11.processError(T4CTTIoer11.java:723)
	... 58 common frames omitted
2026-04-01 15:33:10 [restartedMain] WARN  o.h.t.s.i.ExceptionHandlerLoggedImpl - GenerationTarget encountered exception accepting command : Error executing DDL "drop sequence movie_seq" via JDBC [ORA-02289: 시퀀스가 존재하지 않습니다.

https://docs.oracle.com/error-help/db/ora-02289/]
org.hibernate.tool.schema.spi.CommandAcceptanceException: Error executing DDL "drop sequence movie_seq" via JDBC [ORA-02289: 시퀀스가 존재하지 않습니다.

https://docs.oracle.com/error-help/db/ora-02289/]
	at org.hibernate.tool.schema.internal.exec.GenerationTargetToDatabase.accept(GenerationTargetToDatabase.java:81)
	at org.hibernate.tool.schema.internal.Helper.applySqlString(Helper.java:218)
	at org.hibernate.tool.schema.internal.Helper.applySqlStrings(Helper.java:204)
	at org.hibernate.tool.schema.internal.SchemaDropperImpl.dropSequences(SchemaDropperImpl.java:335)
	at org.hibernate.tool.schema.internal.SchemaDropperImpl.dropConstraintsTablesSequences(SchemaDropperImpl.java:261)
	at org.hibernate.tool.schema.internal.SchemaDropperImpl.dropFromMetadata(SchemaDropperImpl.java:210)
	at org.hibernate.tool.schema.internal.SchemaDropperImpl.performDrop(SchemaDropperImpl.java:182)
	at org.hibernate.tool.schema.internal.SchemaDropperImpl.doDrop(SchemaDropperImpl.java:152)
	at org.hibernate.tool.schema.internal.SchemaDropperImpl.doDrop(SchemaDropperImpl.java:112)
	at org.hibernate.tool.schema.spi.SchemaManagementToolCoordinator.performDatabaseAction(SchemaManagementToolCoordinator.java:227)
	at org.hibernate.tool.schema.spi.SchemaManagementToolCoordinator.lambda$process$1(SchemaManagementToolCoordinator.java:101)
	at java.base/java.util.HashMap.forEach(HashMap.java:1429)
	at org.hibernate.tool.schema.spi.SchemaManagementToolCoordinator.process(SchemaManagementToolCoordinator.java:100)
	at org.hibernate.boot.internal.SessionFactoryObserverForSchemaExport.sessionFactoryCreated(SessionFactoryObserverForSchemaExport.java:35)
	at org.hibernate.internal.SessionFactoryObserverChain.sessionFactoryCreated(SessionFactoryObserverChain.java:33)
	at org.hibernate.internal.SessionFactoryImpl.<init>(SessionFactoryImpl.java:323)
	at org.hibernate.internal.SessionFactoryRegistry.instantiateSessionFactory(SessionFactoryRegistry.java:64)
	at org.hibernate.boot.internal.SessionFactoryBuilderImpl.build(SessionFactoryBuilderImpl.java:437)
	at org.hibernate.jpa.boot.internal.EntityManagerFactoryBuilderImpl.build(EntityManagerFactoryBuilderImpl.java:1456)
	at org.springframework.orm.jpa.vendor.SpringHibernateJpaPersistenceProvider.createContainerEntityManagerFactory(SpringHibernateJpaPersistenceProvider.java:93)
	at org.springframework.orm.jpa.LocalContainerEntityManagerFactoryBean.createNativeEntityManagerFactory(LocalContainerEntityManagerFactoryBean.java:443)
	at org.springframework.orm.jpa.AbstractEntityManagerFactoryBean.buildNativeEntityManagerFactory(AbstractEntityManagerFactoryBean.java:436)
	at org.springframework.orm.jpa.AbstractEntityManagerFactoryBean.afterPropertiesSet(AbstractEntityManagerFactoryBean.java:411)
	at org.springframework.orm.jpa.LocalContainerEntityManagerFactoryBean.afterPropertiesSet(LocalContainerEntityManagerFactoryBean.java:419)
	at org.springframework.beans.factory.support.AbstractAutowireCapableBeanFactory.invokeInitMethods(AbstractAutowireCapableBeanFactory.java:1864)
	at org.springframework.beans.factory.support.AbstractAutowireCapableBeanFactory.initializeBean(AbstractAutowireCapableBeanFactory.java:1813)
	at org.springframework.beans.factory.support.AbstractAutowireCapableBeanFactory.doCreateBean(AbstractAutowireCapableBeanFactory.java:603)
	at org.springframework.beans.factory.support.AbstractAutowireCapableBeanFactory.createBean(AbstractAutowireCapableBeanFactory.java:525)
	at org.springframework.beans.factory.support.AbstractBeanFactory.lambda$doGetBean$0(AbstractBeanFactory.java:333)
	at org.springframework.beans.factory.support.DefaultSingletonBeanRegistry.getSingleton(DefaultSingletonBeanRegistry.java:371)
	at org.springframework.beans.factory.support.AbstractBeanFactory.doGetBean(AbstractBeanFactory.java:331)
	at org.springframework.beans.factory.support.AbstractBeanFactory.getBean(AbstractBeanFactory.java:201)
	at org.springframework.context.support.AbstractApplicationContext.finishBeanFactoryInitialization(AbstractApplicationContext.java:977)
	at org.springframework.context.support.AbstractApplicationContext.refresh(AbstractApplicationContext.java:621)
	at org.springframework.boot.web.server.servlet.context.ServletWebServerApplicationContext.refresh(ServletWebServerApplicationContext.java:143)
	at org.springframework.boot.SpringApplication.refresh(SpringApplication.java:756)
	at org.springframework.boot.SpringApplication.refreshContext(SpringApplication.java:445)
	at org.springframework.boot.SpringApplication.run(SpringApplication.java:321)
	at org.springframework.boot.SpringApplication.run(SpringApplication.java:1365)
	at org.springframework.boot.SpringApplication.run(SpringApplication.java:1354)
	at com.example.CineLogApplication.main(CineLogApplication.java:14)
	at java.base/jdk.internal.reflect.DirectMethodHandleAccessor.invoke(DirectMethodHandleAccessor.java:103)
	at java.base/java.lang.reflect.Method.invoke(Method.java:580)
	at org.springframework.boot.devtools.restart.RestartLauncher.run(RestartLauncher.java:52)
Caused by: java.sql.SQLSyntaxErrorException: ORA-02289: 시퀀스가 존재하지 않습니다.

https://docs.oracle.com/error-help/db/ora-02289/
	at oracle.jdbc.driver.T4CTTIoer11.processError(T4CTTIoer11.java:715)
	at oracle.jdbc.driver.T4CTTIoer11.processError(T4CTTIoer11.java:615)
	at oracle.jdbc.driver.T4C8Oall.processError(T4C8Oall.java:1372)
	at oracle.jdbc.driver.T4CTTIfun.receive(T4CTTIfun.java:972)
	at oracle.jdbc.driver.T4CTTIfun.doRPC(T4CTTIfun.java:237)
	at oracle.jdbc.driver.T4C8Oall.doOALL(T4C8Oall.java:524)
	at oracle.jdbc.driver.T4CStatement.doOall8(T4CStatement.java:197)
	at oracle.jdbc.driver.T4CStatement.executeForRows(T4CStatement.java:1408)
	at oracle.jdbc.driver.OracleStatement.executeSQLStatement(OracleStatement.java:2020)
	at oracle.jdbc.driver.OracleStatement.doExecuteWithTimeout(OracleStatement.java:1633)
	at oracle.jdbc.driver.OracleStatement.executeInternal(OracleStatement.java:2698)
	at oracle.jdbc.driver.OracleStatement.execute(OracleStatement.java:2647)
	at oracle.jdbc.driver.OracleStatementWrapper.execute(OracleStatementWrapper.java:349)
	at com.zaxxer.hikari.pool.ProxyStatement.execute(ProxyStatement.java:95)
	at com.zaxxer.hikari.pool.HikariProxyStatement.execute(HikariProxyStatement.java)
	at org.hibernate.tool.schema.internal.exec.GenerationTargetToDatabase.accept(GenerationTargetToDatabase.java:76)
	... 43 common frames omitted
Caused by: Error : 2289, Position : 14, SQL = drop sequence movie_seq, Original SQL = drop sequence movie_seq, Error Message = ORA-02289: 시퀀스가 존재하지 않습니다.

	at oracle.jdbc.driver.T4CTTIoer11.processError(T4CTTIoer11.java:723)
	... 58 common frames omitted
2026-04-01 15:33:10 [restartedMain] WARN  o.h.t.s.i.ExceptionHandlerLoggedImpl - GenerationTarget encountered exception accepting command : Error executing DDL "drop sequence review_seq" via JDBC [ORA-02289: 시퀀스가 존재하지 않습니다.

https://docs.oracle.com/error-help/db/ora-02289/]
org.hibernate.tool.schema.spi.CommandAcceptanceException: Error executing DDL "drop sequence review_seq" via JDBC [ORA-02289: 시퀀스가 존재하지 않습니다.

https://docs.oracle.com/error-help/db/ora-02289/]
	at org.hibernate.tool.schema.internal.exec.GenerationTargetToDatabase.accept(GenerationTargetToDatabase.java:81)
	at org.hibernate.tool.schema.internal.Helper.applySqlString(Helper.java:218)
	at org.hibernate.tool.schema.internal.Helper.applySqlStrings(Helper.java:204)
	at org.hibernate.tool.schema.internal.SchemaDropperImpl.dropSequences(SchemaDropperImpl.java:335)
	at org.hibernate.tool.schema.internal.SchemaDropperImpl.dropConstraintsTablesSequences(SchemaDropperImpl.java:261)
	at org.hibernate.tool.schema.internal.SchemaDropperImpl.dropFromMetadata(SchemaDropperImpl.java:210)
	at org.hibernate.tool.schema.internal.SchemaDropperImpl.performDrop(SchemaDropperImpl.java:182)
	at org.hibernate.tool.schema.internal.SchemaDropperImpl.doDrop(SchemaDropperImpl.java:152)
	at org.hibernate.tool.schema.internal.SchemaDropperImpl.doDrop(SchemaDropperImpl.java:112)
	at org.hibernate.tool.schema.spi.SchemaManagementToolCoordinator.performDatabaseAction(SchemaManagementToolCoordinator.java:227)
	at org.hibernate.tool.schema.spi.SchemaManagementToolCoordinator.lambda$process$1(SchemaManagementToolCoordinator.java:101)
	at java.base/java.util.HashMap.forEach(HashMap.java:1429)
	at org.hibernate.tool.schema.spi.SchemaManagementToolCoordinator.process(SchemaManagementToolCoordinator.java:100)
	at org.hibernate.boot.internal.SessionFactoryObserverForSchemaExport.sessionFactoryCreated(SessionFactoryObserverForSchemaExport.java:35)
	at org.hibernate.internal.SessionFactoryObserverChain.sessionFactoryCreated(SessionFactoryObserverChain.java:33)
	at org.hibernate.internal.SessionFactoryImpl.<init>(SessionFactoryImpl.java:323)
	at org.hibernate.internal.SessionFactoryRegistry.instantiateSessionFactory(SessionFactoryRegistry.java:64)
	at org.hibernate.boot.internal.SessionFactoryBuilderImpl.build(SessionFactoryBuilderImpl.java:437)
	at org.hibernate.jpa.boot.internal.EntityManagerFactoryBuilderImpl.build(EntityManagerFactoryBuilderImpl.java:1456)
	at org.springframework.orm.jpa.vendor.SpringHibernateJpaPersistenceProvider.createContainerEntityManagerFactory(SpringHibernateJpaPersistenceProvider.java:93)
	at org.springframework.orm.jpa.LocalContainerEntityManagerFactoryBean.createNativeEntityManagerFactory(LocalContainerEntityManagerFactoryBean.java:443)
	at org.springframework.orm.jpa.AbstractEntityManagerFactoryBean.buildNativeEntityManagerFactory(AbstractEntityManagerFactoryBean.java:436)
	at org.springframework.orm.jpa.AbstractEntityManagerFactoryBean.afterPropertiesSet(AbstractEntityManagerFactoryBean.java:411)
	at org.springframework.orm.jpa.LocalContainerEntityManagerFactoryBean.afterPropertiesSet(LocalContainerEntityManagerFactoryBean.java:419)
	at org.springframework.beans.factory.support.AbstractAutowireCapableBeanFactory.invokeInitMethods(AbstractAutowireCapableBeanFactory.java:1864)
	at org.springframework.beans.factory.support.AbstractAutowireCapableBeanFactory.initializeBean(AbstractAutowireCapableBeanFactory.java:1813)
	at org.springframework.beans.factory.support.AbstractAutowireCapableBeanFactory.doCreateBean(AbstractAutowireCapableBeanFactory.java:603)
	at org.springframework.beans.factory.support.AbstractAutowireCapableBeanFactory.createBean(AbstractAutowireCapableBeanFactory.java:525)
	at org.springframework.beans.factory.support.AbstractBeanFactory.lambda$doGetBean$0(AbstractBeanFactory.java:333)
	at org.springframework.beans.factory.support.DefaultSingletonBeanRegistry.getSingleton(DefaultSingletonBeanRegistry.java:371)
	at org.springframework.beans.factory.support.AbstractBeanFactory.doGetBean(AbstractBeanFactory.java:331)
	at org.springframework.beans.factory.support.AbstractBeanFactory.getBean(AbstractBeanFactory.java:201)
	at org.springframework.context.support.AbstractApplicationContext.finishBeanFactoryInitialization(AbstractApplicationContext.java:977)
	at org.springframework.context.support.AbstractApplicationContext.refresh(AbstractApplicationContext.java:621)
	at org.springframework.boot.web.server.servlet.context.ServletWebServerApplicationContext.refresh(ServletWebServerApplicationContext.java:143)
	at org.springframework.boot.SpringApplication.refresh(SpringApplication.java:756)
	at org.springframework.boot.SpringApplication.refreshContext(SpringApplication.java:445)
	at org.springframework.boot.SpringApplication.run(SpringApplication.java:321)
	at org.springframework.boot.SpringApplication.run(SpringApplication.java:1365)
	at org.springframework.boot.SpringApplication.run(SpringApplication.java:1354)
	at com.example.CineLogApplication.main(CineLogApplication.java:14)
	at java.base/jdk.internal.reflect.DirectMethodHandleAccessor.invoke(DirectMethodHandleAccessor.java:103)
	at java.base/java.lang.reflect.Method.invoke(Method.java:580)
	at org.springframework.boot.devtools.restart.RestartLauncher.run(RestartLauncher.java:52)
Caused by: java.sql.SQLSyntaxErrorException: ORA-02289: 시퀀스가 존재하지 않습니다.

https://docs.oracle.com/error-help/db/ora-02289/
	at oracle.jdbc.driver.T4CTTIoer11.processError(T4CTTIoer11.java:715)
	at oracle.jdbc.driver.T4CTTIoer11.processError(T4CTTIoer11.java:615)
	at oracle.jdbc.driver.T4C8Oall.processError(T4C8Oall.java:1372)
	at oracle.jdbc.driver.T4CTTIfun.receive(T4CTTIfun.java:972)
	at oracle.jdbc.driver.T4CTTIfun.doRPC(T4CTTIfun.java:237)
	at oracle.jdbc.driver.T4C8Oall.doOALL(T4C8Oall.java:524)
	at oracle.jdbc.driver.T4CStatement.doOall8(T4CStatement.java:197)
	at oracle.jdbc.driver.T4CStatement.executeForRows(T4CStatement.java:1408)
	at oracle.jdbc.driver.OracleStatement.executeSQLStatement(OracleStatement.java:2020)
	at oracle.jdbc.driver.OracleStatement.doExecuteWithTimeout(OracleStatement.java:1633)
	at oracle.jdbc.driver.OracleStatement.executeInternal(OracleStatement.java:2698)
	at oracle.jdbc.driver.OracleStatement.execute(OracleStatement.java:2647)
	at oracle.jdbc.driver.OracleStatementWrapper.execute(OracleStatementWrapper.java:349)
	at com.zaxxer.hikari.pool.ProxyStatement.execute(ProxyStatement.java:95)
	at com.zaxxer.hikari.pool.HikariProxyStatement.execute(HikariProxyStatement.java)
	at org.hibernate.tool.schema.internal.exec.GenerationTargetToDatabase.accept(GenerationTargetToDatabase.java:76)
	... 43 common frames omitted
Caused by: Error : 2289, Position : 14, SQL = drop sequence review_seq, Original SQL = drop sequence review_seq, Error Message = ORA-02289: 시퀀스가 존재하지 않습니다.

	at oracle.jdbc.driver.T4CTTIoer11.processError(T4CTTIoer11.java:723)
	... 58 common frames omitted
2026-04-01 15:33:10 [restartedMain] INFO  o.s.o.j.LocalContainerEntityManagerFactoryBean - Initialized JPA EntityManagerFactory for persistence unit 'default'
2026-04-01 15:33:10 [restartedMain] WARN  o.s.b.j.a.JpaBaseConfiguration$JpaWebConfiguration - spring.jpa.open-in-view is enabled by default. Therefore, database queries may be performed during view rendering. Explicitly configure spring.jpa.open-in-view to disable this warning
2026-04-01 15:33:10 [restartedMain] INFO  o.s.s.c.a.a.c.InitializeUserDetailsBeanManagerConfigurer$InitializeUserDetailsManagerConfigurer - Global AuthenticationManager configured with UserDetailsService bean with name memberDetailsService
2026-04-01 15:33:10 [restartedMain] INFO  o.s.b.w.a.WelcomePageHandlerMapping - Adding welcome page template: index
2026-04-01 15:33:10 [restartedMain] INFO  o.a.coyote.http11.Http11NioProtocol - Starting ProtocolHandler ["http-nio-8092"]
2026-04-01 15:33:10 [restartedMain] INFO  o.s.boot.tomcat.TomcatWebServer - Tomcat started on port 8092 (http) with context path '/'
2026-04-01 15:33:10 [restartedMain] INFO  com.example.CineLogApplication - Started CineLogApplication in 0.703 seconds (process running for 165.221)
2026-04-01 15:33:10 [restartedMain] INFO  o.s.b.d.a.ConditionEvaluationDeltaLoggingListener - Condition evaluation unchanged
2026-04-01 15:33:13 [RMI TCP Connection(13)-127.0.0.1] INFO  o.s.b.a.SpringApplicationAdminMXBeanRegistrar$SpringApplicationAdmin - Application shutdown requested.
2026-04-01 15:33:13 [RMI TCP Connection(13)-127.0.0.1] INFO  o.s.boot.tomcat.GracefulShutdown - Commencing graceful shutdown. Waiting for active requests to complete
2026-04-01 15:33:13 [tomcat-shutdown] INFO  o.a.coyote.http11.Http11NioProtocol - Pausing ProtocolHandler ["http-nio-8092"]
2026-04-01 15:33:13 [tomcat-shutdown] INFO  o.s.boot.tomcat.GracefulShutdown - Graceful shutdown complete
2026-04-01 15:33:13 [RMI TCP Connection(13)-127.0.0.1] INFO  o.a.coyote.http11.Http11NioProtocol - Stopping ProtocolHandler ["http-nio-8092"]
2026-04-01 15:33:13 [RMI TCP Connection(13)-127.0.0.1] INFO  o.s.o.j.LocalContainerEntityManagerFactoryBean - Closing JPA EntityManagerFactory for persistence unit 'default'
2026-04-01 15:33:13 [RMI TCP Connection(13)-127.0.0.1] INFO  com.zaxxer.hikari.HikariDataSource - HikariPool-2 - Shutdown initiated...
2026-04-01 15:33:13 [RMI TCP Connection(13)-127.0.0.1] INFO  com.zaxxer.hikari.HikariDataSource - HikariPool-2 - Shutdown completed.
2026-04-01 15:33:14 [background-preinit] INFO  o.h.validator.internal.util.Version - HV000001: Hibernate Validator 9.0.1.Final
2026-04-01 15:33:14 [restartedMain] INFO  com.example.CineLogApplication - Starting CineLogApplication using Java 21.0.10 with PID 10308 (C:\Dev\WS_sts\cinelog\bin\main started by GGG in C:\Dev\WS_sts\cinelog)
2026-04-01 15:33:14 [restartedMain] INFO  com.example.CineLogApplication - No active profile set, falling back to 1 default profile: "default"
2026-04-01 15:33:15 [restartedMain] INFO  o.s.b.d.restart.ChangeableUrls - The Class-Path manifest attribute in C:\Users\GGG\.gradle\caches\modules-2\files-2.1\com.oracle.database.jdbc\ojdbc11\23.9.0.25.07\4fe3479be8322eaac43f1cd0fb5818e93048201d\ojdbc11-23.9.0.25.07.jar referenced one or more files that do not exist: file:/C:/Users/GGG/.gradle/caches/modules-2/files-2.1/com.oracle.database.jdbc/ojdbc11/23.9.0.25.07/4fe3479be8322eaac43f1cd0fb5818e93048201d/oraclepki.jar
2026-04-01 15:33:15 [restartedMain] INFO  o.s.b.d.e.DevToolsPropertyDefaultsPostProcessor - Devtools property defaults active! Set 'spring.devtools.add-properties' to 'false' to disable
2026-04-01 15:33:15 [restartedMain] INFO  o.s.b.d.e.DevToolsPropertyDefaultsPostProcessor - For additional web related logging consider setting the 'logging.level.web' property to 'DEBUG'
2026-04-01 15:33:15 [restartedMain] INFO  o.s.d.r.c.RepositoryConfigurationDelegate - Bootstrapping Spring Data JPA repositories in DEFAULT mode.
2026-04-01 15:33:15 [restartedMain] INFO  o.s.d.r.c.RepositoryConfigurationDelegate - Finished Spring Data repository scanning in 36 ms. Found 3 JPA repository interfaces.
2026-04-01 15:33:15 [restartedMain] INFO  o.s.boot.tomcat.TomcatWebServer - Tomcat initialized with port 8092 (http)
2026-04-01 15:33:15 [restartedMain] INFO  o.a.coyote.http11.Http11NioProtocol - Initializing ProtocolHandler ["http-nio-8092"]
2026-04-01 15:33:15 [restartedMain] INFO  o.a.catalina.core.StandardService - Starting service [Tomcat]
2026-04-01 15:33:15 [restartedMain] INFO  o.a.catalina.core.StandardEngine - Starting Servlet engine: [Apache Tomcat/11.0.20]
2026-04-01 15:33:16 [restartedMain] INFO  o.s.b.w.c.s.WebApplicationContextInitializer - Root WebApplicationContext: initialization completed in 992 ms
2026-04-01 15:33:16 [restartedMain] INFO  org.hibernate.orm.jpa - HHH008540: Processing PersistenceUnitInfo [name: default]
2026-04-01 15:33:16 [restartedMain] INFO  org.hibernate.orm.core - HHH000001: Hibernate ORM core version 7.2.7.Final
2026-04-01 15:33:16 [restartedMain] INFO  o.s.o.j.p.SpringPersistenceUnitInfo - No LoadTimeWeaver setup: ignoring JPA class transformer
2026-04-01 15:33:16 [restartedMain] INFO  com.zaxxer.hikari.HikariDataSource - HikariPool-1 - Starting...
2026-04-01 15:33:16 [restartedMain] INFO  com.zaxxer.hikari.pool.HikariPool - HikariPool-1 - Added connection oracle.jdbc.driver.T4CConnection@5edc846b
2026-04-01 15:33:16 [restartedMain] INFO  com.zaxxer.hikari.HikariDataSource - HikariPool-1 - Start completed.
2026-04-01 15:33:17 [restartedMain] WARN  org.hibernate.orm.jdbc - HHH100123: Low default JDBC fetch size: 10 (consider setting 'hibernate.jdbc.fetch_size')
2026-04-01 15:33:17 [restartedMain] INFO  o.hibernate.orm.connections.pooling - HHH10001005: Database info:
	Database JDBC URL [jdbc:oracle:thin:@//localhost:1521/testdb]
	Database driver: Oracle JDBC driver
	Database dialect: OracleDialect
	Database version: 19.3
	Default catalog/schema: undefined/GREEN
	Autocommit mode: undefined/unknown
	Isolation level: READ_COMMITTED [default READ_COMMITTED]
	JDBC fetch size: 10
	Pool: DataSourceConnectionProvider
	Minimum pool size: undefined/unknown
	Maximum pool size: undefined/unknown
2026-04-01 15:33:17 [restartedMain] INFO  org.hibernate.orm.core - HHH000489: No JTA platform available (set 'hibernate.transaction.jta.platform' to enable JTA platform integration)
2026-04-01 15:33:17 [restartedMain] INFO  o.s.o.j.LocalContainerEntityManagerFactoryBean - Initialized JPA EntityManagerFactory for persistence unit 'default'
2026-04-01 15:33:17 [restartedMain] INFO  o.s.d.j.r.q.QueryEnhancerFactories - Hibernate is in classpath; If applicable, HQL parser will be used.
2026-04-01 15:33:18 [restartedMain] WARN  o.s.b.j.a.JpaBaseConfiguration$JpaWebConfiguration - spring.jpa.open-in-view is enabled by default. Therefore, database queries may be performed during view rendering. Explicitly configure spring.jpa.open-in-view to disable this warning
2026-04-01 15:33:18 [restartedMain] INFO  o.s.s.c.a.a.c.InitializeUserDetailsBeanManagerConfigurer$InitializeUserDetailsManagerConfigurer - Global AuthenticationManager configured with UserDetailsService bean with name memberDetailsService
2026-04-01 15:33:18 [restartedMain] INFO  o.s.b.w.a.WelcomePageHandlerMapping - Adding welcome page template: index
2026-04-01 15:33:19 [restartedMain] INFO  o.a.coyote.http11.Http11NioProtocol - Starting ProtocolHandler ["http-nio-8092"]
2026-04-01 15:33:19 [restartedMain] INFO  o.s.boot.tomcat.TomcatWebServer - Tomcat started on port 8092 (http) with context path '/'
2026-04-01 15:33:19 [restartedMain] INFO  com.example.CineLogApplication - Started CineLogApplication in 4.504 seconds (process running for 5.044)
2026-04-01 15:33:36 [File Watcher] INFO  o.s.b.d.a.LocalDevToolsAutoConfiguration$RestartingClassPathChangeChangedEventListener - Restarting due to 1 class path change (0 additions, 0 deletions, 1 modification)
2026-04-01 15:33:36 [Thread-1] INFO  o.s.boot.tomcat.GracefulShutdown - Commencing graceful shutdown. Waiting for active requests to complete
2026-04-01 15:33:36 [tomcat-shutdown] INFO  o.a.coyote.http11.Http11NioProtocol - Pausing ProtocolHandler ["http-nio-8092"]
2026-04-01 15:33:36 [tomcat-shutdown] INFO  o.s.boot.tomcat.GracefulShutdown - Graceful shutdown complete
2026-04-01 15:33:36 [Thread-1] INFO  o.a.coyote.http11.Http11NioProtocol - Stopping ProtocolHandler ["http-nio-8092"]
2026-04-01 15:33:36 [Thread-1] INFO  o.s.o.j.LocalContainerEntityManagerFactoryBean - Closing JPA EntityManagerFactory for persistence unit 'default'
2026-04-01 15:33:36 [Thread-1] INFO  com.zaxxer.hikari.HikariDataSource - HikariPool-1 - Shutdown initiated...
2026-04-01 15:33:36 [Thread-1] INFO  com.zaxxer.hikari.HikariDataSource - HikariPool-1 - Shutdown completed.
2026-04-01 15:33:36 [restartedMain] INFO  com.example.CineLogApplication - Starting CineLogApplication using Java 21.0.10 with PID 10308 (C:\Dev\WS_sts\cinelog\bin\main started by GGG in C:\Dev\WS_sts\cinelog)
2026-04-01 15:33:36 [restartedMain] INFO  com.example.CineLogApplication - No active profile set, falling back to 1 default profile: "default"
2026-04-01 15:33:36 [restartedMain] INFO  o.s.d.r.c.RepositoryConfigurationDelegate - Bootstrapping Spring Data JPA repositories in DEFAULT mode.
2026-04-01 15:33:37 [restartedMain] INFO  o.s.d.r.c.RepositoryConfigurationDelegate - Finished Spring Data repository scanning in 8 ms. Found 3 JPA repository interfaces.
2026-04-01 15:33:37 [restartedMain] INFO  o.s.boot.tomcat.TomcatWebServer - Tomcat initialized with port 8092 (http)
2026-04-01 15:33:37 [restartedMain] INFO  o.a.coyote.http11.Http11NioProtocol - Initializing ProtocolHandler ["http-nio-8092"]
2026-04-01 15:33:37 [restartedMain] INFO  o.a.catalina.core.StandardService - Starting service [Tomcat]
2026-04-01 15:33:37 [restartedMain] INFO  o.a.catalina.core.StandardEngine - Starting Servlet engine: [Apache Tomcat/11.0.20]
2026-04-01 15:33:37 [restartedMain] INFO  o.s.b.w.c.s.WebApplicationContextInitializer - Root WebApplicationContext: initialization completed in 210 ms
2026-04-01 15:33:37 [restartedMain] INFO  org.hibernate.orm.jpa - HHH008540: Processing PersistenceUnitInfo [name: default]
2026-04-01 15:33:37 [restartedMain] INFO  o.s.o.j.p.SpringPersistenceUnitInfo - No LoadTimeWeaver setup: ignoring JPA class transformer
2026-04-01 15:33:37 [restartedMain] INFO  com.zaxxer.hikari.HikariDataSource - HikariPool-2 - Starting...
2026-04-01 15:33:37 [restartedMain] INFO  com.zaxxer.hikari.pool.HikariPool - HikariPool-2 - Added connection oracle.jdbc.driver.T4CConnection@41ed814f
2026-04-01 15:33:37 [restartedMain] INFO  com.zaxxer.hikari.HikariDataSource - HikariPool-2 - Start completed.
2026-04-01 15:33:37 [restartedMain] WARN  org.hibernate.orm.jdbc - HHH100123: Low default JDBC fetch size: 10 (consider setting 'hibernate.jdbc.fetch_size')
2026-04-01 15:33:37 [restartedMain] INFO  o.hibernate.orm.connections.pooling - HHH10001005: Database info:
	Database JDBC URL [jdbc:oracle:thin:@//localhost:1521/testdb]
	Database driver: Oracle JDBC driver
	Database dialect: OracleDialect
	Database version: 19.3
	Default catalog/schema: undefined/GREEN
	Autocommit mode: undefined/unknown
	Isolation level: READ_COMMITTED [default READ_COMMITTED]
	JDBC fetch size: 10
	Pool: DataSourceConnectionProvider
	Minimum pool size: undefined/unknown
	Maximum pool size: undefined/unknown
2026-04-01 15:33:37 [restartedMain] INFO  org.hibernate.orm.core - HHH000489: No JTA platform available (set 'hibernate.transaction.jta.platform' to enable JTA platform integration)
2026-04-01 15:33:37 [restartedMain] INFO  o.s.o.j.LocalContainerEntityManagerFactoryBean - Initialized JPA EntityManagerFactory for persistence unit 'default'
2026-04-01 15:33:37 [restartedMain] WARN  o.s.b.j.a.JpaBaseConfiguration$JpaWebConfiguration - spring.jpa.open-in-view is enabled by default. Therefore, database queries may be performed during view rendering. Explicitly configure spring.jpa.open-in-view to disable this warning
2026-04-01 15:33:37 [restartedMain] INFO  o.s.s.c.a.a.c.InitializeUserDetailsBeanManagerConfigurer$InitializeUserDetailsManagerConfigurer - Global AuthenticationManager configured with UserDetailsService bean with name memberDetailsService
2026-04-01 15:33:37 [restartedMain] INFO  o.s.b.w.a.WelcomePageHandlerMapping - Adding welcome page template: index
2026-04-01 15:33:37 [restartedMain] INFO  o.a.coyote.http11.Http11NioProtocol - Starting ProtocolHandler ["http-nio-8092"]
2026-04-01 15:33:37 [restartedMain] INFO  o.s.boot.tomcat.TomcatWebServer - Tomcat started on port 8092 (http) with context path '/'
2026-04-01 15:33:37 [restartedMain] INFO  com.example.CineLogApplication - Started CineLogApplication in 0.777 seconds (process running for 23.51)
2026-04-01 15:33:37 [restartedMain] INFO  o.s.b.d.a.ConditionEvaluationDeltaLoggingListener - Condition evaluation unchanged
2026-04-01 15:33:46 [http-nio-8092-exec-1] INFO  o.a.c.c.C.[Tomcat].[localhost].[/] - Initializing Spring DispatcherServlet 'dispatcherServlet'
2026-04-01 15:33:46 [http-nio-8092-exec-1] INFO  o.s.web.servlet.DispatcherServlet - Initializing Servlet 'dispatcherServlet'
2026-04-01 15:33:46 [http-nio-8092-exec-1] INFO  o.s.web.servlet.DispatcherServlet - Completed initialization in 2 ms
2026-04-01 15:33:46 [http-nio-8092-exec-1] INFO  c.e.i.ActivityLogInterceptor - [활동] 비로그인 | GET /movie/list | IP: 0:0:0:0:0:0:0:1
2026-04-01 15:33:53 [http-nio-8092-exec-4] INFO  c.e.i.ActivityLogInterceptor - [활동] 비로그인 | GET / | IP: 0:0:0:0:0:0:0:1
2026-04-01 15:33:54 [http-nio-8092-exec-7] INFO  c.e.i.ActivityLogInterceptor - [활동] 비로그인 | GET /member/login | IP: 0:0:0:0:0:0:0:1
2026-04-01 15:36:33 [http-nio-8092-exec-3] INFO  c.e.i.ActivityLogInterceptor - [활동] admin | GET / | IP: 0:0:0:0:0:0:0:1
2026-04-01 15:36:37 [http-nio-8092-exec-6] INFO  c.e.i.ActivityLogInterceptor - [활동] admin | GET /movie/list | IP: 0:0:0:0:0:0:0:1
2026-04-01 15:44:15 [File Watcher] INFO  o.s.b.d.a.LocalDevToolsAutoConfiguration$RestartingClassPathChangeChangedEventListener - Restarting due to 2 class path changes (1 addition, 0 deletions, 1 modification)
2026-04-01 15:44:15 [Thread-7] INFO  o.s.boot.tomcat.GracefulShutdown - Commencing graceful shutdown. Waiting for active requests to complete
2026-04-01 15:44:15 [tomcat-shutdown] INFO  o.a.coyote.http11.Http11NioProtocol - Pausing ProtocolHandler ["http-nio-8092"]
2026-04-01 15:44:15 [tomcat-shutdown] INFO  o.s.boot.tomcat.GracefulShutdown - Graceful shutdown complete
2026-04-01 15:44:15 [Thread-7] INFO  o.a.coyote.http11.Http11NioProtocol - Stopping ProtocolHandler ["http-nio-8092"]
2026-04-01 15:44:15 [Thread-7] INFO  o.s.o.j.LocalContainerEntityManagerFactoryBean - Closing JPA EntityManagerFactory for persistence unit 'default'
2026-04-01 15:44:15 [Thread-7] INFO  com.zaxxer.hikari.HikariDataSource - HikariPool-2 - Shutdown initiated...
2026-04-01 15:44:15 [Thread-7] INFO  com.zaxxer.hikari.HikariDataSource - HikariPool-2 - Shutdown completed.
2026-04-01 15:44:16 [restartedMain] INFO  com.example.CineLogApplication - Starting CineLogApplication using Java 21.0.10 with PID 10308 (C:\Dev\WS_sts\cinelog\bin\main started by GGG in C:\Dev\WS_sts\cinelog)
2026-04-01 15:44:16 [restartedMain] INFO  com.example.CineLogApplication - No active profile set, falling back to 1 default profile: "default"
2026-04-01 15:44:16 [restartedMain] INFO  o.s.d.r.c.RepositoryConfigurationDelegate - Bootstrapping Spring Data JPA repositories in DEFAULT mode.
2026-04-01 15:44:16 [restartedMain] INFO  o.s.d.r.c.RepositoryConfigurationDelegate - Finished Spring Data repository scanning in 9 ms. Found 3 JPA repository interfaces.
2026-04-01 15:44:16 [restartedMain] INFO  o.s.boot.tomcat.TomcatWebServer - Tomcat initialized with port 8092 (http)
2026-04-01 15:44:16 [restartedMain] INFO  o.a.coyote.http11.Http11NioProtocol - Initializing ProtocolHandler ["http-nio-8092"]
2026-04-01 15:44:16 [restartedMain] INFO  o.a.catalina.core.StandardService - Starting service [Tomcat]
2026-04-01 15:44:16 [restartedMain] INFO  o.a.catalina.core.StandardEngine - Starting Servlet engine: [Apache Tomcat/11.0.20]
2026-04-01 15:44:16 [restartedMain] INFO  o.s.b.w.c.s.WebApplicationContextInitializer - Root WebApplicationContext: initialization completed in 255 ms
2026-04-01 15:44:16 [restartedMain] WARN  o.a.c.c.C.[Tomcat].[localhost].[/] - Cannot deserialize session attribute [SPRING_SECURITY_CONTEXT] for session [2E85C2091D012AAE69318009CC0D77FE]
2026-04-01 15:44:16 [restartedMain] INFO  org.hibernate.orm.jpa - HHH008540: Processing PersistenceUnitInfo [name: default]
2026-04-01 15:44:16 [restartedMain] INFO  o.s.o.j.p.SpringPersistenceUnitInfo - No LoadTimeWeaver setup: ignoring JPA class transformer
2026-04-01 15:44:16 [restartedMain] INFO  com.zaxxer.hikari.HikariDataSource - HikariPool-3 - Starting...
2026-04-01 15:44:16 [restartedMain] INFO  com.zaxxer.hikari.pool.HikariPool - HikariPool-3 - Added connection oracle.jdbc.driver.T4CConnection@317aeabc
2026-04-01 15:44:16 [restartedMain] INFO  com.zaxxer.hikari.HikariDataSource - HikariPool-3 - Start completed.
2026-04-01 15:44:16 [restartedMain] WARN  org.hibernate.orm.jdbc - HHH100123: Low default JDBC fetch size: 10 (consider setting 'hibernate.jdbc.fetch_size')
2026-04-01 15:44:16 [restartedMain] INFO  o.hibernate.orm.connections.pooling - HHH10001005: Database info:
	Database JDBC URL [jdbc:oracle:thin:@//localhost:1521/testdb]
	Database driver: Oracle JDBC driver
	Database dialect: OracleDialect
	Database version: 19.3
	Default catalog/schema: undefined/GREEN
	Autocommit mode: undefined/unknown
	Isolation level: READ_COMMITTED [default READ_COMMITTED]
	JDBC fetch size: 10
	Pool: DataSourceConnectionProvider
	Minimum pool size: undefined/unknown
	Maximum pool size: undefined/unknown
2026-04-01 15:44:16 [restartedMain] INFO  org.hibernate.orm.core - HHH000489: No JTA platform available (set 'hibernate.transaction.jta.platform' to enable JTA platform integration)
2026-04-01 15:44:16 [restartedMain] INFO  o.s.o.j.LocalContainerEntityManagerFactoryBean - Initialized JPA EntityManagerFactory for persistence unit 'default'
2026-04-01 15:44:16 [restartedMain] WARN  o.s.b.j.a.JpaBaseConfiguration$JpaWebConfiguration - spring.jpa.open-in-view is enabled by default. Therefore, database queries may be performed during view rendering. Explicitly configure spring.jpa.open-in-view to disable this warning
2026-04-01 15:44:16 [restartedMain] INFO  o.s.s.c.a.a.c.InitializeUserDetailsBeanManagerConfigurer$InitializeUserDetailsManagerConfigurer - Global AuthenticationManager configured with UserDetailsService bean with name memberDetailsService
2026-04-01 15:44:16 [restartedMain] INFO  o.s.b.w.a.WelcomePageHandlerMapping - Adding welcome page template: index
2026-04-01 15:44:16 [restartedMain] INFO  o.a.coyote.http11.Http11NioProtocol - Starting ProtocolHandler ["http-nio-8092"]
2026-04-01 15:44:16 [restartedMain] INFO  o.s.boot.tomcat.TomcatWebServer - Tomcat started on port 8092 (http) with context path '/'
2026-04-01 15:44:16 [restartedMain] INFO  com.example.CineLogApplication - Started CineLogApplication in 0.912 seconds (process running for 662.833)
2026-04-01 15:44:16 [restartedMain] INFO  o.s.b.d.a.ConditionEvaluationDeltaLoggingListener - Condition evaluation unchanged
2026-04-01 15:44:23 [File Watcher] INFO  o.s.b.d.a.LocalDevToolsAutoConfiguration$RestartingClassPathChangeChangedEventListener - Restarting due to 1 class path change (0 additions, 0 deletions, 1 modification)
2026-04-01 15:44:23 [Thread-11] INFO  o.s.boot.tomcat.GracefulShutdown - Commencing graceful shutdown. Waiting for active requests to complete
2026-04-01 15:44:23 [tomcat-shutdown] INFO  o.a.coyote.http11.Http11NioProtocol - Pausing ProtocolHandler ["http-nio-8092"]
2026-04-01 15:44:23 [tomcat-shutdown] INFO  o.s.boot.tomcat.GracefulShutdown - Graceful shutdown complete
2026-04-01 15:44:23 [Thread-11] INFO  o.a.coyote.http11.Http11NioProtocol - Stopping ProtocolHandler ["http-nio-8092"]
2026-04-01 15:44:23 [Thread-11] INFO  o.s.o.j.LocalContainerEntityManagerFactoryBean - Closing JPA EntityManagerFactory for persistence unit 'default'
2026-04-01 15:44:23 [Thread-11] INFO  com.zaxxer.hikari.HikariDataSource - HikariPool-3 - Shutdown initiated...
2026-04-01 15:44:23 [Thread-11] INFO  com.zaxxer.hikari.HikariDataSource - HikariPool-3 - Shutdown completed.
2026-04-01 15:44:23 [restartedMain] INFO  com.example.CineLogApplication - Starting CineLogApplication using Java 21.0.10 with PID 10308 (C:\Dev\WS_sts\cinelog\bin\main started by GGG in C:\Dev\WS_sts\cinelog)
2026-04-01 15:44:23 [restartedMain] INFO  com.example.CineLogApplication - No active profile set, falling back to 1 default profile: "default"
2026-04-01 15:44:23 [restartedMain] INFO  o.s.d.r.c.RepositoryConfigurationDelegate - Bootstrapping Spring Data JPA repositories in DEFAULT mode.
2026-04-01 15:44:23 [restartedMain] INFO  o.s.d.r.c.RepositoryConfigurationDelegate - Finished Spring Data repository scanning in 9 ms. Found 3 JPA repository interfaces.
2026-04-01 15:44:23 [restartedMain] INFO  o.s.boot.tomcat.TomcatWebServer - Tomcat initialized with port 8092 (http)
2026-04-01 15:44:23 [restartedMain] INFO  o.a.coyote.http11.Http11NioProtocol - Initializing ProtocolHandler ["http-nio-8092"]
2026-04-01 15:44:23 [restartedMain] INFO  o.a.catalina.core.StandardService - Starting service [Tomcat]
2026-04-01 15:44:23 [restartedMain] INFO  o.a.catalina.core.StandardEngine - Starting Servlet engine: [Apache Tomcat/11.0.20]
2026-04-01 15:44:23 [restartedMain] INFO  o.s.b.w.c.s.WebApplicationContextInitializer - Root WebApplicationContext: initialization completed in 301 ms
2026-04-01 15:44:23 [restartedMain] INFO  org.hibernate.orm.jpa - HHH008540: Processing PersistenceUnitInfo [name: default]
2026-04-01 15:44:23 [restartedMain] INFO  o.s.o.j.p.SpringPersistenceUnitInfo - No LoadTimeWeaver setup: ignoring JPA class transformer
2026-04-01 15:44:23 [restartedMain] INFO  com.zaxxer.hikari.HikariDataSource - HikariPool-4 - Starting...
2026-04-01 15:44:23 [restartedMain] INFO  com.zaxxer.hikari.pool.HikariPool - HikariPool-4 - Added connection oracle.jdbc.driver.T4CConnection@7dc6608d
2026-04-01 15:44:23 [restartedMain] INFO  com.zaxxer.hikari.HikariDataSource - HikariPool-4 - Start completed.
2026-04-01 15:44:23 [restartedMain] WARN  org.hibernate.orm.jdbc - HHH100123: Low default JDBC fetch size: 10 (consider setting 'hibernate.jdbc.fetch_size')
2026-04-01 15:44:23 [restartedMain] INFO  o.hibernate.orm.connections.pooling - HHH10001005: Database info:
	Database JDBC URL [jdbc:oracle:thin:@//localhost:1521/testdb]
	Database driver: Oracle JDBC driver
	Database dialect: OracleDialect
	Database version: 19.3
	Default catalog/schema: undefined/GREEN
	Autocommit mode: undefined/unknown
	Isolation level: READ_COMMITTED [default READ_COMMITTED]
	JDBC fetch size: 10
	Pool: DataSourceConnectionProvider
	Minimum pool size: undefined/unknown
	Maximum pool size: undefined/unknown
2026-04-01 15:44:23 [restartedMain] INFO  org.hibernate.orm.core - HHH000489: No JTA platform available (set 'hibernate.transaction.jta.platform' to enable JTA platform integration)
2026-04-01 15:44:24 [restartedMain] INFO  o.s.o.j.LocalContainerEntityManagerFactoryBean - Initialized JPA EntityManagerFactory for persistence unit 'default'
2026-04-01 15:44:24 [restartedMain] WARN  o.s.b.j.a.JpaBaseConfiguration$JpaWebConfiguration - spring.jpa.open-in-view is enabled by default. Therefore, database queries may be performed during view rendering. Explicitly configure spring.jpa.open-in-view to disable this warning
2026-04-01 15:44:24 [restartedMain] INFO  o.s.s.c.a.a.c.InitializeUserDetailsBeanManagerConfigurer$InitializeUserDetailsManagerConfigurer - Global AuthenticationManager configured with UserDetailsService bean with name memberDetailsService
2026-04-01 15:44:24 [restartedMain] INFO  o.s.b.w.a.WelcomePageHandlerMapping - Adding welcome page template: index
2026-04-01 15:44:24 [restartedMain] INFO  o.a.coyote.http11.Http11NioProtocol - Starting ProtocolHandler ["http-nio-8092"]
2026-04-01 15:44:24 [restartedMain] INFO  o.s.boot.tomcat.TomcatWebServer - Tomcat started on port 8092 (http) with context path '/'
2026-04-01 15:44:24 [restartedMain] INFO  com.example.CineLogApplication - Started CineLogApplication in 0.803 seconds (process running for 670.171)
2026-04-01 15:44:24 [restartedMain] INFO  o.s.b.d.a.ConditionEvaluationDeltaLoggingListener - Condition evaluation unchanged
2026-04-01 15:44:46 [File Watcher] INFO  o.s.b.d.a.LocalDevToolsAutoConfiguration$RestartingClassPathChangeChangedEventListener - Restarting due to 14 class path changes (2 additions, 2 deletions, 10 modifications)
2026-04-01 15:44:46 [Thread-15] INFO  o.s.boot.tomcat.GracefulShutdown - Commencing graceful shutdown. Waiting for active requests to complete
2026-04-01 15:44:46 [tomcat-shutdown] INFO  o.a.coyote.http11.Http11NioProtocol - Pausing ProtocolHandler ["http-nio-8092"]
2026-04-01 15:44:46 [tomcat-shutdown] INFO  o.s.boot.tomcat.GracefulShutdown - Graceful shutdown complete
2026-04-01 15:44:46 [Thread-15] INFO  o.a.coyote.http11.Http11NioProtocol - Stopping ProtocolHandler ["http-nio-8092"]
2026-04-01 15:44:46 [Thread-15] INFO  o.s.o.j.LocalContainerEntityManagerFactoryBean - Closing JPA EntityManagerFactory for persistence unit 'default'
2026-04-01 15:44:46 [Thread-15] INFO  com.zaxxer.hikari.HikariDataSource - HikariPool-4 - Shutdown initiated...
2026-04-01 15:44:46 [Thread-15] INFO  com.zaxxer.hikari.HikariDataSource - HikariPool-4 - Shutdown completed.
2026-04-01 15:44:47 [restartedMain] INFO  com.example.CineLogApplication - Starting CineLogApplication using Java 21.0.10 with PID 10308 (C:\Dev\WS_sts\cinelog\bin\main started by GGG in C:\Dev\WS_sts\cinelog)
2026-04-01 15:44:47 [restartedMain] INFO  com.example.CineLogApplication - No active profile set, falling back to 1 default profile: "default"
2026-04-01 15:44:47 [restartedMain] INFO  o.s.d.r.c.RepositoryConfigurationDelegate - Bootstrapping Spring Data JPA repositories in DEFAULT mode.
2026-04-01 15:44:47 [restartedMain] INFO  o.s.d.r.c.RepositoryConfigurationDelegate - Finished Spring Data repository scanning in 7 ms. Found 3 JPA repository interfaces.
2026-04-01 15:44:47 [restartedMain] INFO  o.s.boot.tomcat.TomcatWebServer - Tomcat initialized with port 8092 (http)
2026-04-01 15:44:47 [restartedMain] INFO  o.a.coyote.http11.Http11NioProtocol - Initializing ProtocolHandler ["http-nio-8092"]
2026-04-01 15:44:47 [restartedMain] INFO  o.a.catalina.core.StandardService - Starting service [Tomcat]
2026-04-01 15:44:47 [restartedMain] INFO  o.a.catalina.core.StandardEngine - Starting Servlet engine: [Apache Tomcat/11.0.20]
2026-04-01 15:44:47 [restartedMain] INFO  o.s.b.w.c.s.WebApplicationContextInitializer - Root WebApplicationContext: initialization completed in 189 ms
2026-04-01 15:44:47 [restartedMain] INFO  org.hibernate.orm.jpa - HHH008540: Processing PersistenceUnitInfo [name: default]
2026-04-01 15:44:47 [restartedMain] INFO  o.s.o.j.p.SpringPersistenceUnitInfo - No LoadTimeWeaver setup: ignoring JPA class transformer
2026-04-01 15:44:47 [restartedMain] INFO  com.zaxxer.hikari.HikariDataSource - HikariPool-5 - Starting...
2026-04-01 15:44:47 [restartedMain] INFO  com.zaxxer.hikari.pool.HikariPool - HikariPool-5 - Added connection oracle.jdbc.driver.T4CConnection@b80415
2026-04-01 15:44:47 [restartedMain] INFO  com.zaxxer.hikari.HikariDataSource - HikariPool-5 - Start completed.
2026-04-01 15:44:47 [restartedMain] WARN  org.hibernate.orm.jdbc - HHH100123: Low default JDBC fetch size: 10 (consider setting 'hibernate.jdbc.fetch_size')
2026-04-01 15:44:47 [restartedMain] INFO  o.hibernate.orm.connections.pooling - HHH10001005: Database info:
	Database JDBC URL [jdbc:oracle:thin:@//localhost:1521/testdb]
	Database driver: Oracle JDBC driver
	Database dialect: OracleDialect
	Database version: 19.3
	Default catalog/schema: undefined/GREEN
	Autocommit mode: undefined/unknown
	Isolation level: READ_COMMITTED [default READ_COMMITTED]
	JDBC fetch size: 10
	Pool: DataSourceConnectionProvider
	Minimum pool size: undefined/unknown
	Maximum pool size: undefined/unknown
2026-04-01 15:44:47 [restartedMain] INFO  org.hibernate.orm.core - HHH000489: No JTA platform available (set 'hibernate.transaction.jta.platform' to enable JTA platform integration)
2026-04-01 15:44:47 [restartedMain] INFO  o.s.o.j.LocalContainerEntityManagerFactoryBean - Initialized JPA EntityManagerFactory for persistence unit 'default'
2026-04-01 15:44:47 [restartedMain] WARN  o.s.b.w.s.s.c.AnnotationConfigServletWebServerApplicationContext - Exception encountered during context initialization - cancelling refresh attempt: org.springframework.beans.factory.UnsatisfiedDependencyException: Error creating bean with name 'movieController' defined in file [C:\Dev\WS_sts\cinelog\bin\main\com\example\controller\MovieController.class]: Unsatisfied dependency expressed through constructor parameter 0: Error creating bean with name 'movieService' defined in file [C:\Dev\WS_sts\cinelog\bin\main\com\example\service\MovieService.class]: Unsatisfied dependency expressed through constructor parameter 0: Error creating bean with name 'movieRepository' defined in com.example.repository.MovieRepository defined in @EnableJpaRepositories declared on DataJpaRepositoriesRegistrar.EnableJpaRepositoriesConfiguration: Query validation failed for 'SELECT m FROM MovieEntity m WHERE m.title LIKE :keyword OR m.director LIKE :keyword'
2026-04-01 15:44:47 [restartedMain] INFO  o.s.o.j.LocalContainerEntityManagerFactoryBean - Closing JPA EntityManagerFactory for persistence unit 'default'
2026-04-01 15:44:47 [restartedMain] INFO  com.zaxxer.hikari.HikariDataSource - HikariPool-5 - Shutdown initiated...
2026-04-01 15:44:47 [restartedMain] INFO  com.zaxxer.hikari.HikariDataSource - HikariPool-5 - Shutdown completed.
2026-04-01 15:44:47 [restartedMain] INFO  o.a.catalina.core.StandardService - Stopping service [Tomcat]
2026-04-01 15:44:47 [restartedMain] INFO  o.s.b.a.l.ConditionEvaluationReportLogger - 

Error starting ApplicationContext. To display the condition evaluation report re-run your application with 'debug' enabled.
2026-04-01 15:44:47 [restartedMain] ERROR o.s.boot.SpringApplication - Application run failed
org.springframework.beans.factory.UnsatisfiedDependencyException: Error creating bean with name 'movieController' defined in file [C:\Dev\WS_sts\cinelog\bin\main\com\example\controller\MovieController.class]: Unsatisfied dependency expressed through constructor parameter 0: Error creating bean with name 'movieService' defined in file [C:\Dev\WS_sts\cinelog\bin\main\com\example\service\MovieService.class]: Unsatisfied dependency expressed through constructor parameter 0: Error creating bean with name 'movieRepository' defined in com.example.repository.MovieRepository defined in @EnableJpaRepositories declared on DataJpaRepositoriesRegistrar.EnableJpaRepositoriesConfiguration: Query validation failed for 'SELECT m FROM MovieEntity m WHERE m.title LIKE :keyword OR m.director LIKE :keyword'
	at org.springframework.beans.factory.support.ConstructorResolver.createArgumentArray(ConstructorResolver.java:804)
	at org.springframework.beans.factory.support.ConstructorResolver.autowireConstructor(ConstructorResolver.java:240)
	at org.springframework.beans.factory.support.AbstractAutowireCapableBeanFactory.autowireConstructor(AbstractAutowireCapableBeanFactory.java:1382)
	at org.springframework.beans.factory.support.AbstractAutowireCapableBeanFactory.createBeanInstance(AbstractAutowireCapableBeanFactory.java:1221)
	at org.springframework.beans.factory.support.AbstractAutowireCapableBeanFactory.doCreateBean(AbstractAutowireCapableBeanFactory.java:565)
	at org.springframework.beans.factory.support.AbstractAutowireCapableBeanFactory.createBean(AbstractAutowireCapableBeanFactory.java:525)
	at org.springframework.beans.factory.support.AbstractBeanFactory.lambda$doGetBean$0(AbstractBeanFactory.java:333)
	at org.springframework.beans.factory.support.DefaultSingletonBeanRegistry.getSingleton(DefaultSingletonBeanRegistry.java:371)
	at org.springframework.beans.factory.support.AbstractBeanFactory.doGetBean(AbstractBeanFactory.java:331)
	at org.springframework.beans.factory.support.AbstractBeanFactory.getBean(AbstractBeanFactory.java:196)
	at org.springframework.beans.factory.support.DefaultListableBeanFactory.instantiateSingleton(DefaultListableBeanFactory.java:1218)
	at org.springframework.beans.factory.support.DefaultListableBeanFactory.preInstantiateSingleton(DefaultListableBeanFactory.java:1184)
	at org.springframework.beans.factory.support.DefaultListableBeanFactory.preInstantiateSingletons(DefaultListableBeanFactory.java:1121)
	at org.springframework.context.support.AbstractApplicationContext.finishBeanFactoryInitialization(AbstractApplicationContext.java:994)
	at org.springframework.context.support.AbstractApplicationContext.refresh(AbstractApplicationContext.java:621)
	at org.springframework.boot.web.server.servlet.context.ServletWebServerApplicationContext.refresh(ServletWebServerApplicationContext.java:143)
	at org.springframework.boot.SpringApplication.refresh(SpringApplication.java:756)
	at org.springframework.boot.SpringApplication.refreshContext(SpringApplication.java:445)
	at org.springframework.boot.SpringApplication.run(SpringApplication.java:321)
	at org.springframework.boot.SpringApplication.run(SpringApplication.java:1365)
	at org.springframework.boot.SpringApplication.run(SpringApplication.java:1354)
	at com.example.CineLogApplication.main(CineLogApplication.java:14)
	at java.base/jdk.internal.reflect.DirectMethodHandleAccessor.invoke(DirectMethodHandleAccessor.java:103)
	at java.base/java.lang.reflect.Method.invoke(Method.java:580)
	at org.springframework.boot.devtools.restart.RestartLauncher.run(RestartLauncher.java:52)
Caused by: org.springframework.beans.factory.UnsatisfiedDependencyException: Error creating bean with name 'movieService' defined in file [C:\Dev\WS_sts\cinelog\bin\main\com\example\service\MovieService.class]: Unsatisfied dependency expressed through constructor parameter 0: Error creating bean with name 'movieRepository' defined in com.example.repository.MovieRepository defined in @EnableJpaRepositories declared on DataJpaRepositoriesRegistrar.EnableJpaRepositoriesConfiguration: Query validation failed for 'SELECT m FROM MovieEntity m WHERE m.title LIKE :keyword OR m.director LIKE :keyword'
	at org.springframework.beans.factory.support.ConstructorResolver.createArgumentArray(ConstructorResolver.java:804)
	at org.springframework.beans.factory.support.ConstructorResolver.autowireConstructor(ConstructorResolver.java:240)
	at org.springframework.beans.factory.support.AbstractAutowireCapableBeanFactory.autowireConstructor(AbstractAutowireCapableBeanFactory.java:1382)
	at org.springframework.beans.factory.support.AbstractAutowireCapableBeanFactory.createBeanInstance(AbstractAutowireCapableBeanFactory.java:1221)
	at org.springframework.beans.factory.support.AbstractAutowireCapableBeanFactory.doCreateBean(AbstractAutowireCapableBeanFactory.java:565)
	at org.springframework.beans.factory.support.AbstractAutowireCapableBeanFactory.createBean(AbstractAutowireCapableBeanFactory.java:525)
	at org.springframework.beans.factory.support.AbstractBeanFactory.lambda$doGetBean$0(AbstractBeanFactory.java:333)
	at org.springframework.beans.factory.support.DefaultSingletonBeanRegistry.getSingleton(DefaultSingletonBeanRegistry.java:371)
	at org.springframework.beans.factory.support.AbstractBeanFactory.doGetBean(AbstractBeanFactory.java:331)
	at org.springframework.beans.factory.support.AbstractBeanFactory.getBean(AbstractBeanFactory.java:201)
	at org.springframework.beans.factory.support.DefaultListableBeanFactory.resolveBean(DefaultListableBeanFactory.java:1225)
	at org.springframework.beans.factory.support.DefaultListableBeanFactory.doResolveDependency(DefaultListableBeanFactory.java:1704)
	at org.springframework.beans.factory.support.DefaultListableBeanFactory.resolveDependency(DefaultListableBeanFactory.java:1651)
	at org.springframework.beans.factory.support.ConstructorResolver.resolveAutowiredArgument(ConstructorResolver.java:912)
	at org.springframework.beans.factory.support.ConstructorResolver.createArgumentArray(ConstructorResolver.java:791)
	... 24 common frames omitted
Caused by: org.springframework.beans.factory.BeanCreationException: Error creating bean with name 'movieRepository' defined in com.example.repository.MovieRepository defined in @EnableJpaRepositories declared on DataJpaRepositoriesRegistrar.EnableJpaRepositoriesConfiguration: Query validation failed for 'SELECT m FROM MovieEntity m WHERE m.title LIKE :keyword OR m.director LIKE :keyword'
	at org.springframework.beans.factory.support.AbstractAutowireCapableBeanFactory.initializeBean(AbstractAutowireCapableBeanFactory.java:1817)
	at org.springframework.beans.factory.support.AbstractAutowireCapableBeanFactory.doCreateBean(AbstractAutowireCapableBeanFactory.java:603)
	at org.springframework.beans.factory.support.AbstractAutowireCapableBeanFactory.createBean(AbstractAutowireCapableBeanFactory.java:525)
	at org.springframework.beans.factory.support.AbstractBeanFactory.lambda$doGetBean$0(AbstractBeanFactory.java:333)
	at org.springframework.beans.factory.support.DefaultSingletonBeanRegistry.getSingleton(DefaultSingletonBeanRegistry.java:371)
	at org.springframework.beans.factory.support.AbstractBeanFactory.doGetBean(AbstractBeanFactory.java:331)
	at org.springframework.beans.factory.support.AbstractBeanFactory.getBean(AbstractBeanFactory.java:201)
	at org.springframework.beans.factory.support.DefaultListableBeanFactory.resolveBean(DefaultListableBeanFactory.java:1225)
	at org.springframework.beans.factory.support.DefaultListableBeanFactory.doResolveDependency(DefaultListableBeanFactory.java:1704)
	at org.springframework.beans.factory.support.DefaultListableBeanFactory.resolveDependency(DefaultListableBeanFactory.java:1651)
	at org.springframework.beans.factory.support.ConstructorResolver.resolveAutowiredArgument(ConstructorResolver.java:912)
	at org.springframework.beans.factory.support.ConstructorResolver.createArgumentArray(ConstructorResolver.java:791)
	... 38 common frames omitted
Caused by: org.springframework.data.repository.query.QueryCreationException: Cannot create query for method [MovieRepository.searchByKeyword(java.lang.String,org.springframework.data.domain.Pageable)]; Query validation failed for 'SELECT m FROM MovieEntity m WHERE m.title LIKE :keyword OR m.director LIKE :keyword'
	at org.springframework.data.repository.query.QueryCreationException.create(QueryCreationException.java:139)
	at org.springframework.data.repository.query.QueryCreationException.create(QueryCreationException.java:124)
	at org.springframework.data.jpa.repository.query.SimpleJpaQuery.validateQuery(SimpleJpaQuery.java:78)
	at org.springframework.data.jpa.repository.query.SimpleJpaQuery.<init>(SimpleJpaQuery.java:52)
	at org.springframework.data.jpa.repository.query.JpaQueryLookupStrategy$DeclaredQueryLookupStrategy.createStringQuery(JpaQueryLookupStrategy.java:228)
	at org.springframework.data.jpa.repository.query.JpaQueryLookupStrategy$DeclaredQueryLookupStrategy.resolveQuery(JpaQueryLookupStrategy.java:160)
	at org.springframework.data.jpa.repository.query.JpaQueryLookupStrategy$CreateIfNotFoundQueryLookupStrategy.resolveQuery(JpaQueryLookupStrategy.java:285)
	at org.springframework.data.jpa.repository.query.JpaQueryLookupStrategy$AbstractQueryLookupStrategy.resolveQuery(JpaQueryLookupStrategy.java:93)
	at org.springframework.data.repository.core.support.QueryExecutorMethodInterceptor.lookupQuery(QueryExecutorMethodInterceptor.java:114)
	at org.springframework.data.repository.core.support.QueryExecutorMethodInterceptor.mapMethodsToQuery(QueryExecutorMethodInterceptor.java:102)
	at org.springframework.data.repository.core.support.QueryExecutorMethodInterceptor.<init>(QueryExecutorMethodInterceptor.java:90)
	at org.springframework.data.repository.core.support.RepositoryFactorySupport.getRepository(RepositoryFactorySupport.java:413)
	at org.springframework.data.repository.core.support.RepositoryFactoryBeanSupport.lambda$afterPropertiesSet$1(RepositoryFactoryBeanSupport.java:361)
	at org.springframework.data.util.Lazy.getNullable(Lazy.java:136)
	at org.springframework.data.util.Lazy.get(Lazy.java:114)
	at org.springframework.data.repository.core.support.RepositoryFactoryBeanSupport.afterPropertiesSet(RepositoryFactoryBeanSupport.java:370)
	at org.springframework.data.jpa.repository.support.JpaRepositoryFactoryBean.afterPropertiesSet(JpaRepositoryFactoryBean.java:212)
	at org.springframework.beans.factory.support.AbstractAutowireCapableBeanFactory.invokeInitMethods(AbstractAutowireCapableBeanFactory.java:1864)
	at org.springframework.beans.factory.support.AbstractAutowireCapableBeanFactory.initializeBean(AbstractAutowireCapableBeanFactory.java:1813)
	... 49 common frames omitted
Caused by: java.lang.IllegalArgumentException: org.hibernate.query.sqm.UnknownEntityException: Could not resolve root entity 'MovieEntity'
	at org.hibernate.internal.ExceptionConverterImpl.convert(ExceptionConverterImpl.java:129)
	at org.hibernate.internal.ExceptionConverterImpl.convert(ExceptionConverterImpl.java:168)
	at org.hibernate.internal.ExceptionConverterImpl.convert(ExceptionConverterImpl.java:174)
	at org.hibernate.internal.AbstractSharedSessionContract.createQuery(AbstractSharedSessionContract.java:1010)
	at org.hibernate.internal.SessionImpl.createQuery(SessionImpl.java:155)
	at org.hibernate.internal.AbstractSharedSessionContract.createQuery(AbstractSharedSessionContract.java:919)
	at org.hibernate.internal.SessionImpl.createQuery(SessionImpl.java:155)
	at org.hibernate.internal.AbstractSharedSessionContract.createQuery(AbstractSharedSessionContract.java:142)
	at java.base/jdk.internal.reflect.DirectMethodHandleAccessor.invoke(DirectMethodHandleAccessor.java:103)
	at java.base/java.lang.reflect.Method.invoke(Method.java:580)
	at org.springframework.orm.jpa.ExtendedEntityManagerCreator$ExtendedEntityManagerInvocationHandler.invoke(ExtendedEntityManagerCreator.java:362)
	at jdk.proxy8/jdk.proxy8.$Proxy181.createQuery(Unknown Source)
	at org.springframework.data.jpa.repository.query.SimpleJpaQuery.validateQuery(SimpleJpaQuery.java:73)
	... 65 common frames omitted
Caused by: org.hibernate.query.sqm.UnknownEntityException: Could not resolve root entity 'MovieEntity'
	at org.hibernate.query.hql.internal.SemanticQueryBuilder.resolveRootEntity(SemanticQueryBuilder.java:2072)
	at org.hibernate.query.hql.internal.SemanticQueryBuilder.visitRootEntity(SemanticQueryBuilder.java:2002)
	at org.hibernate.query.hql.internal.SemanticQueryBuilder.visitRootEntity(SemanticQueryBuilder.java:246)
	at org.hibernate.grammars.hql.HqlParser$RootEntityContext.accept(HqlParser.java:2820)
	at org.hibernate.query.hql.internal.SemanticQueryBuilder.visitEntityWithJoins(SemanticQueryBuilder.java:1972)
	at org.hibernate.query.hql.internal.SemanticQueryBuilder.visitFromClause(SemanticQueryBuilder.java:1959)
	at org.hibernate.query.hql.internal.SemanticQueryBuilder.visitQuery(SemanticQueryBuilder.java:1151)
	at org.hibernate.query.hql.internal.SemanticQueryBuilder.visitQuerySpecExpression(SemanticQueryBuilder.java:955)
	at org.hibernate.query.hql.internal.SemanticQueryBuilder.visitQuerySpecExpression(SemanticQueryBuilder.java:246)
	at org.hibernate.grammars.hql.HqlParser$QuerySpecExpressionContext.accept(HqlParser.java:2113)
	at org.hibernate.query.hql.internal.SemanticQueryBuilder.visitQueryExpression(SemanticQueryBuilder.java:984)
	at org.hibernate.query.hql.internal.SemanticQueryBuilder.visitQueryExpression(SemanticQueryBuilder.java:246)
	at org.hibernate.grammars.hql.HqlParser$QueryExpressionContext.accept(HqlParser.java:2003)
	at org.hibernate.query.hql.internal.SemanticQueryBuilder.visitSelectStatement(SemanticQueryBuilder.java:471)
	at org.hibernate.query.hql.internal.SemanticQueryBuilder.visitStatement(SemanticQueryBuilder.java:430)
	at org.hibernate.query.hql.internal.SemanticQueryBuilder.buildSemanticModel(SemanticQueryBuilder.java:291)
	at org.hibernate.query.hql.internal.StandardHqlTranslator.translate(StandardHqlTranslator.java:64)
	at org.hibernate.query.internal.QueryInterpretationCacheStandardImpl.createHqlInterpretation(QueryInterpretationCacheStandardImpl.java:165)
	at org.hibernate.query.internal.QueryInterpretationCacheStandardImpl.resolveHqlInterpretation(QueryInterpretationCacheStandardImpl.java:147)
	at org.hibernate.query.spi.QueryEngine.interpretHql(QueryEngine.java:61)
	at org.hibernate.internal.AbstractSharedSessionContract.interpretHql(AbstractSharedSessionContract.java:951)
	at org.hibernate.internal.AbstractSharedSessionContract.createQuery(AbstractSharedSessionContract.java:1002)
	... 74 common frames omitted
2026-04-01 15:44:53 [restartedMain] INFO  com.example.CineLogApplication - Starting CineLogApplication using Java 21.0.10 with PID 10308 (C:\Dev\WS_sts\cinelog\bin\main started by GGG in C:\Dev\WS_sts\cinelog)
2026-04-01 15:44:53 [restartedMain] INFO  com.example.CineLogApplication - No active profile set, falling back to 1 default profile: "default"
2026-04-01 15:44:53 [restartedMain] INFO  o.s.d.r.c.RepositoryConfigurationDelegate - Bootstrapping Spring Data JPA repositories in DEFAULT mode.
2026-04-01 15:44:53 [restartedMain] INFO  o.s.d.r.c.RepositoryConfigurationDelegate - Finished Spring Data repository scanning in 8 ms. Found 3 JPA repository interfaces.
2026-04-01 15:44:53 [restartedMain] INFO  o.s.boot.tomcat.TomcatWebServer - Tomcat initialized with port 8092 (http)
2026-04-01 15:44:53 [restartedMain] INFO  o.a.coyote.http11.Http11NioProtocol - Initializing ProtocolHandler ["http-nio-8092"]
2026-04-01 15:44:53 [restartedMain] INFO  o.a.catalina.core.StandardService - Starting service [Tomcat]
2026-04-01 15:44:53 [restartedMain] INFO  o.a.catalina.core.StandardEngine - Starting Servlet engine: [Apache Tomcat/11.0.20]
2026-04-01 15:44:53 [restartedMain] INFO  o.s.b.w.c.s.WebApplicationContextInitializer - Root WebApplicationContext: initialization completed in 198 ms
2026-04-01 15:44:53 [restartedMain] INFO  org.hibernate.orm.jpa - HHH008540: Processing PersistenceUnitInfo [name: default]
2026-04-01 15:44:53 [restartedMain] INFO  o.s.o.j.p.SpringPersistenceUnitInfo - No LoadTimeWeaver setup: ignoring JPA class transformer
2026-04-01 15:44:53 [restartedMain] INFO  com.zaxxer.hikari.HikariDataSource - HikariPool-6 - Starting...
2026-04-01 15:44:53 [restartedMain] INFO  com.zaxxer.hikari.pool.HikariPool - HikariPool-6 - Added connection oracle.jdbc.driver.T4CConnection@56850700
2026-04-01 15:44:53 [restartedMain] INFO  com.zaxxer.hikari.HikariDataSource - HikariPool-6 - Start completed.
2026-04-01 15:44:53 [restartedMain] WARN  org.hibernate.orm.jdbc - HHH100123: Low default JDBC fetch size: 10 (consider setting 'hibernate.jdbc.fetch_size')
2026-04-01 15:44:53 [restartedMain] INFO  o.hibernate.orm.connections.pooling - HHH10001005: Database info:
	Database JDBC URL [jdbc:oracle:thin:@//localhost:1521/testdb]
	Database driver: Oracle JDBC driver
	Database dialect: OracleDialect
	Database version: 19.3
	Default catalog/schema: undefined/GREEN
	Autocommit mode: undefined/unknown
	Isolation level: READ_COMMITTED [default READ_COMMITTED]
	JDBC fetch size: 10
	Pool: DataSourceConnectionProvider
	Minimum pool size: undefined/unknown
	Maximum pool size: undefined/unknown
2026-04-01 15:44:53 [restartedMain] INFO  org.hibernate.orm.core - HHH000489: No JTA platform available (set 'hibernate.transaction.jta.platform' to enable JTA platform integration)
2026-04-01 15:44:53 [restartedMain] INFO  o.s.o.j.LocalContainerEntityManagerFactoryBean - Initialized JPA EntityManagerFactory for persistence unit 'default'
2026-04-01 15:44:53 [restartedMain] WARN  o.s.b.w.s.s.c.AnnotationConfigServletWebServerApplicationContext - Exception encountered during context initialization - cancelling refresh attempt: org.springframework.beans.factory.UnsatisfiedDependencyException: Error creating bean with name 'movieController' defined in file [C:\Dev\WS_sts\cinelog\bin\main\com\example\controller\MovieController.class]: Unsatisfied dependency expressed through constructor parameter 0: Error creating bean with name 'movieService' defined in file [C:\Dev\WS_sts\cinelog\bin\main\com\example\service\MovieService.class]: Unsatisfied dependency expressed through constructor parameter 0: Error creating bean with name 'movieRepository' defined in com.example.repository.MovieRepository defined in @EnableJpaRepositories declared on DataJpaRepositoriesRegistrar.EnableJpaRepositoriesConfiguration: Query validation failed for 'SELECT m FROM MovieEntity m WHERE m.title LIKE :keyword OR m.director LIKE :keyword'
2026-04-01 15:44:53 [restartedMain] INFO  o.s.o.j.LocalContainerEntityManagerFactoryBean - Closing JPA EntityManagerFactory for persistence unit 'default'
2026-04-01 15:44:53 [restartedMain] INFO  com.zaxxer.hikari.HikariDataSource - HikariPool-6 - Shutdown initiated...
2026-04-01 15:44:53 [restartedMain] INFO  com.zaxxer.hikari.HikariDataSource - HikariPool-6 - Shutdown completed.
2026-04-01 15:44:53 [restartedMain] INFO  o.a.catalina.core.StandardService - Stopping service [Tomcat]
2026-04-01 15:44:53 [restartedMain] INFO  o.s.b.a.l.ConditionEvaluationReportLogger - 

Error starting ApplicationContext. To display the condition evaluation report re-run your application with 'debug' enabled.
2026-04-01 15:44:53 [restartedMain] ERROR o.s.boot.SpringApplication - Application run failed
org.springframework.beans.factory.UnsatisfiedDependencyException: Error creating bean with name 'movieController' defined in file [C:\Dev\WS_sts\cinelog\bin\main\com\example\controller\MovieController.class]: Unsatisfied dependency expressed through constructor parameter 0: Error creating bean with name 'movieService' defined in file [C:\Dev\WS_sts\cinelog\bin\main\com\example\service\MovieService.class]: Unsatisfied dependency expressed through constructor parameter 0: Error creating bean with name 'movieRepository' defined in com.example.repository.MovieRepository defined in @EnableJpaRepositories declared on DataJpaRepositoriesRegistrar.EnableJpaRepositoriesConfiguration: Query validation failed for 'SELECT m FROM MovieEntity m WHERE m.title LIKE :keyword OR m.director LIKE :keyword'
	at org.springframework.beans.factory.support.ConstructorResolver.createArgumentArray(ConstructorResolver.java:804)
	at org.springframework.beans.factory.support.ConstructorResolver.autowireConstructor(ConstructorResolver.java:240)
	at org.springframework.beans.factory.support.AbstractAutowireCapableBeanFactory.autowireConstructor(AbstractAutowireCapableBeanFactory.java:1382)
	at org.springframework.beans.factory.support.AbstractAutowireCapableBeanFactory.createBeanInstance(AbstractAutowireCapableBeanFactory.java:1221)
	at org.springframework.beans.factory.support.AbstractAutowireCapableBeanFactory.doCreateBean(AbstractAutowireCapableBeanFactory.java:565)
	at org.springframework.beans.factory.support.AbstractAutowireCapableBeanFactory.createBean(AbstractAutowireCapableBeanFactory.java:525)
	at org.springframework.beans.factory.support.AbstractBeanFactory.lambda$doGetBean$0(AbstractBeanFactory.java:333)
	at org.springframework.beans.factory.support.DefaultSingletonBeanRegistry.getSingleton(DefaultSingletonBeanRegistry.java:371)
	at org.springframework.beans.factory.support.AbstractBeanFactory.doGetBean(AbstractBeanFactory.java:331)
	at org.springframework.beans.factory.support.AbstractBeanFactory.getBean(AbstractBeanFactory.java:196)
	at org.springframework.beans.factory.support.DefaultListableBeanFactory.instantiateSingleton(DefaultListableBeanFactory.java:1218)
	at org.springframework.beans.factory.support.DefaultListableBeanFactory.preInstantiateSingleton(DefaultListableBeanFactory.java:1184)
	at org.springframework.beans.factory.support.DefaultListableBeanFactory.preInstantiateSingletons(DefaultListableBeanFactory.java:1121)
	at org.springframework.context.support.AbstractApplicationContext.finishBeanFactoryInitialization(AbstractApplicationContext.java:994)
	at org.springframework.context.support.AbstractApplicationContext.refresh(AbstractApplicationContext.java:621)
	at org.springframework.boot.web.server.servlet.context.ServletWebServerApplicationContext.refresh(ServletWebServerApplicationContext.java:143)
	at org.springframework.boot.SpringApplication.refresh(SpringApplication.java:756)
	at org.springframework.boot.SpringApplication.refreshContext(SpringApplication.java:445)
	at org.springframework.boot.SpringApplication.run(SpringApplication.java:321)
	at org.springframework.boot.SpringApplication.run(SpringApplication.java:1365)
	at org.springframework.boot.SpringApplication.run(SpringApplication.java:1354)
	at com.example.CineLogApplication.main(CineLogApplication.java:14)
	at java.base/jdk.internal.reflect.DirectMethodHandleAccessor.invoke(DirectMethodHandleAccessor.java:103)
	at java.base/java.lang.reflect.Method.invoke(Method.java:580)
	at org.springframework.boot.devtools.restart.RestartLauncher.run(RestartLauncher.java:52)
Caused by: org.springframework.beans.factory.UnsatisfiedDependencyException: Error creating bean with name 'movieService' defined in file [C:\Dev\WS_sts\cinelog\bin\main\com\example\service\MovieService.class]: Unsatisfied dependency expressed through constructor parameter 0: Error creating bean with name 'movieRepository' defined in com.example.repository.MovieRepository defined in @EnableJpaRepositories declared on DataJpaRepositoriesRegistrar.EnableJpaRepositoriesConfiguration: Query validation failed for 'SELECT m FROM MovieEntity m WHERE m.title LIKE :keyword OR m.director LIKE :keyword'
	at org.springframework.beans.factory.support.ConstructorResolver.createArgumentArray(ConstructorResolver.java:804)
	at org.springframework.beans.factory.support.ConstructorResolver.autowireConstructor(ConstructorResolver.java:240)
	at org.springframework.beans.factory.support.AbstractAutowireCapableBeanFactory.autowireConstructor(AbstractAutowireCapableBeanFactory.java:1382)
	at org.springframework.beans.factory.support.AbstractAutowireCapableBeanFactory.createBeanInstance(AbstractAutowireCapableBeanFactory.java:1221)
	at org.springframework.beans.factory.support.AbstractAutowireCapableBeanFactory.doCreateBean(AbstractAutowireCapableBeanFactory.java:565)
	at org.springframework.beans.factory.support.AbstractAutowireCapableBeanFactory.createBean(AbstractAutowireCapableBeanFactory.java:525)
	at org.springframework.beans.factory.support.AbstractBeanFactory.lambda$doGetBean$0(AbstractBeanFactory.java:333)
	at org.springframework.beans.factory.support.DefaultSingletonBeanRegistry.getSingleton(DefaultSingletonBeanRegistry.java:371)
	at org.springframework.beans.factory.support.AbstractBeanFactory.doGetBean(AbstractBeanFactory.java:331)
	at org.springframework.beans.factory.support.AbstractBeanFactory.getBean(AbstractBeanFactory.java:201)
	at org.springframework.beans.factory.support.DefaultListableBeanFactory.resolveBean(DefaultListableBeanFactory.java:1225)
	at org.springframework.beans.factory.support.DefaultListableBeanFactory.doResolveDependency(DefaultListableBeanFactory.java:1704)
	at org.springframework.beans.factory.support.DefaultListableBeanFactory.resolveDependency(DefaultListableBeanFactory.java:1651)
	at org.springframework.beans.factory.support.ConstructorResolver.resolveAutowiredArgument(ConstructorResolver.java:912)
	at org.springframework.beans.factory.support.ConstructorResolver.createArgumentArray(ConstructorResolver.java:791)
	... 24 common frames omitted
Caused by: org.springframework.beans.factory.BeanCreationException: Error creating bean with name 'movieRepository' defined in com.example.repository.MovieRepository defined in @EnableJpaRepositories declared on DataJpaRepositoriesRegistrar.EnableJpaRepositoriesConfiguration: Query validation failed for 'SELECT m FROM MovieEntity m WHERE m.title LIKE :keyword OR m.director LIKE :keyword'
	at org.springframework.beans.factory.support.AbstractAutowireCapableBeanFactory.initializeBean(AbstractAutowireCapableBeanFactory.java:1817)
	at org.springframework.beans.factory.support.AbstractAutowireCapableBeanFactory.doCreateBean(AbstractAutowireCapableBeanFactory.java:603)
	at org.springframework.beans.factory.support.AbstractAutowireCapableBeanFactory.createBean(AbstractAutowireCapableBeanFactory.java:525)
	at org.springframework.beans.factory.support.AbstractBeanFactory.lambda$doGetBean$0(AbstractBeanFactory.java:333)
	at org.springframework.beans.factory.support.DefaultSingletonBeanRegistry.getSingleton(DefaultSingletonBeanRegistry.java:371)
	at org.springframework.beans.factory.support.AbstractBeanFactory.doGetBean(AbstractBeanFactory.java:331)
	at org.springframework.beans.factory.support.AbstractBeanFactory.getBean(AbstractBeanFactory.java:201)
	at org.springframework.beans.factory.support.DefaultListableBeanFactory.resolveBean(DefaultListableBeanFactory.java:1225)
	at org.springframework.beans.factory.support.DefaultListableBeanFactory.doResolveDependency(DefaultListableBeanFactory.java:1704)
	at org.springframework.beans.factory.support.DefaultListableBeanFactory.resolveDependency(DefaultListableBeanFactory.java:1651)
	at org.springframework.beans.factory.support.ConstructorResolver.resolveAutowiredArgument(ConstructorResolver.java:912)
	at org.springframework.beans.factory.support.ConstructorResolver.createArgumentArray(ConstructorResolver.java:791)
	... 38 common frames omitted
Caused by: org.springframework.data.repository.query.QueryCreationException: Cannot create query for method [MovieRepository.searchByKeyword(java.lang.String,org.springframework.data.domain.Pageable)]; Query validation failed for 'SELECT m FROM MovieEntity m WHERE m.title LIKE :keyword OR m.director LIKE :keyword'
	at org.springframework.data.repository.query.QueryCreationException.create(QueryCreationException.java:139)
	at org.springframework.data.repository.query.QueryCreationException.create(QueryCreationException.java:124)
	at org.springframework.data.jpa.repository.query.SimpleJpaQuery.validateQuery(SimpleJpaQuery.java:78)
	at org.springframework.data.jpa.repository.query.SimpleJpaQuery.<init>(SimpleJpaQuery.java:52)
	at org.springframework.data.jpa.repository.query.JpaQueryLookupStrategy$DeclaredQueryLookupStrategy.createStringQuery(JpaQueryLookupStrategy.java:228)
	at org.springframework.data.jpa.repository.query.JpaQueryLookupStrategy$DeclaredQueryLookupStrategy.resolveQuery(JpaQueryLookupStrategy.java:160)
	at org.springframework.data.jpa.repository.query.JpaQueryLookupStrategy$CreateIfNotFoundQueryLookupStrategy.resolveQuery(JpaQueryLookupStrategy.java:285)
	at org.springframework.data.jpa.repository.query.JpaQueryLookupStrategy$AbstractQueryLookupStrategy.resolveQuery(JpaQueryLookupStrategy.java:93)
	at org.springframework.data.repository.core.support.QueryExecutorMethodInterceptor.lookupQuery(QueryExecutorMethodInterceptor.java:114)
	at org.springframework.data.repository.core.support.QueryExecutorMethodInterceptor.mapMethodsToQuery(QueryExecutorMethodInterceptor.java:102)
	at org.springframework.data.repository.core.support.QueryExecutorMethodInterceptor.<init>(QueryExecutorMethodInterceptor.java:90)
	at org.springframework.data.repository.core.support.RepositoryFactorySupport.getRepository(RepositoryFactorySupport.java:413)
	at org.springframework.data.repository.core.support.RepositoryFactoryBeanSupport.lambda$afterPropertiesSet$1(RepositoryFactoryBeanSupport.java:361)
	at org.springframework.data.util.Lazy.getNullable(Lazy.java:136)
	at org.springframework.data.util.Lazy.get(Lazy.java:114)
	at org.springframework.data.repository.core.support.RepositoryFactoryBeanSupport.afterPropertiesSet(RepositoryFactoryBeanSupport.java:370)
	at org.springframework.data.jpa.repository.support.JpaRepositoryFactoryBean.afterPropertiesSet(JpaRepositoryFactoryBean.java:212)
	at org.springframework.beans.factory.support.AbstractAutowireCapableBeanFactory.invokeInitMethods(AbstractAutowireCapableBeanFactory.java:1864)
	at org.springframework.beans.factory.support.AbstractAutowireCapableBeanFactory.initializeBean(AbstractAutowireCapableBeanFactory.java:1813)
	... 49 common frames omitted
Caused by: java.lang.IllegalArgumentException: org.hibernate.query.sqm.UnknownEntityException: Could not resolve root entity 'MovieEntity'
	at org.hibernate.internal.ExceptionConverterImpl.convert(ExceptionConverterImpl.java:129)
	at org.hibernate.internal.ExceptionConverterImpl.convert(ExceptionConverterImpl.java:168)
	at org.hibernate.internal.ExceptionConverterImpl.convert(ExceptionConverterImpl.java:174)
	at org.hibernate.internal.AbstractSharedSessionContract.createQuery(AbstractSharedSessionContract.java:1010)
	at org.hibernate.internal.SessionImpl.createQuery(SessionImpl.java:155)
	at org.hibernate.internal.AbstractSharedSessionContract.createQuery(AbstractSharedSessionContract.java:919)
	at org.hibernate.internal.SessionImpl.createQuery(SessionImpl.java:155)
	at org.hibernate.internal.AbstractSharedSessionContract.createQuery(AbstractSharedSessionContract.java:142)
	at java.base/jdk.internal.reflect.DirectMethodHandleAccessor.invoke(DirectMethodHandleAccessor.java:103)
	at java.base/java.lang.reflect.Method.invoke(Method.java:580)
	at org.springframework.orm.jpa.ExtendedEntityManagerCreator$ExtendedEntityManagerInvocationHandler.invoke(ExtendedEntityManagerCreator.java:362)
	at jdk.proxy9/jdk.proxy9.$Proxy185.createQuery(Unknown Source)
	at org.springframework.data.jpa.repository.query.SimpleJpaQuery.validateQuery(SimpleJpaQuery.java:73)
	... 65 common frames omitted
Caused by: org.hibernate.query.sqm.UnknownEntityException: Could not resolve root entity 'MovieEntity'
	at org.hibernate.query.hql.internal.SemanticQueryBuilder.resolveRootEntity(SemanticQueryBuilder.java:2072)
	at org.hibernate.query.hql.internal.SemanticQueryBuilder.visitRootEntity(SemanticQueryBuilder.java:2002)
	at org.hibernate.query.hql.internal.SemanticQueryBuilder.visitRootEntity(SemanticQueryBuilder.java:246)
	at org.hibernate.grammars.hql.HqlParser$RootEntityContext.accept(HqlParser.java:2820)
	at org.hibernate.query.hql.internal.SemanticQueryBuilder.visitEntityWithJoins(SemanticQueryBuilder.java:1972)
	at org.hibernate.query.hql.internal.SemanticQueryBuilder.visitFromClause(SemanticQueryBuilder.java:1959)
	at org.hibernate.query.hql.internal.SemanticQueryBuilder.visitQuery(SemanticQueryBuilder.java:1151)
	at org.hibernate.query.hql.internal.SemanticQueryBuilder.visitQuerySpecExpression(SemanticQueryBuilder.java:955)
	at org.hibernate.query.hql.internal.SemanticQueryBuilder.visitQuerySpecExpression(SemanticQueryBuilder.java:246)
	at org.hibernate.grammars.hql.HqlParser$QuerySpecExpressionContext.accept(HqlParser.java:2113)
	at org.hibernate.query.hql.internal.SemanticQueryBuilder.visitQueryExpression(SemanticQueryBuilder.java:984)
	at org.hibernate.query.hql.internal.SemanticQueryBuilder.visitQueryExpression(SemanticQueryBuilder.java:246)
	at org.hibernate.grammars.hql.HqlParser$QueryExpressionContext.accept(HqlParser.java:2003)
	at org.hibernate.query.hql.internal.SemanticQueryBuilder.visitSelectStatement(SemanticQueryBuilder.java:471)
	at org.hibernate.query.hql.internal.SemanticQueryBuilder.visitStatement(SemanticQueryBuilder.java:430)
	at org.hibernate.query.hql.internal.SemanticQueryBuilder.buildSemanticModel(SemanticQueryBuilder.java:291)
	at org.hibernate.query.hql.internal.StandardHqlTranslator.translate(StandardHqlTranslator.java:64)
	at org.hibernate.query.internal.QueryInterpretationCacheStandardImpl.createHqlInterpretation(QueryInterpretationCacheStandardImpl.java:165)
	at org.hibernate.query.internal.QueryInterpretationCacheStandardImpl.resolveHqlInterpretation(QueryInterpretationCacheStandardImpl.java:147)
	at org.hibernate.query.spi.QueryEngine.interpretHql(QueryEngine.java:61)
	at org.hibernate.internal.AbstractSharedSessionContract.interpretHql(AbstractSharedSessionContract.java:951)
	at org.hibernate.internal.AbstractSharedSessionContract.createQuery(AbstractSharedSessionContract.java:1002)
	... 74 common frames omitted
2026-04-01 15:44:59 [restartedMain] INFO  com.example.CineLogApplication - Starting CineLogApplication using Java 21.0.10 with PID 10308 (C:\Dev\WS_sts\cinelog\bin\main started by GGG in C:\Dev\WS_sts\cinelog)
2026-04-01 15:44:59 [restartedMain] INFO  com.example.CineLogApplication - No active profile set, falling back to 1 default profile: "default"
2026-04-01 15:44:59 [restartedMain] INFO  o.s.d.r.c.RepositoryConfigurationDelegate - Bootstrapping Spring Data JPA repositories in DEFAULT mode.
2026-04-01 15:44:59 [restartedMain] INFO  o.s.d.r.c.RepositoryConfigurationDelegate - Finished Spring Data repository scanning in 7 ms. Found 3 JPA repository interfaces.
2026-04-01 15:44:59 [restartedMain] INFO  o.s.boot.tomcat.TomcatWebServer - Tomcat initialized with port 8092 (http)
2026-04-01 15:44:59 [restartedMain] INFO  o.a.coyote.http11.Http11NioProtocol - Initializing ProtocolHandler ["http-nio-8092"]
2026-04-01 15:44:59 [restartedMain] INFO  o.a.catalina.core.StandardService - Starting service [Tomcat]
2026-04-01 15:44:59 [restartedMain] INFO  o.a.catalina.core.StandardEngine - Starting Servlet engine: [Apache Tomcat/11.0.20]
2026-04-01 15:44:59 [restartedMain] INFO  o.s.b.w.c.s.WebApplicationContextInitializer - Root WebApplicationContext: initialization completed in 185 ms
2026-04-01 15:44:59 [restartedMain] INFO  org.hibernate.orm.jpa - HHH008540: Processing PersistenceUnitInfo [name: default]
2026-04-01 15:44:59 [restartedMain] INFO  o.s.o.j.p.SpringPersistenceUnitInfo - No LoadTimeWeaver setup: ignoring JPA class transformer
2026-04-01 15:44:59 [restartedMain] INFO  com.zaxxer.hikari.HikariDataSource - HikariPool-7 - Starting...
2026-04-01 15:44:59 [restartedMain] INFO  com.zaxxer.hikari.pool.HikariPool - HikariPool-7 - Added connection oracle.jdbc.driver.T4CConnection@4124ecfd
2026-04-01 15:44:59 [restartedMain] INFO  com.zaxxer.hikari.HikariDataSource - HikariPool-7 - Start completed.
2026-04-01 15:44:59 [restartedMain] WARN  org.hibernate.orm.jdbc - HHH100123: Low default JDBC fetch size: 10 (consider setting 'hibernate.jdbc.fetch_size')
2026-04-01 15:44:59 [restartedMain] INFO  o.hibernate.orm.connections.pooling - HHH10001005: Database info:
	Database JDBC URL [jdbc:oracle:thin:@//localhost:1521/testdb]
	Database driver: Oracle JDBC driver
	Database dialect: OracleDialect
	Database version: 19.3
	Default catalog/schema: undefined/GREEN
	Autocommit mode: undefined/unknown
	Isolation level: READ_COMMITTED [default READ_COMMITTED]
	JDBC fetch size: 10
	Pool: DataSourceConnectionProvider
	Minimum pool size: undefined/unknown
	Maximum pool size: undefined/unknown
2026-04-01 15:44:59 [restartedMain] INFO  org.hibernate.orm.core - HHH000489: No JTA platform available (set 'hibernate.transaction.jta.platform' to enable JTA platform integration)
2026-04-01 15:44:59 [restartedMain] INFO  o.s.o.j.LocalContainerEntityManagerFactoryBean - Initialized JPA EntityManagerFactory for persistence unit 'default'
2026-04-01 15:44:59 [restartedMain] WARN  o.s.b.w.s.s.c.AnnotationConfigServletWebServerApplicationContext - Exception encountered during context initialization - cancelling refresh attempt: org.springframework.beans.factory.UnsatisfiedDependencyException: Error creating bean with name 'memberController' defined in file [C:\Dev\WS_sts\cinelog\bin\main\com\example\controller\MemberController.class]: Unsatisfied dependency expressed through constructor parameter 0: Error creating bean with name 'memberService' defined in file [C:\Dev\WS_sts\cinelog\bin\main\com\example\service\MemberService.class]: Unsatisfied dependency expressed through constructor parameter 1: Error creating bean with name 'reviewRepository' defined in com.example.repository.ReviewRepository defined in @EnableJpaRepositories declared on DataJpaRepositoriesRegistrar.EnableJpaRepositoriesConfiguration: Query validation failed for 'SELECT r FROM ReviewEntity r WHERE r.movie.mno = :mno ORDER BY r.regDate DESC'
2026-04-01 15:44:59 [restartedMain] INFO  o.s.o.j.LocalContainerEntityManagerFactoryBean - Closing JPA EntityManagerFactory for persistence unit 'default'
2026-04-01 15:44:59 [restartedMain] INFO  com.zaxxer.hikari.HikariDataSource - HikariPool-7 - Shutdown initiated...
2026-04-01 15:44:59 [restartedMain] INFO  com.zaxxer.hikari.HikariDataSource - HikariPool-7 - Shutdown completed.
2026-04-01 15:44:59 [restartedMain] INFO  o.a.catalina.core.StandardService - Stopping service [Tomcat]
2026-04-01 15:44:59 [restartedMain] INFO  o.s.b.a.l.ConditionEvaluationReportLogger - 

Error starting ApplicationContext. To display the condition evaluation report re-run your application with 'debug' enabled.
2026-04-01 15:44:59 [restartedMain] ERROR o.s.boot.SpringApplication - Application run failed
org.springframework.beans.factory.UnsatisfiedDependencyException: Error creating bean with name 'memberController' defined in file [C:\Dev\WS_sts\cinelog\bin\main\com\example\controller\MemberController.class]: Unsatisfied dependency expressed through constructor parameter 0: Error creating bean with name 'memberService' defined in file [C:\Dev\WS_sts\cinelog\bin\main\com\example\service\MemberService.class]: Unsatisfied dependency expressed through constructor parameter 1: Error creating bean with name 'reviewRepository' defined in com.example.repository.ReviewRepository defined in @EnableJpaRepositories declared on DataJpaRepositoriesRegistrar.EnableJpaRepositoriesConfiguration: Query validation failed for 'SELECT r FROM ReviewEntity r WHERE r.movie.mno = :mno ORDER BY r.regDate DESC'
	at org.springframework.beans.factory.support.ConstructorResolver.createArgumentArray(ConstructorResolver.java:804)
	at org.springframework.beans.factory.support.ConstructorResolver.autowireConstructor(ConstructorResolver.java:240)
	at org.springframework.beans.factory.support.AbstractAutowireCapableBeanFactory.autowireConstructor(AbstractAutowireCapableBeanFactory.java:1382)
	at org.springframework.beans.factory.support.AbstractAutowireCapableBeanFactory.createBeanInstance(AbstractAutowireCapableBeanFactory.java:1221)
	at org.springframework.beans.factory.support.AbstractAutowireCapableBeanFactory.doCreateBean(AbstractAutowireCapableBeanFactory.java:565)
	at org.springframework.beans.factory.support.AbstractAutowireCapableBeanFactory.createBean(AbstractAutowireCapableBeanFactory.java:525)
	at org.springframework.beans.factory.support.AbstractBeanFactory.lambda$doGetBean$0(AbstractBeanFactory.java:333)
	at org.springframework.beans.factory.support.DefaultSingletonBeanRegistry.getSingleton(DefaultSingletonBeanRegistry.java:371)
	at org.springframework.beans.factory.support.AbstractBeanFactory.doGetBean(AbstractBeanFactory.java:331)
	at org.springframework.beans.factory.support.AbstractBeanFactory.getBean(AbstractBeanFactory.java:196)
	at org.springframework.beans.factory.support.DefaultListableBeanFactory.instantiateSingleton(DefaultListableBeanFactory.java:1218)
	at org.springframework.beans.factory.support.DefaultListableBeanFactory.preInstantiateSingleton(DefaultListableBeanFactory.java:1184)
	at org.springframework.beans.factory.support.DefaultListableBeanFactory.preInstantiateSingletons(DefaultListableBeanFactory.java:1121)
	at org.springframework.context.support.AbstractApplicationContext.finishBeanFactoryInitialization(AbstractApplicationContext.java:994)
	at org.springframework.context.support.AbstractApplicationContext.refresh(AbstractApplicationContext.java:621)
	at org.springframework.boot.web.server.servlet.context.ServletWebServerApplicationContext.refresh(ServletWebServerApplicationContext.java:143)
	at org.springframework.boot.SpringApplication.refresh(SpringApplication.java:756)
	at org.springframework.boot.SpringApplication.refreshContext(SpringApplication.java:445)
	at org.springframework.boot.SpringApplication.run(SpringApplication.java:321)
	at org.springframework.boot.SpringApplication.run(SpringApplication.java:1365)
	at org.springframework.boot.SpringApplication.run(SpringApplication.java:1354)
	at com.example.CineLogApplication.main(CineLogApplication.java:14)
	at java.base/jdk.internal.reflect.DirectMethodHandleAccessor.invoke(DirectMethodHandleAccessor.java:103)
	at java.base/java.lang.reflect.Method.invoke(Method.java:580)
	at org.springframework.boot.devtools.restart.RestartLauncher.run(RestartLauncher.java:52)
Caused by: org.springframework.beans.factory.UnsatisfiedDependencyException: Error creating bean with name 'memberService' defined in file [C:\Dev\WS_sts\cinelog\bin\main\com\example\service\MemberService.class]: Unsatisfied dependency expressed through constructor parameter 1: Error creating bean with name 'reviewRepository' defined in com.example.repository.ReviewRepository defined in @EnableJpaRepositories declared on DataJpaRepositoriesRegistrar.EnableJpaRepositoriesConfiguration: Query validation failed for 'SELECT r FROM ReviewEntity r WHERE r.movie.mno = :mno ORDER BY r.regDate DESC'
	at org.springframework.beans.factory.support.ConstructorResolver.createArgumentArray(ConstructorResolver.java:804)
	at org.springframework.beans.factory.support.ConstructorResolver.autowireConstructor(ConstructorResolver.java:240)
	at org.springframework.beans.factory.support.AbstractAutowireCapableBeanFactory.autowireConstructor(AbstractAutowireCapableBeanFactory.java:1382)
	at org.springframework.beans.factory.support.AbstractAutowireCapableBeanFactory.createBeanInstance(AbstractAutowireCapableBeanFactory.java:1221)
	at org.springframework.beans.factory.support.AbstractAutowireCapableBeanFactory.doCreateBean(AbstractAutowireCapableBeanFactory.java:565)
	at org.springframework.beans.factory.support.AbstractAutowireCapableBeanFactory.createBean(AbstractAutowireCapableBeanFactory.java:525)
	at org.springframework.beans.factory.support.AbstractBeanFactory.lambda$doGetBean$0(AbstractBeanFactory.java:333)
	at org.springframework.beans.factory.support.DefaultSingletonBeanRegistry.getSingleton(DefaultSingletonBeanRegistry.java:371)
	at org.springframework.beans.factory.support.AbstractBeanFactory.doGetBean(AbstractBeanFactory.java:331)
	at org.springframework.beans.factory.support.AbstractBeanFactory.getBean(AbstractBeanFactory.java:201)
	at org.springframework.beans.factory.support.DefaultListableBeanFactory.resolveBean(DefaultListableBeanFactory.java:1225)
	at org.springframework.beans.factory.support.DefaultListableBeanFactory.doResolveDependency(DefaultListableBeanFactory.java:1704)
	at org.springframework.beans.factory.support.DefaultListableBeanFactory.resolveDependency(DefaultListableBeanFactory.java:1651)
	at org.springframework.beans.factory.support.ConstructorResolver.resolveAutowiredArgument(ConstructorResolver.java:912)
	at org.springframework.beans.factory.support.ConstructorResolver.createArgumentArray(ConstructorResolver.java:791)
	... 24 common frames omitted
Caused by: org.springframework.beans.factory.BeanCreationException: Error creating bean with name 'reviewRepository' defined in com.example.repository.ReviewRepository defined in @EnableJpaRepositories declared on DataJpaRepositoriesRegistrar.EnableJpaRepositoriesConfiguration: Query validation failed for 'SELECT r FROM ReviewEntity r WHERE r.movie.mno = :mno ORDER BY r.regDate DESC'
	at org.springframework.beans.factory.support.AbstractAutowireCapableBeanFactory.initializeBean(AbstractAutowireCapableBeanFactory.java:1817)
	at org.springframework.beans.factory.support.AbstractAutowireCapableBeanFactory.doCreateBean(AbstractAutowireCapableBeanFactory.java:603)
	at org.springframework.beans.factory.support.AbstractAutowireCapableBeanFactory.createBean(AbstractAutowireCapableBeanFactory.java:525)
	at org.springframework.beans.factory.support.AbstractBeanFactory.lambda$doGetBean$0(AbstractBeanFactory.java:333)
	at org.springframework.beans.factory.support.DefaultSingletonBeanRegistry.getSingleton(DefaultSingletonBeanRegistry.java:371)
	at org.springframework.beans.factory.support.AbstractBeanFactory.doGetBean(AbstractBeanFactory.java:331)
	at org.springframework.beans.factory.support.AbstractBeanFactory.getBean(AbstractBeanFactory.java:201)
	at org.springframework.beans.factory.support.DefaultListableBeanFactory.resolveBean(DefaultListableBeanFactory.java:1225)
	at org.springframework.beans.factory.support.DefaultListableBeanFactory.doResolveDependency(DefaultListableBeanFactory.java:1704)
	at org.springframework.beans.factory.support.DefaultListableBeanFactory.resolveDependency(DefaultListableBeanFactory.java:1651)
	at org.springframework.beans.factory.support.ConstructorResolver.resolveAutowiredArgument(ConstructorResolver.java:912)
	at org.springframework.beans.factory.support.ConstructorResolver.createArgumentArray(ConstructorResolver.java:791)
	... 38 common frames omitted
Caused by: org.springframework.data.repository.query.QueryCreationException: Cannot create query for method [ReviewRepository.findByMovieMno(java.lang.Long)]; Query validation failed for 'SELECT r FROM ReviewEntity r WHERE r.movie.mno = :mno ORDER BY r.regDate DESC'
	at org.springframework.data.repository.query.QueryCreationException.create(QueryCreationException.java:139)
	at org.springframework.data.repository.query.QueryCreationException.create(QueryCreationException.java:124)
	at org.springframework.data.jpa.repository.query.SimpleJpaQuery.validateQuery(SimpleJpaQuery.java:78)
	at org.springframework.data.jpa.repository.query.SimpleJpaQuery.<init>(SimpleJpaQuery.java:52)
	at org.springframework.data.jpa.repository.query.JpaQueryLookupStrategy$DeclaredQueryLookupStrategy.createStringQuery(JpaQueryLookupStrategy.java:228)
	at org.springframework.data.jpa.repository.query.JpaQueryLookupStrategy$DeclaredQueryLookupStrategy.resolveQuery(JpaQueryLookupStrategy.java:160)
	at org.springframework.data.jpa.repository.query.JpaQueryLookupStrategy$CreateIfNotFoundQueryLookupStrategy.resolveQuery(JpaQueryLookupStrategy.java:285)
	at org.springframework.data.jpa.repository.query.JpaQueryLookupStrategy$AbstractQueryLookupStrategy.resolveQuery(JpaQueryLookupStrategy.java:93)
	at org.springframework.data.repository.core.support.QueryExecutorMethodInterceptor.lookupQuery(QueryExecutorMethodInterceptor.java:114)
	at org.springframework.data.repository.core.support.QueryExecutorMethodInterceptor.mapMethodsToQuery(QueryExecutorMethodInterceptor.java:102)
	at org.springframework.data.repository.core.support.QueryExecutorMethodInterceptor.<init>(QueryExecutorMethodInterceptor.java:90)
	at org.springframework.data.repository.core.support.RepositoryFactorySupport.getRepository(RepositoryFactorySupport.java:413)
	at org.springframework.data.repository.core.support.RepositoryFactoryBeanSupport.lambda$afterPropertiesSet$1(RepositoryFactoryBeanSupport.java:361)
	at org.springframework.data.util.Lazy.getNullable(Lazy.java:136)
	at org.springframework.data.util.Lazy.get(Lazy.java:114)
	at org.springframework.data.repository.core.support.RepositoryFactoryBeanSupport.afterPropertiesSet(RepositoryFactoryBeanSupport.java:370)
	at org.springframework.data.jpa.repository.support.JpaRepositoryFactoryBean.afterPropertiesSet(JpaRepositoryFactoryBean.java:212)
	at org.springframework.beans.factory.support.AbstractAutowireCapableBeanFactory.invokeInitMethods(AbstractAutowireCapableBeanFactory.java:1864)
	at org.springframework.beans.factory.support.AbstractAutowireCapableBeanFactory.initializeBean(AbstractAutowireCapableBeanFactory.java:1813)
	... 49 common frames omitted
Caused by: java.lang.IllegalArgumentException: org.hibernate.query.sqm.UnknownEntityException: Could not resolve root entity 'ReviewEntity'
	at org.hibernate.internal.ExceptionConverterImpl.convert(ExceptionConverterImpl.java:129)
	at org.hibernate.internal.ExceptionConverterImpl.convert(ExceptionConverterImpl.java:168)
	at org.hibernate.internal.ExceptionConverterImpl.convert(ExceptionConverterImpl.java:174)
	at org.hibernate.internal.AbstractSharedSessionContract.createQuery(AbstractSharedSessionContract.java:1010)
	at org.hibernate.internal.SessionImpl.createQuery(SessionImpl.java:155)
	at org.hibernate.internal.AbstractSharedSessionContract.createQuery(AbstractSharedSessionContract.java:919)
	at org.hibernate.internal.SessionImpl.createQuery(SessionImpl.java:155)
	at org.hibernate.internal.AbstractSharedSessionContract.createQuery(AbstractSharedSessionContract.java:142)
	at java.base/jdk.internal.reflect.DirectMethodHandleAccessor.invoke(DirectMethodHandleAccessor.java:103)
	at java.base/java.lang.reflect.Method.invoke(Method.java:580)
	at org.springframework.orm.jpa.ExtendedEntityManagerCreator$ExtendedEntityManagerInvocationHandler.invoke(ExtendedEntityManagerCreator.java:362)
	at jdk.proxy10/jdk.proxy10.$Proxy189.createQuery(Unknown Source)
	at org.springframework.data.jpa.repository.query.SimpleJpaQuery.validateQuery(SimpleJpaQuery.java:73)
	... 65 common frames omitted
Caused by: org.hibernate.query.sqm.UnknownEntityException: Could not resolve root entity 'ReviewEntity'
	at org.hibernate.query.hql.internal.SemanticQueryBuilder.resolveRootEntity(SemanticQueryBuilder.java:2072)
	at org.hibernate.query.hql.internal.SemanticQueryBuilder.visitRootEntity(SemanticQueryBuilder.java:2002)
	at org.hibernate.query.hql.internal.SemanticQueryBuilder.visitRootEntity(SemanticQueryBuilder.java:246)
	at org.hibernate.grammars.hql.HqlParser$RootEntityContext.accept(HqlParser.java:2820)
	at org.hibernate.query.hql.internal.SemanticQueryBuilder.visitEntityWithJoins(SemanticQueryBuilder.java:1972)
	at org.hibernate.query.hql.internal.SemanticQueryBuilder.visitFromClause(SemanticQueryBuilder.java:1959)
	at org.hibernate.query.hql.internal.SemanticQueryBuilder.visitQuery(SemanticQueryBuilder.java:1151)
	at org.hibernate.query.hql.internal.SemanticQueryBuilder.visitQuerySpecExpression(SemanticQueryBuilder.java:955)
	at org.hibernate.query.hql.internal.SemanticQueryBuilder.visitQuerySpecExpression(SemanticQueryBuilder.java:246)
	at org.hibernate.grammars.hql.HqlParser$QuerySpecExpressionContext.accept(HqlParser.java:2113)
	at org.hibernate.query.hql.internal.SemanticQueryBuilder.visitQueryExpression(SemanticQueryBuilder.java:984)
	at org.hibernate.query.hql.internal.SemanticQueryBuilder.visitQueryExpression(SemanticQueryBuilder.java:246)
	at org.hibernate.grammars.hql.HqlParser$QueryExpressionContext.accept(HqlParser.java:2003)
	at org.hibernate.query.hql.internal.SemanticQueryBuilder.visitSelectStatement(SemanticQueryBuilder.java:471)
	at org.hibernate.query.hql.internal.SemanticQueryBuilder.visitStatement(SemanticQueryBuilder.java:430)
	at org.hibernate.query.hql.internal.SemanticQueryBuilder.buildSemanticModel(SemanticQueryBuilder.java:291)
	at org.hibernate.query.hql.internal.StandardHqlTranslator.translate(StandardHqlTranslator.java:64)
	at org.hibernate.query.internal.QueryInterpretationCacheStandardImpl.createHqlInterpretation(QueryInterpretationCacheStandardImpl.java:165)
	at org.hibernate.query.internal.QueryInterpretationCacheStandardImpl.resolveHqlInterpretation(QueryInterpretationCacheStandardImpl.java:147)
	at org.hibernate.query.spi.QueryEngine.interpretHql(QueryEngine.java:61)
	at org.hibernate.internal.AbstractSharedSessionContract.interpretHql(AbstractSharedSessionContract.java:951)
	at org.hibernate.internal.AbstractSharedSessionContract.createQuery(AbstractSharedSessionContract.java:1002)
	... 74 common frames omitted
2026-04-01 15:51:52 [restartedMain] INFO  com.example.CineLogApplication - Starting CineLogApplication using Java 21.0.10 with PID 10308 (C:\Dev\WS_sts\cinelog\bin\main started by GGG in C:\Dev\WS_sts\cinelog)
2026-04-01 15:51:52 [restartedMain] INFO  com.example.CineLogApplication - No active profile set, falling back to 1 default profile: "default"
2026-04-01 15:51:52 [restartedMain] INFO  o.s.d.r.c.RepositoryConfigurationDelegate - Bootstrapping Spring Data JPA repositories in DEFAULT mode.
2026-04-01 15:51:52 [restartedMain] INFO  o.s.d.r.c.RepositoryConfigurationDelegate - Finished Spring Data repository scanning in 8 ms. Found 3 JPA repository interfaces.
2026-04-01 15:51:52 [restartedMain] INFO  o.s.boot.tomcat.TomcatWebServer - Tomcat initialized with port 8092 (http)
2026-04-01 15:51:52 [restartedMain] INFO  o.a.coyote.http11.Http11NioProtocol - Initializing ProtocolHandler ["http-nio-8092"]
2026-04-01 15:51:52 [restartedMain] INFO  o.a.catalina.core.StandardService - Starting service [Tomcat]
2026-04-01 15:51:52 [restartedMain] INFO  o.a.catalina.core.StandardEngine - Starting Servlet engine: [Apache Tomcat/11.0.20]
2026-04-01 15:51:52 [restartedMain] INFO  o.s.b.w.c.s.WebApplicationContextInitializer - Root WebApplicationContext: initialization completed in 211 ms
2026-04-01 15:51:52 [restartedMain] INFO  org.hibernate.orm.jpa - HHH008540: Processing PersistenceUnitInfo [name: default]
2026-04-01 15:51:52 [restartedMain] INFO  o.s.o.j.p.SpringPersistenceUnitInfo - No LoadTimeWeaver setup: ignoring JPA class transformer
2026-04-01 15:51:52 [restartedMain] INFO  com.zaxxer.hikari.HikariDataSource - HikariPool-8 - Starting...
2026-04-01 15:51:52 [restartedMain] INFO  com.zaxxer.hikari.pool.HikariPool - HikariPool-8 - Added connection oracle.jdbc.driver.T4CConnection@65c2dbf8
2026-04-01 15:51:52 [restartedMain] INFO  com.zaxxer.hikari.HikariDataSource - HikariPool-8 - Start completed.
2026-04-01 15:51:52 [restartedMain] WARN  org.hibernate.orm.jdbc - HHH100123: Low default JDBC fetch size: 10 (consider setting 'hibernate.jdbc.fetch_size')
2026-04-01 15:51:52 [restartedMain] INFO  o.hibernate.orm.connections.pooling - HHH10001005: Database info:
	Database JDBC URL [jdbc:oracle:thin:@//localhost:1521/testdb]
	Database driver: Oracle JDBC driver
	Database dialect: OracleDialect
	Database version: 19.3
	Default catalog/schema: undefined/GREEN
	Autocommit mode: undefined/unknown
	Isolation level: READ_COMMITTED [default READ_COMMITTED]
	JDBC fetch size: 10
	Pool: DataSourceConnectionProvider
	Minimum pool size: undefined/unknown
	Maximum pool size: undefined/unknown
2026-04-01 15:51:52 [restartedMain] INFO  org.hibernate.orm.core - HHH000489: No JTA platform available (set 'hibernate.transaction.jta.platform' to enable JTA platform integration)
2026-04-01 15:51:52 [restartedMain] INFO  o.s.o.j.LocalContainerEntityManagerFactoryBean - Initialized JPA EntityManagerFactory for persistence unit 'default'
2026-04-01 15:51:52 [restartedMain] WARN  o.s.b.w.s.s.c.AnnotationConfigServletWebServerApplicationContext - Exception encountered during context initialization - cancelling refresh attempt: org.springframework.beans.factory.UnsatisfiedDependencyException: Error creating bean with name 'memberController' defined in file [C:\Dev\WS_sts\cinelog\bin\main\com\example\controller\MemberController.class]: Unsatisfied dependency expressed through constructor parameter 0: Error creating bean with name 'memberService' defined in file [C:\Dev\WS_sts\cinelog\bin\main\com\example\service\MemberService.class]: Unsatisfied dependency expressed through constructor parameter 1: Error creating bean with name 'reviewRepository' defined in com.example.repository.ReviewRepository defined in @EnableJpaRepositories declared on DataJpaRepositoriesRegistrar.EnableJpaRepositoriesConfiguration: Query validation failed for 'SELECT r FROM ReviewEntity r WHERE r.movie.mno = :mno ORDER BY r.regDate DESC'
2026-04-01 15:51:52 [restartedMain] INFO  o.s.o.j.LocalContainerEntityManagerFactoryBean - Closing JPA EntityManagerFactory for persistence unit 'default'
2026-04-01 15:51:52 [restartedMain] INFO  com.zaxxer.hikari.HikariDataSource - HikariPool-8 - Shutdown initiated...
2026-04-01 15:51:52 [restartedMain] INFO  com.zaxxer.hikari.HikariDataSource - HikariPool-8 - Shutdown completed.
2026-04-01 15:51:52 [restartedMain] INFO  o.a.catalina.core.StandardService - Stopping service [Tomcat]
2026-04-01 15:51:52 [restartedMain] INFO  o.s.b.a.l.ConditionEvaluationReportLogger - 

Error starting ApplicationContext. To display the condition evaluation report re-run your application with 'debug' enabled.
2026-04-01 15:51:52 [restartedMain] ERROR o.s.boot.SpringApplication - Application run failed
org.springframework.beans.factory.UnsatisfiedDependencyException: Error creating bean with name 'memberController' defined in file [C:\Dev\WS_sts\cinelog\bin\main\com\example\controller\MemberController.class]: Unsatisfied dependency expressed through constructor parameter 0: Error creating bean with name 'memberService' defined in file [C:\Dev\WS_sts\cinelog\bin\main\com\example\service\MemberService.class]: Unsatisfied dependency expressed through constructor parameter 1: Error creating bean with name 'reviewRepository' defined in com.example.repository.ReviewRepository defined in @EnableJpaRepositories declared on DataJpaRepositoriesRegistrar.EnableJpaRepositoriesConfiguration: Query validation failed for 'SELECT r FROM ReviewEntity r WHERE r.movie.mno = :mno ORDER BY r.regDate DESC'
	at org.springframework.beans.factory.support.ConstructorResolver.createArgumentArray(ConstructorResolver.java:804)
	at org.springframework.beans.factory.support.ConstructorResolver.autowireConstructor(ConstructorResolver.java:240)
	at org.springframework.beans.factory.support.AbstractAutowireCapableBeanFactory.autowireConstructor(AbstractAutowireCapableBeanFactory.java:1382)
	at org.springframework.beans.factory.support.AbstractAutowireCapableBeanFactory.createBeanInstance(AbstractAutowireCapableBeanFactory.java:1221)
	at org.springframework.beans.factory.support.AbstractAutowireCapableBeanFactory.doCreateBean(AbstractAutowireCapableBeanFactory.java:565)
	at org.springframework.beans.factory.support.AbstractAutowireCapableBeanFactory.createBean(AbstractAutowireCapableBeanFactory.java:525)
	at org.springframework.beans.factory.support.AbstractBeanFactory.lambda$doGetBean$0(AbstractBeanFactory.java:333)
	at org.springframework.beans.factory.support.DefaultSingletonBeanRegistry.getSingleton(DefaultSingletonBeanRegistry.java:371)
	at org.springframework.beans.factory.support.AbstractBeanFactory.doGetBean(AbstractBeanFactory.java:331)
	at org.springframework.beans.factory.support.AbstractBeanFactory.getBean(AbstractBeanFactory.java:196)
	at org.springframework.beans.factory.support.DefaultListableBeanFactory.instantiateSingleton(DefaultListableBeanFactory.java:1218)
	at org.springframework.beans.factory.support.DefaultListableBeanFactory.preInstantiateSingleton(DefaultListableBeanFactory.java:1184)
	at org.springframework.beans.factory.support.DefaultListableBeanFactory.preInstantiateSingletons(DefaultListableBeanFactory.java:1121)
	at org.springframework.context.support.AbstractApplicationContext.finishBeanFactoryInitialization(AbstractApplicationContext.java:994)
	at org.springframework.context.support.AbstractApplicationContext.refresh(AbstractApplicationContext.java:621)
	at org.springframework.boot.web.server.servlet.context.ServletWebServerApplicationContext.refresh(ServletWebServerApplicationContext.java:143)
	at org.springframework.boot.SpringApplication.refresh(SpringApplication.java:756)
	at org.springframework.boot.SpringApplication.refreshContext(SpringApplication.java:445)
	at org.springframework.boot.SpringApplication.run(SpringApplication.java:321)
	at org.springframework.boot.SpringApplication.run(SpringApplication.java:1365)
	at org.springframework.boot.SpringApplication.run(SpringApplication.java:1354)
	at com.example.CineLogApplication.main(CineLogApplication.java:14)
	at java.base/jdk.internal.reflect.DirectMethodHandleAccessor.invoke(DirectMethodHandleAccessor.java:103)
	at java.base/java.lang.reflect.Method.invoke(Method.java:580)
	at org.springframework.boot.devtools.restart.RestartLauncher.run(RestartLauncher.java:52)
Caused by: org.springframework.beans.factory.UnsatisfiedDependencyException: Error creating bean with name 'memberService' defined in file [C:\Dev\WS_sts\cinelog\bin\main\com\example\service\MemberService.class]: Unsatisfied dependency expressed through constructor parameter 1: Error creating bean with name 'reviewRepository' defined in com.example.repository.ReviewRepository defined in @EnableJpaRepositories declared on DataJpaRepositoriesRegistrar.EnableJpaRepositoriesConfiguration: Query validation failed for 'SELECT r FROM ReviewEntity r WHERE r.movie.mno = :mno ORDER BY r.regDate DESC'
	at org.springframework.beans.factory.support.ConstructorResolver.createArgumentArray(ConstructorResolver.java:804)
	at org.springframework.beans.factory.support.ConstructorResolver.autowireConstructor(ConstructorResolver.java:240)
	at org.springframework.beans.factory.support.AbstractAutowireCapableBeanFactory.autowireConstructor(AbstractAutowireCapableBeanFactory.java:1382)
	at org.springframework.beans.factory.support.AbstractAutowireCapableBeanFactory.createBeanInstance(AbstractAutowireCapableBeanFactory.java:1221)
	at org.springframework.beans.factory.support.AbstractAutowireCapableBeanFactory.doCreateBean(AbstractAutowireCapableBeanFactory.java:565)
	at org.springframework.beans.factory.support.AbstractAutowireCapableBeanFactory.createBean(AbstractAutowireCapableBeanFactory.java:525)
	at org.springframework.beans.factory.support.AbstractBeanFactory.lambda$doGetBean$0(AbstractBeanFactory.java:333)
	at org.springframework.beans.factory.support.DefaultSingletonBeanRegistry.getSingleton(DefaultSingletonBeanRegistry.java:371)
	at org.springframework.beans.factory.support.AbstractBeanFactory.doGetBean(AbstractBeanFactory.java:331)
	at org.springframework.beans.factory.support.AbstractBeanFactory.getBean(AbstractBeanFactory.java:201)
	at org.springframework.beans.factory.support.DefaultListableBeanFactory.resolveBean(DefaultListableBeanFactory.java:1225)
	at org.springframework.beans.factory.support.DefaultListableBeanFactory.doResolveDependency(DefaultListableBeanFactory.java:1704)
	at org.springframework.beans.factory.support.DefaultListableBeanFactory.resolveDependency(DefaultListableBeanFactory.java:1651)
	at org.springframework.beans.factory.support.ConstructorResolver.resolveAutowiredArgument(ConstructorResolver.java:912)
	at org.springframework.beans.factory.support.ConstructorResolver.createArgumentArray(ConstructorResolver.java:791)
	... 24 common frames omitted
Caused by: org.springframework.beans.factory.BeanCreationException: Error creating bean with name 'reviewRepository' defined in com.example.repository.ReviewRepository defined in @EnableJpaRepositories declared on DataJpaRepositoriesRegistrar.EnableJpaRepositoriesConfiguration: Query validation failed for 'SELECT r FROM ReviewEntity r WHERE r.movie.mno = :mno ORDER BY r.regDate DESC'
	at org.springframework.beans.factory.support.AbstractAutowireCapableBeanFactory.initializeBean(AbstractAutowireCapableBeanFactory.java:1817)
	at org.springframework.beans.factory.support.AbstractAutowireCapableBeanFactory.doCreateBean(AbstractAutowireCapableBeanFactory.java:603)
	at org.springframework.beans.factory.support.AbstractAutowireCapableBeanFactory.createBean(AbstractAutowireCapableBeanFactory.java:525)
	at org.springframework.beans.factory.support.AbstractBeanFactory.lambda$doGetBean$0(AbstractBeanFactory.java:333)
	at org.springframework.beans.factory.support.DefaultSingletonBeanRegistry.getSingleton(DefaultSingletonBeanRegistry.java:371)
	at org.springframework.beans.factory.support.AbstractBeanFactory.doGetBean(AbstractBeanFactory.java:331)
	at org.springframework.beans.factory.support.AbstractBeanFactory.getBean(AbstractBeanFactory.java:201)
	at org.springframework.beans.factory.support.DefaultListableBeanFactory.resolveBean(DefaultListableBeanFactory.java:1225)
	at org.springframework.beans.factory.support.DefaultListableBeanFactory.doResolveDependency(DefaultListableBeanFactory.java:1704)
	at org.springframework.beans.factory.support.DefaultListableBeanFactory.resolveDependency(DefaultListableBeanFactory.java:1651)
	at org.springframework.beans.factory.support.ConstructorResolver.resolveAutowiredArgument(ConstructorResolver.java:912)
	at org.springframework.beans.factory.support.ConstructorResolver.createArgumentArray(ConstructorResolver.java:791)
	... 38 common frames omitted
Caused by: org.springframework.data.repository.query.QueryCreationException: Cannot create query for method [ReviewRepository.findByMovieMno(java.lang.Long)]; Query validation failed for 'SELECT r FROM ReviewEntity r WHERE r.movie.mno = :mno ORDER BY r.regDate DESC'
	at org.springframework.data.repository.query.QueryCreationException.create(QueryCreationException.java:139)
	at org.springframework.data.repository.query.QueryCreationException.create(QueryCreationException.java:124)
	at org.springframework.data.jpa.repository.query.SimpleJpaQuery.validateQuery(SimpleJpaQuery.java:78)
	at org.springframework.data.jpa.repository.query.SimpleJpaQuery.<init>(SimpleJpaQuery.java:52)
	at org.springframework.data.jpa.repository.query.JpaQueryLookupStrategy$DeclaredQueryLookupStrategy.createStringQuery(JpaQueryLookupStrategy.java:228)
	at org.springframework.data.jpa.repository.query.JpaQueryLookupStrategy$DeclaredQueryLookupStrategy.resolveQuery(JpaQueryLookupStrategy.java:160)
	at org.springframework.data.jpa.repository.query.JpaQueryLookupStrategy$CreateIfNotFoundQueryLookupStrategy.resolveQuery(JpaQueryLookupStrategy.java:285)
	at org.springframework.data.jpa.repository.query.JpaQueryLookupStrategy$AbstractQueryLookupStrategy.resolveQuery(JpaQueryLookupStrategy.java:93)
	at org.springframework.data.repository.core.support.QueryExecutorMethodInterceptor.lookupQuery(QueryExecutorMethodInterceptor.java:114)
	at org.springframework.data.repository.core.support.QueryExecutorMethodInterceptor.mapMethodsToQuery(QueryExecutorMethodInterceptor.java:102)
	at org.springframework.data.repository.core.support.QueryExecutorMethodInterceptor.<init>(QueryExecutorMethodInterceptor.java:90)
	at org.springframework.data.repository.core.support.RepositoryFactorySupport.getRepository(RepositoryFactorySupport.java:413)
	at org.springframework.data.repository.core.support.RepositoryFactoryBeanSupport.lambda$afterPropertiesSet$1(RepositoryFactoryBeanSupport.java:361)
	at org.springframework.data.util.Lazy.getNullable(Lazy.java:136)
	at org.springframework.data.util.Lazy.get(Lazy.java:114)
	at org.springframework.data.repository.core.support.RepositoryFactoryBeanSupport.afterPropertiesSet(RepositoryFactoryBeanSupport.java:370)
	at org.springframework.data.jpa.repository.support.JpaRepositoryFactoryBean.afterPropertiesSet(JpaRepositoryFactoryBean.java:212)
	at org.springframework.beans.factory.support.AbstractAutowireCapableBeanFactory.invokeInitMethods(AbstractAutowireCapableBeanFactory.java:1864)
	at org.springframework.beans.factory.support.AbstractAutowireCapableBeanFactory.initializeBean(AbstractAutowireCapableBeanFactory.java:1813)
	... 49 common frames omitted
Caused by: java.lang.IllegalArgumentException: org.hibernate.query.sqm.UnknownEntityException: Could not resolve root entity 'ReviewEntity'
	at org.hibernate.internal.ExceptionConverterImpl.convert(ExceptionConverterImpl.java:129)
	at org.hibernate.internal.ExceptionConverterImpl.convert(ExceptionConverterImpl.java:168)
	at org.hibernate.internal.ExceptionConverterImpl.convert(ExceptionConverterImpl.java:174)
	at org.hibernate.internal.AbstractSharedSessionContract.createQuery(AbstractSharedSessionContract.java:1010)
	at org.hibernate.internal.SessionImpl.createQuery(SessionImpl.java:155)
	at org.hibernate.internal.AbstractSharedSessionContract.createQuery(AbstractSharedSessionContract.java:919)
	at org.hibernate.internal.SessionImpl.createQuery(SessionImpl.java:155)
	at org.hibernate.internal.AbstractSharedSessionContract.createQuery(AbstractSharedSessionContract.java:142)
	at java.base/jdk.internal.reflect.DirectMethodHandleAccessor.invoke(DirectMethodHandleAccessor.java:103)
	at java.base/java.lang.reflect.Method.invoke(Method.java:580)
	at org.springframework.orm.jpa.ExtendedEntityManagerCreator$ExtendedEntityManagerInvocationHandler.invoke(ExtendedEntityManagerCreator.java:362)
	at jdk.proxy11/jdk.proxy11.$Proxy192.createQuery(Unknown Source)
	at org.springframework.data.jpa.repository.query.SimpleJpaQuery.validateQuery(SimpleJpaQuery.java:73)
	... 65 common frames omitted
Caused by: org.hibernate.query.sqm.UnknownEntityException: Could not resolve root entity 'ReviewEntity'
	at org.hibernate.query.hql.internal.SemanticQueryBuilder.resolveRootEntity(SemanticQueryBuilder.java:2072)
	at org.hibernate.query.hql.internal.SemanticQueryBuilder.visitRootEntity(SemanticQueryBuilder.java:2002)
	at org.hibernate.query.hql.internal.SemanticQueryBuilder.visitRootEntity(SemanticQueryBuilder.java:246)
	at org.hibernate.grammars.hql.HqlParser$RootEntityContext.accept(HqlParser.java:2820)
	at org.hibernate.query.hql.internal.SemanticQueryBuilder.visitEntityWithJoins(SemanticQueryBuilder.java:1972)
	at org.hibernate.query.hql.internal.SemanticQueryBuilder.visitFromClause(SemanticQueryBuilder.java:1959)
	at org.hibernate.query.hql.internal.SemanticQueryBuilder.visitQuery(SemanticQueryBuilder.java:1151)
	at org.hibernate.query.hql.internal.SemanticQueryBuilder.visitQuerySpecExpression(SemanticQueryBuilder.java:955)
	at org.hibernate.query.hql.internal.SemanticQueryBuilder.visitQuerySpecExpression(SemanticQueryBuilder.java:246)
	at org.hibernate.grammars.hql.HqlParser$QuerySpecExpressionContext.accept(HqlParser.java:2113)
	at org.hibernate.query.hql.internal.SemanticQueryBuilder.visitQueryExpression(SemanticQueryBuilder.java:984)
	at org.hibernate.query.hql.internal.SemanticQueryBuilder.visitQueryExpression(SemanticQueryBuilder.java:246)
	at org.hibernate.grammars.hql.HqlParser$QueryExpressionContext.accept(HqlParser.java:2003)
	at org.hibernate.query.hql.internal.SemanticQueryBuilder.visitSelectStatement(SemanticQueryBuilder.java:471)
	at org.hibernate.query.hql.internal.SemanticQueryBuilder.visitStatement(SemanticQueryBuilder.java:430)
	at org.hibernate.query.hql.internal.SemanticQueryBuilder.buildSemanticModel(SemanticQueryBuilder.java:291)
	at org.hibernate.query.hql.internal.StandardHqlTranslator.translate(StandardHqlTranslator.java:64)
	at org.hibernate.query.internal.QueryInterpretationCacheStandardImpl.createHqlInterpretation(QueryInterpretationCacheStandardImpl.java:165)
	at org.hibernate.query.internal.QueryInterpretationCacheStandardImpl.resolveHqlInterpretation(QueryInterpretationCacheStandardImpl.java:147)
	at org.hibernate.query.spi.QueryEngine.interpretHql(QueryEngine.java:61)
	at org.hibernate.internal.AbstractSharedSessionContract.interpretHql(AbstractSharedSessionContract.java:951)
	at org.hibernate.internal.AbstractSharedSessionContract.createQuery(AbstractSharedSessionContract.java:1002)
	... 74 common frames omitted
2026-04-01 15:52:16 [restartedMain] INFO  com.example.CineLogApplication - Starting CineLogApplication using Java 21.0.10 with PID 10308 (C:\Dev\WS_sts\cinelog\bin\main started by GGG in C:\Dev\WS_sts\cinelog)
2026-04-01 15:52:16 [restartedMain] INFO  com.example.CineLogApplication - No active profile set, falling back to 1 default profile: "default"
2026-04-01 15:52:16 [restartedMain] INFO  o.s.d.r.c.RepositoryConfigurationDelegate - Bootstrapping Spring Data JPA repositories in DEFAULT mode.
2026-04-01 15:52:16 [restartedMain] INFO  o.s.d.r.c.RepositoryConfigurationDelegate - Finished Spring Data repository scanning in 9 ms. Found 3 JPA repository interfaces.
2026-04-01 15:52:16 [restartedMain] INFO  o.s.boot.tomcat.TomcatWebServer - Tomcat initialized with port 8092 (http)
2026-04-01 15:52:16 [restartedMain] INFO  o.a.coyote.http11.Http11NioProtocol - Initializing ProtocolHandler ["http-nio-8092"]
2026-04-01 15:52:16 [restartedMain] INFO  o.a.catalina.core.StandardService - Starting service [Tomcat]
2026-04-01 15:52:16 [restartedMain] INFO  o.a.catalina.core.StandardEngine - Starting Servlet engine: [Apache Tomcat/11.0.20]
2026-04-01 15:52:16 [restartedMain] INFO  o.s.b.w.c.s.WebApplicationContextInitializer - Root WebApplicationContext: initialization completed in 203 ms
2026-04-01 15:52:16 [restartedMain] INFO  org.hibernate.orm.jpa - HHH008540: Processing PersistenceUnitInfo [name: default]
2026-04-01 15:52:16 [restartedMain] INFO  o.s.o.j.p.SpringPersistenceUnitInfo - No LoadTimeWeaver setup: ignoring JPA class transformer
2026-04-01 15:52:16 [restartedMain] INFO  com.zaxxer.hikari.HikariDataSource - HikariPool-9 - Starting...
2026-04-01 15:52:16 [restartedMain] INFO  com.zaxxer.hikari.pool.HikariPool - HikariPool-9 - Added connection oracle.jdbc.driver.T4CConnection@39bf8eb4
2026-04-01 15:52:16 [restartedMain] INFO  com.zaxxer.hikari.HikariDataSource - HikariPool-9 - Start completed.
2026-04-01 15:52:16 [restartedMain] WARN  org.hibernate.orm.jdbc - HHH100123: Low default JDBC fetch size: 10 (consider setting 'hibernate.jdbc.fetch_size')
2026-04-01 15:52:16 [restartedMain] INFO  o.hibernate.orm.connections.pooling - HHH10001005: Database info:
	Database JDBC URL [jdbc:oracle:thin:@//localhost:1521/testdb]
	Database driver: Oracle JDBC driver
	Database dialect: OracleDialect
	Database version: 19.3
	Default catalog/schema: undefined/GREEN
	Autocommit mode: undefined/unknown
	Isolation level: READ_COMMITTED [default READ_COMMITTED]
	JDBC fetch size: 10
	Pool: DataSourceConnectionProvider
	Minimum pool size: undefined/unknown
	Maximum pool size: undefined/unknown
2026-04-01 15:52:17 [restartedMain] INFO  org.hibernate.orm.core - HHH000489: No JTA platform available (set 'hibernate.transaction.jta.platform' to enable JTA platform integration)
2026-04-01 15:52:17 [restartedMain] INFO  o.s.o.j.LocalContainerEntityManagerFactoryBean - Initialized JPA EntityManagerFactory for persistence unit 'default'
2026-04-01 15:52:17 [restartedMain] WARN  o.s.b.w.s.s.c.AnnotationConfigServletWebServerApplicationContext - Exception encountered during context initialization - cancelling refresh attempt: org.springframework.beans.factory.UnsatisfiedDependencyException: Error creating bean with name 'memberController' defined in file [C:\Dev\WS_sts\cinelog\bin\main\com\example\controller\MemberController.class]: Unsatisfied dependency expressed through constructor parameter 0: Error creating bean with name 'memberService' defined in file [C:\Dev\WS_sts\cinelog\bin\main\com\example\service\MemberService.class]: Unsatisfied dependency expressed through constructor parameter 1: Error creating bean with name 'reviewRepository' defined in com.example.repository.ReviewRepository defined in @EnableJpaRepositories declared on DataJpaRepositoriesRegistrar.EnableJpaRepositoriesConfiguration: Query validation failed for 'SELECT r FROM ReviewEntity r WHERE r.movie.mno = :mno ORDER BY r.regDate DESC'
2026-04-01 15:52:17 [restartedMain] INFO  o.s.o.j.LocalContainerEntityManagerFactoryBean - Closing JPA EntityManagerFactory for persistence unit 'default'
2026-04-01 15:52:17 [restartedMain] INFO  com.zaxxer.hikari.HikariDataSource - HikariPool-9 - Shutdown initiated...
2026-04-01 15:52:17 [restartedMain] INFO  com.zaxxer.hikari.HikariDataSource - HikariPool-9 - Shutdown completed.
2026-04-01 15:52:17 [restartedMain] INFO  o.a.catalina.core.StandardService - Stopping service [Tomcat]
2026-04-01 15:52:17 [restartedMain] INFO  o.s.b.a.l.ConditionEvaluationReportLogger - 

Error starting ApplicationContext. To display the condition evaluation report re-run your application with 'debug' enabled.
2026-04-01 15:52:17 [restartedMain] ERROR o.s.boot.SpringApplication - Application run failed
org.springframework.beans.factory.UnsatisfiedDependencyException: Error creating bean with name 'memberController' defined in file [C:\Dev\WS_sts\cinelog\bin\main\com\example\controller\MemberController.class]: Unsatisfied dependency expressed through constructor parameter 0: Error creating bean with name 'memberService' defined in file [C:\Dev\WS_sts\cinelog\bin\main\com\example\service\MemberService.class]: Unsatisfied dependency expressed through constructor parameter 1: Error creating bean with name 'reviewRepository' defined in com.example.repository.ReviewRepository defined in @EnableJpaRepositories declared on DataJpaRepositoriesRegistrar.EnableJpaRepositoriesConfiguration: Query validation failed for 'SELECT r FROM ReviewEntity r WHERE r.movie.mno = :mno ORDER BY r.regDate DESC'
	at org.springframework.beans.factory.support.ConstructorResolver.createArgumentArray(ConstructorResolver.java:804)
	at org.springframework.beans.factory.support.ConstructorResolver.autowireConstructor(ConstructorResolver.java:240)
	at org.springframework.beans.factory.support.AbstractAutowireCapableBeanFactory.autowireConstructor(AbstractAutowireCapableBeanFactory.java:1382)
	at org.springframework.beans.factory.support.AbstractAutowireCapableBeanFactory.createBeanInstance(AbstractAutowireCapableBeanFactory.java:1221)
	at org.springframework.beans.factory.support.AbstractAutowireCapableBeanFactory.doCreateBean(AbstractAutowireCapableBeanFactory.java:565)
	at org.springframework.beans.factory.support.AbstractAutowireCapableBeanFactory.createBean(AbstractAutowireCapableBeanFactory.java:525)
	at org.springframework.beans.factory.support.AbstractBeanFactory.lambda$doGetBean$0(AbstractBeanFactory.java:333)
	at org.springframework.beans.factory.support.DefaultSingletonBeanRegistry.getSingleton(DefaultSingletonBeanRegistry.java:371)
	at org.springframework.beans.factory.support.AbstractBeanFactory.doGetBean(AbstractBeanFactory.java:331)
	at org.springframework.beans.factory.support.AbstractBeanFactory.getBean(AbstractBeanFactory.java:196)
	at org.springframework.beans.factory.support.DefaultListableBeanFactory.instantiateSingleton(DefaultListableBeanFactory.java:1218)
	at org.springframework.beans.factory.support.DefaultListableBeanFactory.preInstantiateSingleton(DefaultListableBeanFactory.java:1184)
	at org.springframework.beans.factory.support.DefaultListableBeanFactory.preInstantiateSingletons(DefaultListableBeanFactory.java:1121)
	at org.springframework.context.support.AbstractApplicationContext.finishBeanFactoryInitialization(AbstractApplicationContext.java:994)
	at org.springframework.context.support.AbstractApplicationContext.refresh(AbstractApplicationContext.java:621)
	at org.springframework.boot.web.server.servlet.context.ServletWebServerApplicationContext.refresh(ServletWebServerApplicationContext.java:143)
	at org.springframework.boot.SpringApplication.refresh(SpringApplication.java:756)
	at org.springframework.boot.SpringApplication.refreshContext(SpringApplication.java:445)
	at org.springframework.boot.SpringApplication.run(SpringApplication.java:321)
	at org.springframework.boot.SpringApplication.run(SpringApplication.java:1365)
	at org.springframework.boot.SpringApplication.run(SpringApplication.java:1354)
	at com.example.CineLogApplication.main(CineLogApplication.java:14)
	at java.base/jdk.internal.reflect.DirectMethodHandleAccessor.invoke(DirectMethodHandleAccessor.java:103)
	at java.base/java.lang.reflect.Method.invoke(Method.java:580)
	at org.springframework.boot.devtools.restart.RestartLauncher.run(RestartLauncher.java:52)
Caused by: org.springframework.beans.factory.UnsatisfiedDependencyException: Error creating bean with name 'memberService' defined in file [C:\Dev\WS_sts\cinelog\bin\main\com\example\service\MemberService.class]: Unsatisfied dependency expressed through constructor parameter 1: Error creating bean with name 'reviewRepository' defined in com.example.repository.ReviewRepository defined in @EnableJpaRepositories declared on DataJpaRepositoriesRegistrar.EnableJpaRepositoriesConfiguration: Query validation failed for 'SELECT r FROM ReviewEntity r WHERE r.movie.mno = :mno ORDER BY r.regDate DESC'
	at org.springframework.beans.factory.support.ConstructorResolver.createArgumentArray(ConstructorResolver.java:804)
	at org.springframework.beans.factory.support.ConstructorResolver.autowireConstructor(ConstructorResolver.java:240)
	at org.springframework.beans.factory.support.AbstractAutowireCapableBeanFactory.autowireConstructor(AbstractAutowireCapableBeanFactory.java:1382)
	at org.springframework.beans.factory.support.AbstractAutowireCapableBeanFactory.createBeanInstance(AbstractAutowireCapableBeanFactory.java:1221)
	at org.springframework.beans.factory.support.AbstractAutowireCapableBeanFactory.doCreateBean(AbstractAutowireCapableBeanFactory.java:565)
	at org.springframework.beans.factory.support.AbstractAutowireCapableBeanFactory.createBean(AbstractAutowireCapableBeanFactory.java:525)
	at org.springframework.beans.factory.support.AbstractBeanFactory.lambda$doGetBean$0(AbstractBeanFactory.java:333)
	at org.springframework.beans.factory.support.DefaultSingletonBeanRegistry.getSingleton(DefaultSingletonBeanRegistry.java:371)
	at org.springframework.beans.factory.support.AbstractBeanFactory.doGetBean(AbstractBeanFactory.java:331)
	at org.springframework.beans.factory.support.AbstractBeanFactory.getBean(AbstractBeanFactory.java:201)
	at org.springframework.beans.factory.support.DefaultListableBeanFactory.resolveBean(DefaultListableBeanFactory.java:1225)
	at org.springframework.beans.factory.support.DefaultListableBeanFactory.doResolveDependency(DefaultListableBeanFactory.java:1704)
	at org.springframework.beans.factory.support.DefaultListableBeanFactory.resolveDependency(DefaultListableBeanFactory.java:1651)
	at org.springframework.beans.factory.support.ConstructorResolver.resolveAutowiredArgument(ConstructorResolver.java:912)
	at org.springframework.beans.factory.support.ConstructorResolver.createArgumentArray(ConstructorResolver.java:791)
	... 24 common frames omitted
Caused by: org.springframework.beans.factory.BeanCreationException: Error creating bean with name 'reviewRepository' defined in com.example.repository.ReviewRepository defined in @EnableJpaRepositories declared on DataJpaRepositoriesRegistrar.EnableJpaRepositoriesConfiguration: Query validation failed for 'SELECT r FROM ReviewEntity r WHERE r.movie.mno = :mno ORDER BY r.regDate DESC'
	at org.springframework.beans.factory.support.AbstractAutowireCapableBeanFactory.initializeBean(AbstractAutowireCapableBeanFactory.java:1817)
	at org.springframework.beans.factory.support.AbstractAutowireCapableBeanFactory.doCreateBean(AbstractAutowireCapableBeanFactory.java:603)
	at org.springframework.beans.factory.support.AbstractAutowireCapableBeanFactory.createBean(AbstractAutowireCapableBeanFactory.java:525)
	at org.springframework.beans.factory.support.AbstractBeanFactory.lambda$doGetBean$0(AbstractBeanFactory.java:333)
	at org.springframework.beans.factory.support.DefaultSingletonBeanRegistry.getSingleton(DefaultSingletonBeanRegistry.java:371)
	at org.springframework.beans.factory.support.AbstractBeanFactory.doGetBean(AbstractBeanFactory.java:331)
	at org.springframework.beans.factory.support.AbstractBeanFactory.getBean(AbstractBeanFactory.java:201)
	at org.springframework.beans.factory.support.DefaultListableBeanFactory.resolveBean(DefaultListableBeanFactory.java:1225)
	at org.springframework.beans.factory.support.DefaultListableBeanFactory.doResolveDependency(DefaultListableBeanFactory.java:1704)
	at org.springframework.beans.factory.support.DefaultListableBeanFactory.resolveDependency(DefaultListableBeanFactory.java:1651)
	at org.springframework.beans.factory.support.ConstructorResolver.resolveAutowiredArgument(ConstructorResolver.java:912)
	at org.springframework.beans.factory.support.ConstructorResolver.createArgumentArray(ConstructorResolver.java:791)
	... 38 common frames omitted
Caused by: org.springframework.data.repository.query.QueryCreationException: Cannot create query for method [ReviewRepository.findByMovieMno(java.lang.Long)]; Query validation failed for 'SELECT r FROM ReviewEntity r WHERE r.movie.mno = :mno ORDER BY r.regDate DESC'
	at org.springframework.data.repository.query.QueryCreationException.create(QueryCreationException.java:139)
	at org.springframework.data.repository.query.QueryCreationException.create(QueryCreationException.java:124)
	at org.springframework.data.jpa.repository.query.SimpleJpaQuery.validateQuery(SimpleJpaQuery.java:78)
	at org.springframework.data.jpa.repository.query.SimpleJpaQuery.<init>(SimpleJpaQuery.java:52)
	at org.springframework.data.jpa.repository.query.JpaQueryLookupStrategy$DeclaredQueryLookupStrategy.createStringQuery(JpaQueryLookupStrategy.java:228)
	at org.springframework.data.jpa.repository.query.JpaQueryLookupStrategy$DeclaredQueryLookupStrategy.resolveQuery(JpaQueryLookupStrategy.java:160)
	at org.springframework.data.jpa.repository.query.JpaQueryLookupStrategy$CreateIfNotFoundQueryLookupStrategy.resolveQuery(JpaQueryLookupStrategy.java:285)
	at org.springframework.data.jpa.repository.query.JpaQueryLookupStrategy$AbstractQueryLookupStrategy.resolveQuery(JpaQueryLookupStrategy.java:93)
	at org.springframework.data.repository.core.support.QueryExecutorMethodInterceptor.lookupQuery(QueryExecutorMethodInterceptor.java:114)
	at org.springframework.data.repository.core.support.QueryExecutorMethodInterceptor.mapMethodsToQuery(QueryExecutorMethodInterceptor.java:102)
	at org.springframework.data.repository.core.support.QueryExecutorMethodInterceptor.<init>(QueryExecutorMethodInterceptor.java:90)
	at org.springframework.data.repository.core.support.RepositoryFactorySupport.getRepository(RepositoryFactorySupport.java:413)
	at org.springframework.data.repository.core.support.RepositoryFactoryBeanSupport.lambda$afterPropertiesSet$1(RepositoryFactoryBeanSupport.java:361)
	at org.springframework.data.util.Lazy.getNullable(Lazy.java:136)
	at org.springframework.data.util.Lazy.get(Lazy.java:114)
	at org.springframework.data.repository.core.support.RepositoryFactoryBeanSupport.afterPropertiesSet(RepositoryFactoryBeanSupport.java:370)
	at org.springframework.data.jpa.repository.support.JpaRepositoryFactoryBean.afterPropertiesSet(JpaRepositoryFactoryBean.java:212)
	at org.springframework.beans.factory.support.AbstractAutowireCapableBeanFactory.invokeInitMethods(AbstractAutowireCapableBeanFactory.java:1864)
	at org.springframework.beans.factory.support.AbstractAutowireCapableBeanFactory.initializeBean(AbstractAutowireCapableBeanFactory.java:1813)
	... 49 common frames omitted
Caused by: java.lang.IllegalArgumentException: org.hibernate.query.sqm.UnknownEntityException: Could not resolve root entity 'ReviewEntity'
	at org.hibernate.internal.ExceptionConverterImpl.convert(ExceptionConverterImpl.java:129)
	at org.hibernate.internal.ExceptionConverterImpl.convert(ExceptionConverterImpl.java:168)
	at org.hibernate.internal.ExceptionConverterImpl.convert(ExceptionConverterImpl.java:174)
	at org.hibernate.internal.AbstractSharedSessionContract.createQuery(AbstractSharedSessionContract.java:1010)
	at org.hibernate.internal.SessionImpl.createQuery(SessionImpl.java:155)
	at org.hibernate.internal.AbstractSharedSessionContract.createQuery(AbstractSharedSessionContract.java:919)
	at org.hibernate.internal.SessionImpl.createQuery(SessionImpl.java:155)
	at org.hibernate.internal.AbstractSharedSessionContract.createQuery(AbstractSharedSessionContract.java:142)
	at java.base/jdk.internal.reflect.DirectMethodHandleAccessor.invoke(DirectMethodHandleAccessor.java:103)
	at java.base/java.lang.reflect.Method.invoke(Method.java:580)
	at org.springframework.orm.jpa.ExtendedEntityManagerCreator$ExtendedEntityManagerInvocationHandler.invoke(ExtendedEntityManagerCreator.java:362)
	at jdk.proxy12/jdk.proxy12.$Proxy195.createQuery(Unknown Source)
	at org.springframework.data.jpa.repository.query.SimpleJpaQuery.validateQuery(SimpleJpaQuery.java:73)
	... 65 common frames omitted
Caused by: org.hibernate.query.sqm.UnknownEntityException: Could not resolve root entity 'ReviewEntity'
	at org.hibernate.query.hql.internal.SemanticQueryBuilder.resolveRootEntity(SemanticQueryBuilder.java:2072)
	at org.hibernate.query.hql.internal.SemanticQueryBuilder.visitRootEntity(SemanticQueryBuilder.java:2002)
	at org.hibernate.query.hql.internal.SemanticQueryBuilder.visitRootEntity(SemanticQueryBuilder.java:246)
	at org.hibernate.grammars.hql.HqlParser$RootEntityContext.accept(HqlParser.java:2820)
	at org.hibernate.query.hql.internal.SemanticQueryBuilder.visitEntityWithJoins(SemanticQueryBuilder.java:1972)
	at org.hibernate.query.hql.internal.SemanticQueryBuilder.visitFromClause(SemanticQueryBuilder.java:1959)
	at org.hibernate.query.hql.internal.SemanticQueryBuilder.visitQuery(SemanticQueryBuilder.java:1151)
	at org.hibernate.query.hql.internal.SemanticQueryBuilder.visitQuerySpecExpression(SemanticQueryBuilder.java:955)
	at org.hibernate.query.hql.internal.SemanticQueryBuilder.visitQuerySpecExpression(SemanticQueryBuilder.java:246)
	at org.hibernate.grammars.hql.HqlParser$QuerySpecExpressionContext.accept(HqlParser.java:2113)
	at org.hibernate.query.hql.internal.SemanticQueryBuilder.visitQueryExpression(SemanticQueryBuilder.java:984)
	at org.hibernate.query.hql.internal.SemanticQueryBuilder.visitQueryExpression(SemanticQueryBuilder.java:246)
	at org.hibernate.grammars.hql.HqlParser$QueryExpressionContext.accept(HqlParser.java:2003)
	at org.hibernate.query.hql.internal.SemanticQueryBuilder.visitSelectStatement(SemanticQueryBuilder.java:471)
	at org.hibernate.query.hql.internal.SemanticQueryBuilder.visitStatement(SemanticQueryBuilder.java:430)
	at org.hibernate.query.hql.internal.SemanticQueryBuilder.buildSemanticModel(SemanticQueryBuilder.java:291)
	at org.hibernate.query.hql.internal.StandardHqlTranslator.translate(StandardHqlTranslator.java:64)
	at org.hibernate.query.internal.QueryInterpretationCacheStandardImpl.createHqlInterpretation(QueryInterpretationCacheStandardImpl.java:165)
	at org.hibernate.query.internal.QueryInterpretationCacheStandardImpl.resolveHqlInterpretation(QueryInterpretationCacheStandardImpl.java:147)
	at org.hibernate.query.spi.QueryEngine.interpretHql(QueryEngine.java:61)
	at org.hibernate.internal.AbstractSharedSessionContract.interpretHql(AbstractSharedSessionContract.java:951)
	at org.hibernate.internal.AbstractSharedSessionContract.createQuery(AbstractSharedSessionContract.java:1002)
	... 74 common frames omitted
2026-04-01 15:52:50 [restartedMain] INFO  com.example.CineLogApplication - Starting CineLogApplication using Java 21.0.10 with PID 10308 (C:\Dev\WS_sts\cinelog\bin\main started by GGG in C:\Dev\WS_sts\cinelog)
2026-04-01 15:52:50 [restartedMain] INFO  com.example.CineLogApplication - No active profile set, falling back to 1 default profile: "default"
2026-04-01 15:52:50 [restartedMain] INFO  o.s.d.r.c.RepositoryConfigurationDelegate - Bootstrapping Spring Data JPA repositories in DEFAULT mode.
2026-04-01 15:52:50 [restartedMain] INFO  o.s.d.r.c.RepositoryConfigurationDelegate - Finished Spring Data repository scanning in 10 ms. Found 3 JPA repository interfaces.
2026-04-01 15:52:50 [restartedMain] INFO  o.s.boot.tomcat.TomcatWebServer - Tomcat initialized with port 8092 (http)
2026-04-01 15:52:50 [restartedMain] INFO  o.a.coyote.http11.Http11NioProtocol - Initializing ProtocolHandler ["http-nio-8092"]
2026-04-01 15:52:50 [restartedMain] INFO  o.a.catalina.core.StandardService - Starting service [Tomcat]
2026-04-01 15:52:50 [restartedMain] INFO  o.a.catalina.core.StandardEngine - Starting Servlet engine: [Apache Tomcat/11.0.20]
2026-04-01 15:52:50 [restartedMain] INFO  o.s.b.w.c.s.WebApplicationContextInitializer - Root WebApplicationContext: initialization completed in 231 ms
2026-04-01 15:52:50 [restartedMain] INFO  org.hibernate.orm.jpa - HHH008540: Processing PersistenceUnitInfo [name: default]
2026-04-01 15:52:50 [restartedMain] INFO  o.s.o.j.p.SpringPersistenceUnitInfo - No LoadTimeWeaver setup: ignoring JPA class transformer
2026-04-01 15:52:50 [restartedMain] INFO  com.zaxxer.hikari.HikariDataSource - HikariPool-10 - Starting...
2026-04-01 15:52:50 [restartedMain] INFO  com.zaxxer.hikari.pool.HikariPool - HikariPool-10 - Added connection oracle.jdbc.driver.T4CConnection@2e705d4d
2026-04-01 15:52:50 [restartedMain] INFO  com.zaxxer.hikari.HikariDataSource - HikariPool-10 - Start completed.
2026-04-01 15:52:50 [restartedMain] WARN  org.hibernate.orm.jdbc - HHH100123: Low default JDBC fetch size: 10 (consider setting 'hibernate.jdbc.fetch_size')
2026-04-01 15:52:50 [restartedMain] INFO  o.hibernate.orm.connections.pooling - HHH10001005: Database info:
	Database JDBC URL [jdbc:oracle:thin:@//localhost:1521/testdb]
	Database driver: Oracle JDBC driver
	Database dialect: OracleDialect
	Database version: 19.3
	Default catalog/schema: undefined/GREEN
	Autocommit mode: undefined/unknown
	Isolation level: READ_COMMITTED [default READ_COMMITTED]
	JDBC fetch size: 10
	Pool: DataSourceConnectionProvider
	Minimum pool size: undefined/unknown
	Maximum pool size: undefined/unknown
2026-04-01 15:52:50 [restartedMain] INFO  org.hibernate.orm.core - HHH000489: No JTA platform available (set 'hibernate.transaction.jta.platform' to enable JTA platform integration)
2026-04-01 15:52:50 [restartedMain] INFO  o.s.o.j.LocalContainerEntityManagerFactoryBean - Initialized JPA EntityManagerFactory for persistence unit 'default'
2026-04-01 15:52:50 [restartedMain] WARN  o.s.b.w.s.s.c.AnnotationConfigServletWebServerApplicationContext - Exception encountered during context initialization - cancelling refresh attempt: org.springframework.beans.factory.UnsatisfiedDependencyException: Error creating bean with name 'memberController' defined in file [C:\Dev\WS_sts\cinelog\bin\main\com\example\controller\MemberController.class]: Unsatisfied dependency expressed through constructor parameter 0: Error creating bean with name 'memberService' defined in file [C:\Dev\WS_sts\cinelog\bin\main\com\example\service\MemberService.class]: Unsatisfied dependency expressed through constructor parameter 1: Error creating bean with name 'reviewRepository' defined in com.example.repository.ReviewRepository defined in @EnableJpaRepositories declared on DataJpaRepositoriesRegistrar.EnableJpaRepositoriesConfiguration: Query validation failed for 'SELECT r FROM ReviewEntity r WHERE r.movie.mno = :mno ORDER BY r.regDate DESC'
2026-04-01 15:52:50 [restartedMain] INFO  o.s.o.j.LocalContainerEntityManagerFactoryBean - Closing JPA EntityManagerFactory for persistence unit 'default'
2026-04-01 15:52:50 [restartedMain] INFO  com.zaxxer.hikari.HikariDataSource - HikariPool-10 - Shutdown initiated...
2026-04-01 15:52:50 [restartedMain] INFO  com.zaxxer.hikari.HikariDataSource - HikariPool-10 - Shutdown completed.
2026-04-01 15:52:50 [restartedMain] INFO  o.a.catalina.core.StandardService - Stopping service [Tomcat]
2026-04-01 15:52:50 [restartedMain] INFO  o.s.b.a.l.ConditionEvaluationReportLogger - 

Error starting ApplicationContext. To display the condition evaluation report re-run your application with 'debug' enabled.
2026-04-01 15:52:50 [restartedMain] ERROR o.s.boot.SpringApplication - Application run failed
org.springframework.beans.factory.UnsatisfiedDependencyException: Error creating bean with name 'memberController' defined in file [C:\Dev\WS_sts\cinelog\bin\main\com\example\controller\MemberController.class]: Unsatisfied dependency expressed through constructor parameter 0: Error creating bean with name 'memberService' defined in file [C:\Dev\WS_sts\cinelog\bin\main\com\example\service\MemberService.class]: Unsatisfied dependency expressed through constructor parameter 1: Error creating bean with name 'reviewRepository' defined in com.example.repository.ReviewRepository defined in @EnableJpaRepositories declared on DataJpaRepositoriesRegistrar.EnableJpaRepositoriesConfiguration: Query validation failed for 'SELECT r FROM ReviewEntity r WHERE r.movie.mno = :mno ORDER BY r.regDate DESC'
	at org.springframework.beans.factory.support.ConstructorResolver.createArgumentArray(ConstructorResolver.java:804)
	at org.springframework.beans.factory.support.ConstructorResolver.autowireConstructor(ConstructorResolver.java:240)
	at org.springframework.beans.factory.support.AbstractAutowireCapableBeanFactory.autowireConstructor(AbstractAutowireCapableBeanFactory.java:1382)
	at org.springframework.beans.factory.support.AbstractAutowireCapableBeanFactory.createBeanInstance(AbstractAutowireCapableBeanFactory.java:1221)
	at org.springframework.beans.factory.support.AbstractAutowireCapableBeanFactory.doCreateBean(AbstractAutowireCapableBeanFactory.java:565)
	at org.springframework.beans.factory.support.AbstractAutowireCapableBeanFactory.createBean(AbstractAutowireCapableBeanFactory.java:525)
	at org.springframework.beans.factory.support.AbstractBeanFactory.lambda$doGetBean$0(AbstractBeanFactory.java:333)
	at org.springframework.beans.factory.support.DefaultSingletonBeanRegistry.getSingleton(DefaultSingletonBeanRegistry.java:371)
	at org.springframework.beans.factory.support.AbstractBeanFactory.doGetBean(AbstractBeanFactory.java:331)
	at org.springframework.beans.factory.support.AbstractBeanFactory.getBean(AbstractBeanFactory.java:196)
	at org.springframework.beans.factory.support.DefaultListableBeanFactory.instantiateSingleton(DefaultListableBeanFactory.java:1218)
	at org.springframework.beans.factory.support.DefaultListableBeanFactory.preInstantiateSingleton(DefaultListableBeanFactory.java:1184)
	at org.springframework.beans.factory.support.DefaultListableBeanFactory.preInstantiateSingletons(DefaultListableBeanFactory.java:1121)
	at org.springframework.context.support.AbstractApplicationContext.finishBeanFactoryInitialization(AbstractApplicationContext.java:994)
	at org.springframework.context.support.AbstractApplicationContext.refresh(AbstractApplicationContext.java:621)
	at org.springframework.boot.web.server.servlet.context.ServletWebServerApplicationContext.refresh(ServletWebServerApplicationContext.java:143)
	at org.springframework.boot.SpringApplication.refresh(SpringApplication.java:756)
	at org.springframework.boot.SpringApplication.refreshContext(SpringApplication.java:445)
	at org.springframework.boot.SpringApplication.run(SpringApplication.java:321)
	at org.springframework.boot.SpringApplication.run(SpringApplication.java:1365)
	at org.springframework.boot.SpringApplication.run(SpringApplication.java:1354)
	at com.example.CineLogApplication.main(CineLogApplication.java:14)
	at java.base/jdk.internal.reflect.DirectMethodHandleAccessor.invoke(DirectMethodHandleAccessor.java:103)
	at java.base/java.lang.reflect.Method.invoke(Method.java:580)
	at org.springframework.boot.devtools.restart.RestartLauncher.run(RestartLauncher.java:52)
Caused by: org.springframework.beans.factory.UnsatisfiedDependencyException: Error creating bean with name 'memberService' defined in file [C:\Dev\WS_sts\cinelog\bin\main\com\example\service\MemberService.class]: Unsatisfied dependency expressed through constructor parameter 1: Error creating bean with name 'reviewRepository' defined in com.example.repository.ReviewRepository defined in @EnableJpaRepositories declared on DataJpaRepositoriesRegistrar.EnableJpaRepositoriesConfiguration: Query validation failed for 'SELECT r FROM ReviewEntity r WHERE r.movie.mno = :mno ORDER BY r.regDate DESC'
	at org.springframework.beans.factory.support.ConstructorResolver.createArgumentArray(ConstructorResolver.java:804)
	at org.springframework.beans.factory.support.ConstructorResolver.autowireConstructor(ConstructorResolver.java:240)
	at org.springframework.beans.factory.support.AbstractAutowireCapableBeanFactory.autowireConstructor(AbstractAutowireCapableBeanFactory.java:1382)
	at org.springframework.beans.factory.support.AbstractAutowireCapableBeanFactory.createBeanInstance(AbstractAutowireCapableBeanFactory.java:1221)
	at org.springframework.beans.factory.support.AbstractAutowireCapableBeanFactory.doCreateBean(AbstractAutowireCapableBeanFactory.java:565)
	at org.springframework.beans.factory.support.AbstractAutowireCapableBeanFactory.createBean(AbstractAutowireCapableBeanFactory.java:525)
	at org.springframework.beans.factory.support.AbstractBeanFactory.lambda$doGetBean$0(AbstractBeanFactory.java:333)
	at org.springframework.beans.factory.support.DefaultSingletonBeanRegistry.getSingleton(DefaultSingletonBeanRegistry.java:371)
	at org.springframework.beans.factory.support.AbstractBeanFactory.doGetBean(AbstractBeanFactory.java:331)
	at org.springframework.beans.factory.support.AbstractBeanFactory.getBean(AbstractBeanFactory.java:201)
	at org.springframework.beans.factory.support.DefaultListableBeanFactory.resolveBean(DefaultListableBeanFactory.java:1225)
	at org.springframework.beans.factory.support.DefaultListableBeanFactory.doResolveDependency(DefaultListableBeanFactory.java:1704)
	at org.springframework.beans.factory.support.DefaultListableBeanFactory.resolveDependency(DefaultListableBeanFactory.java:1651)
	at org.springframework.beans.factory.support.ConstructorResolver.resolveAutowiredArgument(ConstructorResolver.java:912)
	at org.springframework.beans.factory.support.ConstructorResolver.createArgumentArray(ConstructorResolver.java:791)
	... 24 common frames omitted
Caused by: org.springframework.beans.factory.BeanCreationException: Error creating bean with name 'reviewRepository' defined in com.example.repository.ReviewRepository defined in @EnableJpaRepositories declared on DataJpaRepositoriesRegistrar.EnableJpaRepositoriesConfiguration: Query validation failed for 'SELECT r FROM ReviewEntity r WHERE r.movie.mno = :mno ORDER BY r.regDate DESC'
	at org.springframework.beans.factory.support.AbstractAutowireCapableBeanFactory.initializeBean(AbstractAutowireCapableBeanFactory.java:1817)
	at org.springframework.beans.factory.support.AbstractAutowireCapableBeanFactory.doCreateBean(AbstractAutowireCapableBeanFactory.java:603)
	at org.springframework.beans.factory.support.AbstractAutowireCapableBeanFactory.createBean(AbstractAutowireCapableBeanFactory.java:525)
	at org.springframework.beans.factory.support.AbstractBeanFactory.lambda$doGetBean$0(AbstractBeanFactory.java:333)
	at org.springframework.beans.factory.support.DefaultSingletonBeanRegistry.getSingleton(DefaultSingletonBeanRegistry.java:371)
	at org.springframework.beans.factory.support.AbstractBeanFactory.doGetBean(AbstractBeanFactory.java:331)
	at org.springframework.beans.factory.support.AbstractBeanFactory.getBean(AbstractBeanFactory.java:201)
	at org.springframework.beans.factory.support.DefaultListableBeanFactory.resolveBean(DefaultListableBeanFactory.java:1225)
	at org.springframework.beans.factory.support.DefaultListableBeanFactory.doResolveDependency(DefaultListableBeanFactory.java:1704)
	at org.springframework.beans.factory.support.DefaultListableBeanFactory.resolveDependency(DefaultListableBeanFactory.java:1651)
	at org.springframework.beans.factory.support.ConstructorResolver.resolveAutowiredArgument(ConstructorResolver.java:912)
	at org.springframework.beans.factory.support.ConstructorResolver.createArgumentArray(ConstructorResolver.java:791)
	... 38 common frames omitted
Caused by: org.springframework.data.repository.query.QueryCreationException: Cannot create query for method [ReviewRepository.findByMovieMno(java.lang.Long)]; Query validation failed for 'SELECT r FROM ReviewEntity r WHERE r.movie.mno = :mno ORDER BY r.regDate DESC'
	at org.springframework.data.repository.query.QueryCreationException.create(QueryCreationException.java:139)
	at org.springframework.data.repository.query.QueryCreationException.create(QueryCreationException.java:124)
	at org.springframework.data.jpa.repository.query.SimpleJpaQuery.validateQuery(SimpleJpaQuery.java:78)
	at org.springframework.data.jpa.repository.query.SimpleJpaQuery.<init>(SimpleJpaQuery.java:52)
	at org.springframework.data.jpa.repository.query.JpaQueryLookupStrategy$DeclaredQueryLookupStrategy.createStringQuery(JpaQueryLookupStrategy.java:228)
	at org.springframework.data.jpa.repository.query.JpaQueryLookupStrategy$DeclaredQueryLookupStrategy.resolveQuery(JpaQueryLookupStrategy.java:160)
	at org.springframework.data.jpa.repository.query.JpaQueryLookupStrategy$CreateIfNotFoundQueryLookupStrategy.resolveQuery(JpaQueryLookupStrategy.java:285)
	at org.springframework.data.jpa.repository.query.JpaQueryLookupStrategy$AbstractQueryLookupStrategy.resolveQuery(JpaQueryLookupStrategy.java:93)
	at org.springframework.data.repository.core.support.QueryExecutorMethodInterceptor.lookupQuery(QueryExecutorMethodInterceptor.java:114)
	at org.springframework.data.repository.core.support.QueryExecutorMethodInterceptor.mapMethodsToQuery(QueryExecutorMethodInterceptor.java:102)
	at org.springframework.data.repository.core.support.QueryExecutorMethodInterceptor.<init>(QueryExecutorMethodInterceptor.java:90)
	at org.springframework.data.repository.core.support.RepositoryFactorySupport.getRepository(RepositoryFactorySupport.java:413)
	at org.springframework.data.repository.core.support.RepositoryFactoryBeanSupport.lambda$afterPropertiesSet$1(RepositoryFactoryBeanSupport.java:361)
	at org.springframework.data.util.Lazy.getNullable(Lazy.java:136)
	at org.springframework.data.util.Lazy.get(Lazy.java:114)
	at org.springframework.data.repository.core.support.RepositoryFactoryBeanSupport.afterPropertiesSet(RepositoryFactoryBeanSupport.java:370)
	at org.springframework.data.jpa.repository.support.JpaRepositoryFactoryBean.afterPropertiesSet(JpaRepositoryFactoryBean.java:212)
	at org.springframework.beans.factory.support.AbstractAutowireCapableBeanFactory.invokeInitMethods(AbstractAutowireCapableBeanFactory.java:1864)
	at org.springframework.beans.factory.support.AbstractAutowireCapableBeanFactory.initializeBean(AbstractAutowireCapableBeanFactory.java:1813)
	... 49 common frames omitted
Caused by: java.lang.IllegalArgumentException: org.hibernate.query.sqm.UnknownEntityException: Could not resolve root entity 'ReviewEntity'
	at org.hibernate.internal.ExceptionConverterImpl.convert(ExceptionConverterImpl.java:129)
	at org.hibernate.internal.ExceptionConverterImpl.convert(ExceptionConverterImpl.java:168)
	at org.hibernate.internal.ExceptionConverterImpl.convert(ExceptionConverterImpl.java:174)
	at org.hibernate.internal.AbstractSharedSessionContract.createQuery(AbstractSharedSessionContract.java:1010)
	at org.hibernate.internal.SessionImpl.createQuery(SessionImpl.java:155)
	at org.hibernate.internal.AbstractSharedSessionContract.createQuery(AbstractSharedSessionContract.java:919)
	at org.hibernate.internal.SessionImpl.createQuery(SessionImpl.java:155)
	at org.hibernate.internal.AbstractSharedSessionContract.createQuery(AbstractSharedSessionContract.java:142)
	at java.base/jdk.internal.reflect.DirectMethodHandleAccessor.invoke(DirectMethodHandleAccessor.java:103)
	at java.base/java.lang.reflect.Method.invoke(Method.java:580)
	at org.springframework.orm.jpa.ExtendedEntityManagerCreator$ExtendedEntityManagerInvocationHandler.invoke(ExtendedEntityManagerCreator.java:362)
	at jdk.proxy13/jdk.proxy13.$Proxy198.createQuery(Unknown Source)
	at org.springframework.data.jpa.repository.query.SimpleJpaQuery.validateQuery(SimpleJpaQuery.java:73)
	... 65 common frames omitted
Caused by: org.hibernate.query.sqm.UnknownEntityException: Could not resolve root entity 'ReviewEntity'
	at org.hibernate.query.hql.internal.SemanticQueryBuilder.resolveRootEntity(SemanticQueryBuilder.java:2072)
	at org.hibernate.query.hql.internal.SemanticQueryBuilder.visitRootEntity(SemanticQueryBuilder.java:2002)
	at org.hibernate.query.hql.internal.SemanticQueryBuilder.visitRootEntity(SemanticQueryBuilder.java:246)
	at org.hibernate.grammars.hql.HqlParser$RootEntityContext.accept(HqlParser.java:2820)
	at org.hibernate.query.hql.internal.SemanticQueryBuilder.visitEntityWithJoins(SemanticQueryBuilder.java:1972)
	at org.hibernate.query.hql.internal.SemanticQueryBuilder.visitFromClause(SemanticQueryBuilder.java:1959)
	at org.hibernate.query.hql.internal.SemanticQueryBuilder.visitQuery(SemanticQueryBuilder.java:1151)
	at org.hibernate.query.hql.internal.SemanticQueryBuilder.visitQuerySpecExpression(SemanticQueryBuilder.java:955)
	at org.hibernate.query.hql.internal.SemanticQueryBuilder.visitQuerySpecExpression(SemanticQueryBuilder.java:246)
	at org.hibernate.grammars.hql.HqlParser$QuerySpecExpressionContext.accept(HqlParser.java:2113)
	at org.hibernate.query.hql.internal.SemanticQueryBuilder.visitQueryExpression(SemanticQueryBuilder.java:984)
	at org.hibernate.query.hql.internal.SemanticQueryBuilder.visitQueryExpression(SemanticQueryBuilder.java:246)
	at org.hibernate.grammars.hql.HqlParser$QueryExpressionContext.accept(HqlParser.java:2003)
	at org.hibernate.query.hql.internal.SemanticQueryBuilder.visitSelectStatement(SemanticQueryBuilder.java:471)
	at org.hibernate.query.hql.internal.SemanticQueryBuilder.visitStatement(SemanticQueryBuilder.java:430)
	at org.hibernate.query.hql.internal.SemanticQueryBuilder.buildSemanticModel(SemanticQueryBuilder.java:291)
	at org.hibernate.query.hql.internal.StandardHqlTranslator.translate(StandardHqlTranslator.java:64)
	at org.hibernate.query.internal.QueryInterpretationCacheStandardImpl.createHqlInterpretation(QueryInterpretationCacheStandardImpl.java:165)
	at org.hibernate.query.internal.QueryInterpretationCacheStandardImpl.resolveHqlInterpretation(QueryInterpretationCacheStandardImpl.java:147)
	at org.hibernate.query.spi.QueryEngine.interpretHql(QueryEngine.java:61)
	at org.hibernate.internal.AbstractSharedSessionContract.interpretHql(AbstractSharedSessionContract.java:951)
	at org.hibernate.internal.AbstractSharedSessionContract.createQuery(AbstractSharedSessionContract.java:1002)
	... 74 common frames omitted
2026-04-01 15:53:08 [restartedMain] INFO  com.example.CineLogApplication - Starting CineLogApplication using Java 21.0.10 with PID 10308 (C:\Dev\WS_sts\cinelog\bin\main started by GGG in C:\Dev\WS_sts\cinelog)
2026-04-01 15:53:08 [restartedMain] INFO  com.example.CineLogApplication - No active profile set, falling back to 1 default profile: "default"
2026-04-01 15:53:08 [restartedMain] INFO  o.s.d.r.c.RepositoryConfigurationDelegate - Bootstrapping Spring Data JPA repositories in DEFAULT mode.
2026-04-01 15:53:08 [restartedMain] INFO  o.s.d.r.c.RepositoryConfigurationDelegate - Finished Spring Data repository scanning in 7 ms. Found 3 JPA repository interfaces.
2026-04-01 15:53:08 [restartedMain] INFO  o.s.boot.tomcat.TomcatWebServer - Tomcat initialized with port 8092 (http)
2026-04-01 15:53:08 [restartedMain] INFO  o.a.coyote.http11.Http11NioProtocol - Initializing ProtocolHandler ["http-nio-8092"]
2026-04-01 15:53:08 [restartedMain] INFO  o.a.catalina.core.StandardService - Starting service [Tomcat]
2026-04-01 15:53:08 [restartedMain] INFO  o.a.catalina.core.StandardEngine - Starting Servlet engine: [Apache Tomcat/11.0.20]
2026-04-01 15:53:08 [restartedMain] INFO  o.s.b.w.c.s.WebApplicationContextInitializer - Root WebApplicationContext: initialization completed in 190 ms
2026-04-01 15:53:08 [restartedMain] INFO  org.hibernate.orm.jpa - HHH008540: Processing PersistenceUnitInfo [name: default]
2026-04-01 15:53:08 [restartedMain] INFO  o.s.o.j.p.SpringPersistenceUnitInfo - No LoadTimeWeaver setup: ignoring JPA class transformer
2026-04-01 15:53:08 [restartedMain] INFO  com.zaxxer.hikari.HikariDataSource - HikariPool-11 - Starting...
2026-04-01 15:53:08 [restartedMain] INFO  com.zaxxer.hikari.pool.HikariPool - HikariPool-11 - Added connection oracle.jdbc.driver.T4CConnection@606f1dc5
2026-04-01 15:53:08 [restartedMain] INFO  com.zaxxer.hikari.HikariDataSource - HikariPool-11 - Start completed.
2026-04-01 15:53:08 [restartedMain] WARN  org.hibernate.orm.jdbc - HHH100123: Low default JDBC fetch size: 10 (consider setting 'hibernate.jdbc.fetch_size')
2026-04-01 15:53:08 [restartedMain] INFO  o.hibernate.orm.connections.pooling - HHH10001005: Database info:
	Database JDBC URL [jdbc:oracle:thin:@//localhost:1521/testdb]
	Database driver: Oracle JDBC driver
	Database dialect: OracleDialect
	Database version: 19.3
	Default catalog/schema: undefined/GREEN
	Autocommit mode: undefined/unknown
	Isolation level: READ_COMMITTED [default READ_COMMITTED]
	JDBC fetch size: 10
	Pool: DataSourceConnectionProvider
	Minimum pool size: undefined/unknown
	Maximum pool size: undefined/unknown
2026-04-01 15:53:08 [restartedMain] INFO  org.hibernate.orm.core - HHH000489: No JTA platform available (set 'hibernate.transaction.jta.platform' to enable JTA platform integration)
2026-04-01 15:53:08 [restartedMain] INFO  o.s.o.j.LocalContainerEntityManagerFactoryBean - Initialized JPA EntityManagerFactory for persistence unit 'default'
2026-04-01 15:53:08 [restartedMain] WARN  o.s.b.w.s.s.c.AnnotationConfigServletWebServerApplicationContext - Exception encountered during context initialization - cancelling refresh attempt: org.springframework.beans.factory.UnsatisfiedDependencyException: Error creating bean with name 'memberController' defined in file [C:\Dev\WS_sts\cinelog\bin\main\com\example\controller\MemberController.class]: Unsatisfied dependency expressed through constructor parameter 0: Error creating bean with name 'memberService' defined in file [C:\Dev\WS_sts\cinelog\bin\main\com\example\service\MemberService.class]: Unsatisfied dependency expressed through constructor parameter 1: Error creating bean with name 'reviewRepository' defined in com.example.repository.ReviewRepository defined in @EnableJpaRepositories declared on DataJpaRepositoriesRegistrar.EnableJpaRepositoriesConfiguration: Query validation failed for 'SELECT r FROM ReviewEntity r WHERE r.movie.mno = :mno ORDER BY r.regDate DESC'
2026-04-01 15:53:08 [restartedMain] INFO  o.s.o.j.LocalContainerEntityManagerFactoryBean - Closing JPA EntityManagerFactory for persistence unit 'default'
2026-04-01 15:53:08 [restartedMain] INFO  com.zaxxer.hikari.HikariDataSource - HikariPool-11 - Shutdown initiated...
2026-04-01 15:53:08 [restartedMain] INFO  com.zaxxer.hikari.HikariDataSource - HikariPool-11 - Shutdown completed.
2026-04-01 15:53:08 [restartedMain] INFO  o.a.catalina.core.StandardService - Stopping service [Tomcat]
2026-04-01 15:53:08 [restartedMain] INFO  o.s.b.a.l.ConditionEvaluationReportLogger - 

Error starting ApplicationContext. To display the condition evaluation report re-run your application with 'debug' enabled.
2026-04-01 15:53:08 [restartedMain] ERROR o.s.boot.SpringApplication - Application run failed
org.springframework.beans.factory.UnsatisfiedDependencyException: Error creating bean with name 'memberController' defined in file [C:\Dev\WS_sts\cinelog\bin\main\com\example\controller\MemberController.class]: Unsatisfied dependency expressed through constructor parameter 0: Error creating bean with name 'memberService' defined in file [C:\Dev\WS_sts\cinelog\bin\main\com\example\service\MemberService.class]: Unsatisfied dependency expressed through constructor parameter 1: Error creating bean with name 'reviewRepository' defined in com.example.repository.ReviewRepository defined in @EnableJpaRepositories declared on DataJpaRepositoriesRegistrar.EnableJpaRepositoriesConfiguration: Query validation failed for 'SELECT r FROM ReviewEntity r WHERE r.movie.mno = :mno ORDER BY r.regDate DESC'
	at org.springframework.beans.factory.support.ConstructorResolver.createArgumentArray(ConstructorResolver.java:804)
	at org.springframework.beans.factory.support.ConstructorResolver.autowireConstructor(ConstructorResolver.java:240)
	at org.springframework.beans.factory.support.AbstractAutowireCapableBeanFactory.autowireConstructor(AbstractAutowireCapableBeanFactory.java:1382)
	at org.springframework.beans.factory.support.AbstractAutowireCapableBeanFactory.createBeanInstance(AbstractAutowireCapableBeanFactory.java:1221)
	at org.springframework.beans.factory.support.AbstractAutowireCapableBeanFactory.doCreateBean(AbstractAutowireCapableBeanFactory.java:565)
	at org.springframework.beans.factory.support.AbstractAutowireCapableBeanFactory.createBean(AbstractAutowireCapableBeanFactory.java:525)
	at org.springframework.beans.factory.support.AbstractBeanFactory.lambda$doGetBean$0(AbstractBeanFactory.java:333)
	at org.springframework.beans.factory.support.DefaultSingletonBeanRegistry.getSingleton(DefaultSingletonBeanRegistry.java:371)
	at org.springframework.beans.factory.support.AbstractBeanFactory.doGetBean(AbstractBeanFactory.java:331)
	at org.springframework.beans.factory.support.AbstractBeanFactory.getBean(AbstractBeanFactory.java:196)
	at org.springframework.beans.factory.support.DefaultListableBeanFactory.instantiateSingleton(DefaultListableBeanFactory.java:1218)
	at org.springframework.beans.factory.support.DefaultListableBeanFactory.preInstantiateSingleton(DefaultListableBeanFactory.java:1184)
	at org.springframework.beans.factory.support.DefaultListableBeanFactory.preInstantiateSingletons(DefaultListableBeanFactory.java:1121)
	at org.springframework.context.support.AbstractApplicationContext.finishBeanFactoryInitialization(AbstractApplicationContext.java:994)
	at org.springframework.context.support.AbstractApplicationContext.refresh(AbstractApplicationContext.java:621)
	at org.springframework.boot.web.server.servlet.context.ServletWebServerApplicationContext.refresh(ServletWebServerApplicationContext.java:143)
	at org.springframework.boot.SpringApplication.refresh(SpringApplication.java:756)
	at org.springframework.boot.SpringApplication.refreshContext(SpringApplication.java:445)
	at org.springframework.boot.SpringApplication.run(SpringApplication.java:321)
	at org.springframework.boot.SpringApplication.run(SpringApplication.java:1365)
	at org.springframework.boot.SpringApplication.run(SpringApplication.java:1354)
	at com.example.CineLogApplication.main(CineLogApplication.java:14)
	at java.base/jdk.internal.reflect.DirectMethodHandleAccessor.invoke(DirectMethodHandleAccessor.java:103)
	at java.base/java.lang.reflect.Method.invoke(Method.java:580)
	at org.springframework.boot.devtools.restart.RestartLauncher.run(RestartLauncher.java:52)
Caused by: org.springframework.beans.factory.UnsatisfiedDependencyException: Error creating bean with name 'memberService' defined in file [C:\Dev\WS_sts\cinelog\bin\main\com\example\service\MemberService.class]: Unsatisfied dependency expressed through constructor parameter 1: Error creating bean with name 'reviewRepository' defined in com.example.repository.ReviewRepository defined in @EnableJpaRepositories declared on DataJpaRepositoriesRegistrar.EnableJpaRepositoriesConfiguration: Query validation failed for 'SELECT r FROM ReviewEntity r WHERE r.movie.mno = :mno ORDER BY r.regDate DESC'
	at org.springframework.beans.factory.support.ConstructorResolver.createArgumentArray(ConstructorResolver.java:804)
	at org.springframework.beans.factory.support.ConstructorResolver.autowireConstructor(ConstructorResolver.java:240)
	at org.springframework.beans.factory.support.AbstractAutowireCapableBeanFactory.autowireConstructor(AbstractAutowireCapableBeanFactory.java:1382)
	at org.springframework.beans.factory.support.AbstractAutowireCapableBeanFactory.createBeanInstance(AbstractAutowireCapableBeanFactory.java:1221)
	at org.springframework.beans.factory.support.AbstractAutowireCapableBeanFactory.doCreateBean(AbstractAutowireCapableBeanFactory.java:565)
	at org.springframework.beans.factory.support.AbstractAutowireCapableBeanFactory.createBean(AbstractAutowireCapableBeanFactory.java:525)
	at org.springframework.beans.factory.support.AbstractBeanFactory.lambda$doGetBean$0(AbstractBeanFactory.java:333)
	at org.springframework.beans.factory.support.DefaultSingletonBeanRegistry.getSingleton(DefaultSingletonBeanRegistry.java:371)
	at org.springframework.beans.factory.support.AbstractBeanFactory.doGetBean(AbstractBeanFactory.java:331)
	at org.springframework.beans.factory.support.AbstractBeanFactory.getBean(AbstractBeanFactory.java:201)
	at org.springframework.beans.factory.support.DefaultListableBeanFactory.resolveBean(DefaultListableBeanFactory.java:1225)
	at org.springframework.beans.factory.support.DefaultListableBeanFactory.doResolveDependency(DefaultListableBeanFactory.java:1704)
	at org.springframework.beans.factory.support.DefaultListableBeanFactory.resolveDependency(DefaultListableBeanFactory.java:1651)
	at org.springframework.beans.factory.support.ConstructorResolver.resolveAutowiredArgument(ConstructorResolver.java:912)
	at org.springframework.beans.factory.support.ConstructorResolver.createArgumentArray(ConstructorResolver.java:791)
	... 24 common frames omitted
Caused by: org.springframework.beans.factory.BeanCreationException: Error creating bean with name 'reviewRepository' defined in com.example.repository.ReviewRepository defined in @EnableJpaRepositories declared on DataJpaRepositoriesRegistrar.EnableJpaRepositoriesConfiguration: Query validation failed for 'SELECT r FROM ReviewEntity r WHERE r.movie.mno = :mno ORDER BY r.regDate DESC'
	at org.springframework.beans.factory.support.AbstractAutowireCapableBeanFactory.initializeBean(AbstractAutowireCapableBeanFactory.java:1817)
	at org.springframework.beans.factory.support.AbstractAutowireCapableBeanFactory.doCreateBean(AbstractAutowireCapableBeanFactory.java:603)
	at org.springframework.beans.factory.support.AbstractAutowireCapableBeanFactory.createBean(AbstractAutowireCapableBeanFactory.java:525)
	at org.springframework.beans.factory.support.AbstractBeanFactory.lambda$doGetBean$0(AbstractBeanFactory.java:333)
	at org.springframework.beans.factory.support.DefaultSingletonBeanRegistry.getSingleton(DefaultSingletonBeanRegistry.java:371)
	at org.springframework.beans.factory.support.AbstractBeanFactory.doGetBean(AbstractBeanFactory.java:331)
	at org.springframework.beans.factory.support.AbstractBeanFactory.getBean(AbstractBeanFactory.java:201)
	at org.springframework.beans.factory.support.DefaultListableBeanFactory.resolveBean(DefaultListableBeanFactory.java:1225)
	at org.springframework.beans.factory.support.DefaultListableBeanFactory.doResolveDependency(DefaultListableBeanFactory.java:1704)
	at org.springframework.beans.factory.support.DefaultListableBeanFactory.resolveDependency(DefaultListableBeanFactory.java:1651)
	at org.springframework.beans.factory.support.ConstructorResolver.resolveAutowiredArgument(ConstructorResolver.java:912)
	at org.springframework.beans.factory.support.ConstructorResolver.createArgumentArray(ConstructorResolver.java:791)
	... 38 common frames omitted
Caused by: org.springframework.data.repository.query.QueryCreationException: Cannot create query for method [ReviewRepository.findByMovieMno(java.lang.Long)]; Query validation failed for 'SELECT r FROM ReviewEntity r WHERE r.movie.mno = :mno ORDER BY r.regDate DESC'
	at org.springframework.data.repository.query.QueryCreationException.create(QueryCreationException.java:139)
	at org.springframework.data.repository.query.QueryCreationException.create(QueryCreationException.java:124)
	at org.springframework.data.jpa.repository.query.SimpleJpaQuery.validateQuery(SimpleJpaQuery.java:78)
	at org.springframework.data.jpa.repository.query.SimpleJpaQuery.<init>(SimpleJpaQuery.java:52)
	at org.springframework.data.jpa.repository.query.JpaQueryLookupStrategy$DeclaredQueryLookupStrategy.createStringQuery(JpaQueryLookupStrategy.java:228)
	at org.springframework.data.jpa.repository.query.JpaQueryLookupStrategy$DeclaredQueryLookupStrategy.resolveQuery(JpaQueryLookupStrategy.java:160)
	at org.springframework.data.jpa.repository.query.JpaQueryLookupStrategy$CreateIfNotFoundQueryLookupStrategy.resolveQuery(JpaQueryLookupStrategy.java:285)
	at org.springframework.data.jpa.repository.query.JpaQueryLookupStrategy$AbstractQueryLookupStrategy.resolveQuery(JpaQueryLookupStrategy.java:93)
	at org.springframework.data.repository.core.support.QueryExecutorMethodInterceptor.lookupQuery(QueryExecutorMethodInterceptor.java:114)
	at org.springframework.data.repository.core.support.QueryExecutorMethodInterceptor.mapMethodsToQuery(QueryExecutorMethodInterceptor.java:102)
	at org.springframework.data.repository.core.support.QueryExecutorMethodInterceptor.<init>(QueryExecutorMethodInterceptor.java:90)
	at org.springframework.data.repository.core.support.RepositoryFactorySupport.getRepository(RepositoryFactorySupport.java:413)
	at org.springframework.data.repository.core.support.RepositoryFactoryBeanSupport.lambda$afterPropertiesSet$1(RepositoryFactoryBeanSupport.java:361)
	at org.springframework.data.util.Lazy.getNullable(Lazy.java:136)
	at org.springframework.data.util.Lazy.get(Lazy.java:114)
	at org.springframework.data.repository.core.support.RepositoryFactoryBeanSupport.afterPropertiesSet(RepositoryFactoryBeanSupport.java:370)
	at org.springframework.data.jpa.repository.support.JpaRepositoryFactoryBean.afterPropertiesSet(JpaRepositoryFactoryBean.java:212)
	at org.springframework.beans.factory.support.AbstractAutowireCapableBeanFactory.invokeInitMethods(AbstractAutowireCapableBeanFactory.java:1864)
	at org.springframework.beans.factory.support.AbstractAutowireCapableBeanFactory.initializeBean(AbstractAutowireCapableBeanFactory.java:1813)
	... 49 common frames omitted
Caused by: java.lang.IllegalArgumentException: org.hibernate.query.sqm.UnknownEntityException: Could not resolve root entity 'ReviewEntity'
	at org.hibernate.internal.ExceptionConverterImpl.convert(ExceptionConverterImpl.java:129)
	at org.hibernate.internal.ExceptionConverterImpl.convert(ExceptionConverterImpl.java:168)
	at org.hibernate.internal.ExceptionConverterImpl.convert(ExceptionConverterImpl.java:174)
	at org.hibernate.internal.AbstractSharedSessionContract.createQuery(AbstractSharedSessionContract.java:1010)
	at org.hibernate.internal.SessionImpl.createQuery(SessionImpl.java:155)
	at org.hibernate.internal.AbstractSharedSessionContract.createQuery(AbstractSharedSessionContract.java:919)
	at org.hibernate.internal.SessionImpl.createQuery(SessionImpl.java:155)
	at org.hibernate.internal.AbstractSharedSessionContract.createQuery(AbstractSharedSessionContract.java:142)
	at java.base/jdk.internal.reflect.DirectMethodHandleAccessor.invoke(DirectMethodHandleAccessor.java:103)
	at java.base/java.lang.reflect.Method.invoke(Method.java:580)
	at org.springframework.orm.jpa.ExtendedEntityManagerCreator$ExtendedEntityManagerInvocationHandler.invoke(ExtendedEntityManagerCreator.java:362)
	at jdk.proxy14/jdk.proxy14.$Proxy201.createQuery(Unknown Source)
	at org.springframework.data.jpa.repository.query.SimpleJpaQuery.validateQuery(SimpleJpaQuery.java:73)
	... 65 common frames omitted
Caused by: org.hibernate.query.sqm.UnknownEntityException: Could not resolve root entity 'ReviewEntity'
	at org.hibernate.query.hql.internal.SemanticQueryBuilder.resolveRootEntity(SemanticQueryBuilder.java:2072)
	at org.hibernate.query.hql.internal.SemanticQueryBuilder.visitRootEntity(SemanticQueryBuilder.java:2002)
	at org.hibernate.query.hql.internal.SemanticQueryBuilder.visitRootEntity(SemanticQueryBuilder.java:246)
	at org.hibernate.grammars.hql.HqlParser$RootEntityContext.accept(HqlParser.java:2820)
	at org.hibernate.query.hql.internal.SemanticQueryBuilder.visitEntityWithJoins(SemanticQueryBuilder.java:1972)
	at org.hibernate.query.hql.internal.SemanticQueryBuilder.visitFromClause(SemanticQueryBuilder.java:1959)
	at org.hibernate.query.hql.internal.SemanticQueryBuilder.visitQuery(SemanticQueryBuilder.java:1151)
	at org.hibernate.query.hql.internal.SemanticQueryBuilder.visitQuerySpecExpression(SemanticQueryBuilder.java:955)
	at org.hibernate.query.hql.internal.SemanticQueryBuilder.visitQuerySpecExpression(SemanticQueryBuilder.java:246)
	at org.hibernate.grammars.hql.HqlParser$QuerySpecExpressionContext.accept(HqlParser.java:2113)
	at org.hibernate.query.hql.internal.SemanticQueryBuilder.visitQueryExpression(SemanticQueryBuilder.java:984)
	at org.hibernate.query.hql.internal.SemanticQueryBuilder.visitQueryExpression(SemanticQueryBuilder.java:246)
	at org.hibernate.grammars.hql.HqlParser$QueryExpressionContext.accept(HqlParser.java:2003)
	at org.hibernate.query.hql.internal.SemanticQueryBuilder.visitSelectStatement(SemanticQueryBuilder.java:471)
	at org.hibernate.query.hql.internal.SemanticQueryBuilder.visitStatement(SemanticQueryBuilder.java:430)
	at org.hibernate.query.hql.internal.SemanticQueryBuilder.buildSemanticModel(SemanticQueryBuilder.java:291)
	at org.hibernate.query.hql.internal.StandardHqlTranslator.translate(StandardHqlTranslator.java:64)
	at org.hibernate.query.internal.QueryInterpretationCacheStandardImpl.createHqlInterpretation(QueryInterpretationCacheStandardImpl.java:165)
	at org.hibernate.query.internal.QueryInterpretationCacheStandardImpl.resolveHqlInterpretation(QueryInterpretationCacheStandardImpl.java:147)
	at org.hibernate.query.spi.QueryEngine.interpretHql(QueryEngine.java:61)
	at org.hibernate.internal.AbstractSharedSessionContract.interpretHql(AbstractSharedSessionContract.java:951)
	at org.hibernate.internal.AbstractSharedSessionContract.createQuery(AbstractSharedSessionContract.java:1002)
	... 74 common frames omitted
2026-04-01 15:53:18 [restartedMain] INFO  com.example.CineLogApplication - Starting CineLogApplication using Java 21.0.10 with PID 10308 (C:\Dev\WS_sts\cinelog\bin\main started by GGG in C:\Dev\WS_sts\cinelog)
2026-04-01 15:53:18 [restartedMain] INFO  com.example.CineLogApplication - No active profile set, falling back to 1 default profile: "default"
2026-04-01 15:53:18 [restartedMain] INFO  o.s.d.r.c.RepositoryConfigurationDelegate - Bootstrapping Spring Data JPA repositories in DEFAULT mode.
2026-04-01 15:53:18 [restartedMain] INFO  o.s.d.r.c.RepositoryConfigurationDelegate - Finished Spring Data repository scanning in 7 ms. Found 3 JPA repository interfaces.
2026-04-01 15:53:18 [restartedMain] INFO  o.s.boot.tomcat.TomcatWebServer - Tomcat initialized with port 8092 (http)
2026-04-01 15:53:18 [restartedMain] INFO  o.a.coyote.http11.Http11NioProtocol - Initializing ProtocolHandler ["http-nio-8092"]
2026-04-01 15:53:18 [restartedMain] INFO  o.a.catalina.core.StandardService - Starting service [Tomcat]
2026-04-01 15:53:18 [restartedMain] INFO  o.a.catalina.core.StandardEngine - Starting Servlet engine: [Apache Tomcat/11.0.20]
2026-04-01 15:53:18 [restartedMain] INFO  o.s.b.w.c.s.WebApplicationContextInitializer - Root WebApplicationContext: initialization completed in 195 ms
2026-04-01 15:53:18 [restartedMain] INFO  org.hibernate.orm.jpa - HHH008540: Processing PersistenceUnitInfo [name: default]
2026-04-01 15:53:18 [restartedMain] INFO  o.s.o.j.p.SpringPersistenceUnitInfo - No LoadTimeWeaver setup: ignoring JPA class transformer
2026-04-01 15:53:18 [restartedMain] INFO  com.zaxxer.hikari.HikariDataSource - HikariPool-12 - Starting...
2026-04-01 15:53:18 [restartedMain] INFO  com.zaxxer.hikari.pool.HikariPool - HikariPool-12 - Added connection oracle.jdbc.driver.T4CConnection@71117619
2026-04-01 15:53:18 [restartedMain] INFO  com.zaxxer.hikari.HikariDataSource - HikariPool-12 - Start completed.
2026-04-01 15:53:18 [restartedMain] WARN  org.hibernate.orm.jdbc - HHH100123: Low default JDBC fetch size: 10 (consider setting 'hibernate.jdbc.fetch_size')
2026-04-01 15:53:18 [restartedMain] INFO  o.hibernate.orm.connections.pooling - HHH10001005: Database info:
	Database JDBC URL [jdbc:oracle:thin:@//localhost:1521/testdb]
	Database driver: Oracle JDBC driver
	Database dialect: OracleDialect
	Database version: 19.3
	Default catalog/schema: undefined/GREEN
	Autocommit mode: undefined/unknown
	Isolation level: READ_COMMITTED [default READ_COMMITTED]
	JDBC fetch size: 10
	Pool: DataSourceConnectionProvider
	Minimum pool size: undefined/unknown
	Maximum pool size: undefined/unknown
2026-04-01 15:53:18 [restartedMain] INFO  org.hibernate.orm.core - HHH000489: No JTA platform available (set 'hibernate.transaction.jta.platform' to enable JTA platform integration)
2026-04-01 15:53:18 [restartedMain] INFO  o.s.o.j.LocalContainerEntityManagerFactoryBean - Initialized JPA EntityManagerFactory for persistence unit 'default'
2026-04-01 15:53:18 [restartedMain] WARN  o.s.b.w.s.s.c.AnnotationConfigServletWebServerApplicationContext - Exception encountered during context initialization - cancelling refresh attempt: org.springframework.beans.factory.UnsatisfiedDependencyException: Error creating bean with name 'memberController' defined in file [C:\Dev\WS_sts\cinelog\bin\main\com\example\controller\MemberController.class]: Unsatisfied dependency expressed through constructor parameter 0: Error creating bean with name 'memberService' defined in file [C:\Dev\WS_sts\cinelog\bin\main\com\example\service\MemberService.class]: Unsatisfied dependency expressed through constructor parameter 1: Error creating bean with name 'reviewRepository' defined in com.example.repository.ReviewRepository defined in @EnableJpaRepositories declared on DataJpaRepositoriesRegistrar.EnableJpaRepositoriesConfiguration: Query validation failed for 'SELECT r FROM ReviewEntity r WHERE r.movie.mno = :mno ORDER BY r.regDate DESC'
2026-04-01 15:53:18 [restartedMain] INFO  o.s.o.j.LocalContainerEntityManagerFactoryBean - Closing JPA EntityManagerFactory for persistence unit 'default'
2026-04-01 15:53:18 [restartedMain] INFO  com.zaxxer.hikari.HikariDataSource - HikariPool-12 - Shutdown initiated...
2026-04-01 15:53:19 [restartedMain] INFO  com.zaxxer.hikari.HikariDataSource - HikariPool-12 - Shutdown completed.
2026-04-01 15:53:19 [restartedMain] INFO  o.a.catalina.core.StandardService - Stopping service [Tomcat]
2026-04-01 15:53:19 [restartedMain] INFO  o.s.b.a.l.ConditionEvaluationReportLogger - 

Error starting ApplicationContext. To display the condition evaluation report re-run your application with 'debug' enabled.
2026-04-01 15:53:19 [restartedMain] ERROR o.s.boot.SpringApplication - Application run failed
org.springframework.beans.factory.UnsatisfiedDependencyException: Error creating bean with name 'memberController' defined in file [C:\Dev\WS_sts\cinelog\bin\main\com\example\controller\MemberController.class]: Unsatisfied dependency expressed through constructor parameter 0: Error creating bean with name 'memberService' defined in file [C:\Dev\WS_sts\cinelog\bin\main\com\example\service\MemberService.class]: Unsatisfied dependency expressed through constructor parameter 1: Error creating bean with name 'reviewRepository' defined in com.example.repository.ReviewRepository defined in @EnableJpaRepositories declared on DataJpaRepositoriesRegistrar.EnableJpaRepositoriesConfiguration: Query validation failed for 'SELECT r FROM ReviewEntity r WHERE r.movie.mno = :mno ORDER BY r.regDate DESC'
	at org.springframework.beans.factory.support.ConstructorResolver.createArgumentArray(ConstructorResolver.java:804)
	at org.springframework.beans.factory.support.ConstructorResolver.autowireConstructor(ConstructorResolver.java:240)
	at org.springframework.beans.factory.support.AbstractAutowireCapableBeanFactory.autowireConstructor(AbstractAutowireCapableBeanFactory.java:1382)
	at org.springframework.beans.factory.support.AbstractAutowireCapableBeanFactory.createBeanInstance(AbstractAutowireCapableBeanFactory.java:1221)
	at org.springframework.beans.factory.support.AbstractAutowireCapableBeanFactory.doCreateBean(AbstractAutowireCapableBeanFactory.java:565)
	at org.springframework.beans.factory.support.AbstractAutowireCapableBeanFactory.createBean(AbstractAutowireCapableBeanFactory.java:525)
	at org.springframework.beans.factory.support.AbstractBeanFactory.lambda$doGetBean$0(AbstractBeanFactory.java:333)
	at org.springframework.beans.factory.support.DefaultSingletonBeanRegistry.getSingleton(DefaultSingletonBeanRegistry.java:371)
	at org.springframework.beans.factory.support.AbstractBeanFactory.doGetBean(AbstractBeanFactory.java:331)
	at org.springframework.beans.factory.support.AbstractBeanFactory.getBean(AbstractBeanFactory.java:196)
	at org.springframework.beans.factory.support.DefaultListableBeanFactory.instantiateSingleton(DefaultListableBeanFactory.java:1218)
	at org.springframework.beans.factory.support.DefaultListableBeanFactory.preInstantiateSingleton(DefaultListableBeanFactory.java:1184)
	at org.springframework.beans.factory.support.DefaultListableBeanFactory.preInstantiateSingletons(DefaultListableBeanFactory.java:1121)
	at org.springframework.context.support.AbstractApplicationContext.finishBeanFactoryInitialization(AbstractApplicationContext.java:994)
	at org.springframework.context.support.AbstractApplicationContext.refresh(AbstractApplicationContext.java:621)
	at org.springframework.boot.web.server.servlet.context.ServletWebServerApplicationContext.refresh(ServletWebServerApplicationContext.java:143)
	at org.springframework.boot.SpringApplication.refresh(SpringApplication.java:756)
	at org.springframework.boot.SpringApplication.refreshContext(SpringApplication.java:445)
	at org.springframework.boot.SpringApplication.run(SpringApplication.java:321)
	at org.springframework.boot.SpringApplication.run(SpringApplication.java:1365)
	at org.springframework.boot.SpringApplication.run(SpringApplication.java:1354)
	at com.example.CineLogApplication.main(CineLogApplication.java:14)
	at java.base/jdk.internal.reflect.DirectMethodHandleAccessor.invoke(DirectMethodHandleAccessor.java:103)
	at java.base/java.lang.reflect.Method.invoke(Method.java:580)
	at org.springframework.boot.devtools.restart.RestartLauncher.run(RestartLauncher.java:52)
Caused by: org.springframework.beans.factory.UnsatisfiedDependencyException: Error creating bean with name 'memberService' defined in file [C:\Dev\WS_sts\cinelog\bin\main\com\example\service\MemberService.class]: Unsatisfied dependency expressed through constructor parameter 1: Error creating bean with name 'reviewRepository' defined in com.example.repository.ReviewRepository defined in @EnableJpaRepositories declared on DataJpaRepositoriesRegistrar.EnableJpaRepositoriesConfiguration: Query validation failed for 'SELECT r FROM ReviewEntity r WHERE r.movie.mno = :mno ORDER BY r.regDate DESC'
	at org.springframework.beans.factory.support.ConstructorResolver.createArgumentArray(ConstructorResolver.java:804)
	at org.springframework.beans.factory.support.ConstructorResolver.autowireConstructor(ConstructorResolver.java:240)
	at org.springframework.beans.factory.support.AbstractAutowireCapableBeanFactory.autowireConstructor(AbstractAutowireCapableBeanFactory.java:1382)
	at org.springframework.beans.factory.support.AbstractAutowireCapableBeanFactory.createBeanInstance(AbstractAutowireCapableBeanFactory.java:1221)
	at org.springframework.beans.factory.support.AbstractAutowireCapableBeanFactory.doCreateBean(AbstractAutowireCapableBeanFactory.java:565)
	at org.springframework.beans.factory.support.AbstractAutowireCapableBeanFactory.createBean(AbstractAutowireCapableBeanFactory.java:525)
	at org.springframework.beans.factory.support.AbstractBeanFactory.lambda$doGetBean$0(AbstractBeanFactory.java:333)
	at org.springframework.beans.factory.support.DefaultSingletonBeanRegistry.getSingleton(DefaultSingletonBeanRegistry.java:371)
	at org.springframework.beans.factory.support.AbstractBeanFactory.doGetBean(AbstractBeanFactory.java:331)
	at org.springframework.beans.factory.support.AbstractBeanFactory.getBean(AbstractBeanFactory.java:201)
	at org.springframework.beans.factory.support.DefaultListableBeanFactory.resolveBean(DefaultListableBeanFactory.java:1225)
	at org.springframework.beans.factory.support.DefaultListableBeanFactory.doResolveDependency(DefaultListableBeanFactory.java:1704)
	at org.springframework.beans.factory.support.DefaultListableBeanFactory.resolveDependency(DefaultListableBeanFactory.java:1651)
	at org.springframework.beans.factory.support.ConstructorResolver.resolveAutowiredArgument(ConstructorResolver.java:912)
	at org.springframework.beans.factory.support.ConstructorResolver.createArgumentArray(ConstructorResolver.java:791)
	... 24 common frames omitted
Caused by: org.springframework.beans.factory.BeanCreationException: Error creating bean with name 'reviewRepository' defined in com.example.repository.ReviewRepository defined in @EnableJpaRepositories declared on DataJpaRepositoriesRegistrar.EnableJpaRepositoriesConfiguration: Query validation failed for 'SELECT r FROM ReviewEntity r WHERE r.movie.mno = :mno ORDER BY r.regDate DESC'
	at org.springframework.beans.factory.support.AbstractAutowireCapableBeanFactory.initializeBean(AbstractAutowireCapableBeanFactory.java:1817)
	at org.springframework.beans.factory.support.AbstractAutowireCapableBeanFactory.doCreateBean(AbstractAutowireCapableBeanFactory.java:603)
	at org.springframework.beans.factory.support.AbstractAutowireCapableBeanFactory.createBean(AbstractAutowireCapableBeanFactory.java:525)
	at org.springframework.beans.factory.support.AbstractBeanFactory.lambda$doGetBean$0(AbstractBeanFactory.java:333)
	at org.springframework.beans.factory.support.DefaultSingletonBeanRegistry.getSingleton(DefaultSingletonBeanRegistry.java:371)
	at org.springframework.beans.factory.support.AbstractBeanFactory.doGetBean(AbstractBeanFactory.java:331)
	at org.springframework.beans.factory.support.AbstractBeanFactory.getBean(AbstractBeanFactory.java:201)
	at org.springframework.beans.factory.support.DefaultListableBeanFactory.resolveBean(DefaultListableBeanFactory.java:1225)
	at org.springframework.beans.factory.support.DefaultListableBeanFactory.doResolveDependency(DefaultListableBeanFactory.java:1704)
	at org.springframework.beans.factory.support.DefaultListableBeanFactory.resolveDependency(DefaultListableBeanFactory.java:1651)
	at org.springframework.beans.factory.support.ConstructorResolver.resolveAutowiredArgument(ConstructorResolver.java:912)
	at org.springframework.beans.factory.support.ConstructorResolver.createArgumentArray(ConstructorResolver.java:791)
	... 38 common frames omitted
Caused by: org.springframework.data.repository.query.QueryCreationException: Cannot create query for method [ReviewRepository.findByMovieMno(java.lang.Long)]; Query validation failed for 'SELECT r FROM ReviewEntity r WHERE r.movie.mno = :mno ORDER BY r.regDate DESC'
	at org.springframework.data.repository.query.QueryCreationException.create(QueryCreationException.java:139)
	at org.springframework.data.repository.query.QueryCreationException.create(QueryCreationException.java:124)
	at org.springframework.data.jpa.repository.query.SimpleJpaQuery.validateQuery(SimpleJpaQuery.java:78)
	at org.springframework.data.jpa.repository.query.SimpleJpaQuery.<init>(SimpleJpaQuery.java:52)
	at org.springframework.data.jpa.repository.query.JpaQueryLookupStrategy$DeclaredQueryLookupStrategy.createStringQuery(JpaQueryLookupStrategy.java:228)
	at org.springframework.data.jpa.repository.query.JpaQueryLookupStrategy$DeclaredQueryLookupStrategy.resolveQuery(JpaQueryLookupStrategy.java:160)
	at org.springframework.data.jpa.repository.query.JpaQueryLookupStrategy$CreateIfNotFoundQueryLookupStrategy.resolveQuery(JpaQueryLookupStrategy.java:285)
	at org.springframework.data.jpa.repository.query.JpaQueryLookupStrategy$AbstractQueryLookupStrategy.resolveQuery(JpaQueryLookupStrategy.java:93)
	at org.springframework.data.repository.core.support.QueryExecutorMethodInterceptor.lookupQuery(QueryExecutorMethodInterceptor.java:114)
	at org.springframework.data.repository.core.support.QueryExecutorMethodInterceptor.mapMethodsToQuery(QueryExecutorMethodInterceptor.java:102)
	at org.springframework.data.repository.core.support.QueryExecutorMethodInterceptor.<init>(QueryExecutorMethodInterceptor.java:90)
	at org.springframework.data.repository.core.support.RepositoryFactorySupport.getRepository(RepositoryFactorySupport.java:413)
	at org.springframework.data.repository.core.support.RepositoryFactoryBeanSupport.lambda$afterPropertiesSet$1(RepositoryFactoryBeanSupport.java:361)
	at org.springframework.data.util.Lazy.getNullable(Lazy.java:136)
	at org.springframework.data.util.Lazy.get(Lazy.java:114)
	at org.springframework.data.repository.core.support.RepositoryFactoryBeanSupport.afterPropertiesSet(RepositoryFactoryBeanSupport.java:370)
	at org.springframework.data.jpa.repository.support.JpaRepositoryFactoryBean.afterPropertiesSet(JpaRepositoryFactoryBean.java:212)
	at org.springframework.beans.factory.support.AbstractAutowireCapableBeanFactory.invokeInitMethods(AbstractAutowireCapableBeanFactory.java:1864)
	at org.springframework.beans.factory.support.AbstractAutowireCapableBeanFactory.initializeBean(AbstractAutowireCapableBeanFactory.java:1813)
	... 49 common frames omitted
Caused by: java.lang.IllegalArgumentException: org.hibernate.query.sqm.UnknownEntityException: Could not resolve root entity 'ReviewEntity'
	at org.hibernate.internal.ExceptionConverterImpl.convert(ExceptionConverterImpl.java:129)
	at org.hibernate.internal.ExceptionConverterImpl.convert(ExceptionConverterImpl.java:168)
	at org.hibernate.internal.ExceptionConverterImpl.convert(ExceptionConverterImpl.java:174)
	at org.hibernate.internal.AbstractSharedSessionContract.createQuery(AbstractSharedSessionContract.java:1010)
	at org.hibernate.internal.SessionImpl.createQuery(SessionImpl.java:155)
	at org.hibernate.internal.AbstractSharedSessionContract.createQuery(AbstractSharedSessionContract.java:919)
	at org.hibernate.internal.SessionImpl.createQuery(SessionImpl.java:155)
	at org.hibernate.internal.AbstractSharedSessionContract.createQuery(AbstractSharedSessionContract.java:142)
	at java.base/jdk.internal.reflect.DirectMethodHandleAccessor.invoke(DirectMethodHandleAccessor.java:103)
	at java.base/java.lang.reflect.Method.invoke(Method.java:580)
	at org.springframework.orm.jpa.ExtendedEntityManagerCreator$ExtendedEntityManagerInvocationHandler.invoke(ExtendedEntityManagerCreator.java:362)
	at jdk.proxy15/jdk.proxy15.$Proxy204.createQuery(Unknown Source)
	at org.springframework.data.jpa.repository.query.SimpleJpaQuery.validateQuery(SimpleJpaQuery.java:73)
	... 65 common frames omitted
Caused by: org.hibernate.query.sqm.UnknownEntityException: Could not resolve root entity 'ReviewEntity'
	at org.hibernate.query.hql.internal.SemanticQueryBuilder.resolveRootEntity(SemanticQueryBuilder.java:2072)
	at org.hibernate.query.hql.internal.SemanticQueryBuilder.visitRootEntity(SemanticQueryBuilder.java:2002)
	at org.hibernate.query.hql.internal.SemanticQueryBuilder.visitRootEntity(SemanticQueryBuilder.java:246)
	at org.hibernate.grammars.hql.HqlParser$RootEntityContext.accept(HqlParser.java:2820)
	at org.hibernate.query.hql.internal.SemanticQueryBuilder.visitEntityWithJoins(SemanticQueryBuilder.java:1972)
	at org.hibernate.query.hql.internal.SemanticQueryBuilder.visitFromClause(SemanticQueryBuilder.java:1959)
	at org.hibernate.query.hql.internal.SemanticQueryBuilder.visitQuery(SemanticQueryBuilder.java:1151)
	at org.hibernate.query.hql.internal.SemanticQueryBuilder.visitQuerySpecExpression(SemanticQueryBuilder.java:955)
	at org.hibernate.query.hql.internal.SemanticQueryBuilder.visitQuerySpecExpression(SemanticQueryBuilder.java:246)
	at org.hibernate.grammars.hql.HqlParser$QuerySpecExpressionContext.accept(HqlParser.java:2113)
	at org.hibernate.query.hql.internal.SemanticQueryBuilder.visitQueryExpression(SemanticQueryBuilder.java:984)
	at org.hibernate.query.hql.internal.SemanticQueryBuilder.visitQueryExpression(SemanticQueryBuilder.java:246)
	at org.hibernate.grammars.hql.HqlParser$QueryExpressionContext.accept(HqlParser.java:2003)
	at org.hibernate.query.hql.internal.SemanticQueryBuilder.visitSelectStatement(SemanticQueryBuilder.java:471)
	at org.hibernate.query.hql.internal.SemanticQueryBuilder.visitStatement(SemanticQueryBuilder.java:430)
	at org.hibernate.query.hql.internal.SemanticQueryBuilder.buildSemanticModel(SemanticQueryBuilder.java:291)
	at org.hibernate.query.hql.internal.StandardHqlTranslator.translate(StandardHqlTranslator.java:64)
	at org.hibernate.query.internal.QueryInterpretationCacheStandardImpl.createHqlInterpretation(QueryInterpretationCacheStandardImpl.java:165)
	at org.hibernate.query.internal.QueryInterpretationCacheStandardImpl.resolveHqlInterpretation(QueryInterpretationCacheStandardImpl.java:147)
	at org.hibernate.query.spi.QueryEngine.interpretHql(QueryEngine.java:61)
	at org.hibernate.internal.AbstractSharedSessionContract.interpretHql(AbstractSharedSessionContract.java:951)
	at org.hibernate.internal.AbstractSharedSessionContract.createQuery(AbstractSharedSessionContract.java:1002)
	... 74 common frames omitted
2026-04-01 15:56:18 [restartedMain] INFO  com.example.CineLogApplication - Starting CineLogApplication using Java 21.0.10 with PID 10308 (C:\Dev\WS_sts\cinelog\bin\main started by GGG in C:\Dev\WS_sts\cinelog)
2026-04-01 15:56:18 [restartedMain] INFO  com.example.CineLogApplication - No active profile set, falling back to 1 default profile: "default"
2026-04-01 15:56:18 [restartedMain] INFO  o.s.d.r.c.RepositoryConfigurationDelegate - Bootstrapping Spring Data JPA repositories in DEFAULT mode.
2026-04-01 15:56:18 [restartedMain] INFO  o.s.d.r.c.RepositoryConfigurationDelegate - Finished Spring Data repository scanning in 7 ms. Found 3 JPA repository interfaces.
2026-04-01 15:56:19 [restartedMain] INFO  o.s.boot.tomcat.TomcatWebServer - Tomcat initialized with port 8092 (http)
2026-04-01 15:56:19 [restartedMain] INFO  o.a.coyote.http11.Http11NioProtocol - Initializing ProtocolHandler ["http-nio-8092"]
2026-04-01 15:56:19 [restartedMain] INFO  o.a.catalina.core.StandardService - Starting service [Tomcat]
2026-04-01 15:56:19 [restartedMain] INFO  o.a.catalina.core.StandardEngine - Starting Servlet engine: [Apache Tomcat/11.0.20]
2026-04-01 15:56:19 [restartedMain] INFO  o.s.b.w.c.s.WebApplicationContextInitializer - Root WebApplicationContext: initialization completed in 228 ms
2026-04-01 15:56:19 [restartedMain] INFO  org.hibernate.orm.jpa - HHH008540: Processing PersistenceUnitInfo [name: default]
2026-04-01 15:56:19 [restartedMain] INFO  o.s.o.j.p.SpringPersistenceUnitInfo - No LoadTimeWeaver setup: ignoring JPA class transformer
2026-04-01 15:56:19 [restartedMain] INFO  com.zaxxer.hikari.HikariDataSource - HikariPool-13 - Starting...
2026-04-01 15:56:19 [restartedMain] INFO  com.zaxxer.hikari.pool.HikariPool - HikariPool-13 - Added connection oracle.jdbc.driver.T4CConnection@63c7deb1
2026-04-01 15:56:19 [restartedMain] INFO  com.zaxxer.hikari.HikariDataSource - HikariPool-13 - Start completed.
2026-04-01 15:56:19 [restartedMain] WARN  org.hibernate.orm.jdbc - HHH100123: Low default JDBC fetch size: 10 (consider setting 'hibernate.jdbc.fetch_size')
2026-04-01 15:56:19 [restartedMain] INFO  o.hibernate.orm.connections.pooling - HHH10001005: Database info:
	Database JDBC URL [jdbc:oracle:thin:@//localhost:1521/testdb]
	Database driver: Oracle JDBC driver
	Database dialect: OracleDialect
	Database version: 19.3
	Default catalog/schema: undefined/GREEN
	Autocommit mode: undefined/unknown
	Isolation level: READ_COMMITTED [default READ_COMMITTED]
	JDBC fetch size: 10
	Pool: DataSourceConnectionProvider
	Minimum pool size: undefined/unknown
	Maximum pool size: undefined/unknown
2026-04-01 15:56:19 [restartedMain] INFO  org.hibernate.orm.core - HHH000489: No JTA platform available (set 'hibernate.transaction.jta.platform' to enable JTA platform integration)
2026-04-01 15:56:19 [restartedMain] INFO  o.s.o.j.LocalContainerEntityManagerFactoryBean - Initialized JPA EntityManagerFactory for persistence unit 'default'
2026-04-01 15:56:19 [restartedMain] WARN  o.s.b.w.s.s.c.AnnotationConfigServletWebServerApplicationContext - Exception encountered during context initialization - cancelling refresh attempt: org.springframework.beans.factory.UnsatisfiedDependencyException: Error creating bean with name 'memberController' defined in file [C:\Dev\WS_sts\cinelog\bin\main\com\example\controller\MemberController.class]: Unsatisfied dependency expressed through constructor parameter 0: Error creating bean with name 'memberService' defined in file [C:\Dev\WS_sts\cinelog\bin\main\com\example\service\MemberService.class]: Unsatisfied dependency expressed through constructor parameter 1: Error creating bean with name 'reviewRepository' defined in com.example.repository.ReviewRepository defined in @EnableJpaRepositories declared on DataJpaRepositoriesRegistrar.EnableJpaRepositoriesConfiguration: Query validation failed for 'SELECT r FROM ReviewEntity r WHERE r.movie.mno = :mno ORDER BY r.regDate DESC'
2026-04-01 15:56:19 [restartedMain] INFO  o.s.o.j.LocalContainerEntityManagerFactoryBean - Closing JPA EntityManagerFactory for persistence unit 'default'
2026-04-01 15:56:19 [restartedMain] INFO  com.zaxxer.hikari.HikariDataSource - HikariPool-13 - Shutdown initiated...
2026-04-01 15:56:19 [restartedMain] INFO  com.zaxxer.hikari.HikariDataSource - HikariPool-13 - Shutdown completed.
2026-04-01 15:56:19 [restartedMain] INFO  o.a.catalina.core.StandardService - Stopping service [Tomcat]
2026-04-01 15:56:19 [restartedMain] INFO  o.s.b.a.l.ConditionEvaluationReportLogger - 

Error starting ApplicationContext. To display the condition evaluation report re-run your application with 'debug' enabled.
2026-04-01 15:56:19 [restartedMain] ERROR o.s.boot.SpringApplication - Application run failed
org.springframework.beans.factory.UnsatisfiedDependencyException: Error creating bean with name 'memberController' defined in file [C:\Dev\WS_sts\cinelog\bin\main\com\example\controller\MemberController.class]: Unsatisfied dependency expressed through constructor parameter 0: Error creating bean with name 'memberService' defined in file [C:\Dev\WS_sts\cinelog\bin\main\com\example\service\MemberService.class]: Unsatisfied dependency expressed through constructor parameter 1: Error creating bean with name 'reviewRepository' defined in com.example.repository.ReviewRepository defined in @EnableJpaRepositories declared on DataJpaRepositoriesRegistrar.EnableJpaRepositoriesConfiguration: Query validation failed for 'SELECT r FROM ReviewEntity r WHERE r.movie.mno = :mno ORDER BY r.regDate DESC'
	at org.springframework.beans.factory.support.ConstructorResolver.createArgumentArray(ConstructorResolver.java:804)
	at org.springframework.beans.factory.support.ConstructorResolver.autowireConstructor(ConstructorResolver.java:240)
	at org.springframework.beans.factory.support.AbstractAutowireCapableBeanFactory.autowireConstructor(AbstractAutowireCapableBeanFactory.java:1382)
	at org.springframework.beans.factory.support.AbstractAutowireCapableBeanFactory.createBeanInstance(AbstractAutowireCapableBeanFactory.java:1221)
	at org.springframework.beans.factory.support.AbstractAutowireCapableBeanFactory.doCreateBean(AbstractAutowireCapableBeanFactory.java:565)
	at org.springframework.beans.factory.support.AbstractAutowireCapableBeanFactory.createBean(AbstractAutowireCapableBeanFactory.java:525)
	at org.springframework.beans.factory.support.AbstractBeanFactory.lambda$doGetBean$0(AbstractBeanFactory.java:333)
	at org.springframework.beans.factory.support.DefaultSingletonBeanRegistry.getSingleton(DefaultSingletonBeanRegistry.java:371)
	at org.springframework.beans.factory.support.AbstractBeanFactory.doGetBean(AbstractBeanFactory.java:331)
	at org.springframework.beans.factory.support.AbstractBeanFactory.getBean(AbstractBeanFactory.java:196)
	at org.springframework.beans.factory.support.DefaultListableBeanFactory.instantiateSingleton(DefaultListableBeanFactory.java:1218)
	at org.springframework.beans.factory.support.DefaultListableBeanFactory.preInstantiateSingleton(DefaultListableBeanFactory.java:1184)
	at org.springframework.beans.factory.support.DefaultListableBeanFactory.preInstantiateSingletons(DefaultListableBeanFactory.java:1121)
	at org.springframework.context.support.AbstractApplicationContext.finishBeanFactoryInitialization(AbstractApplicationContext.java:994)
	at org.springframework.context.support.AbstractApplicationContext.refresh(AbstractApplicationContext.java:621)
	at org.springframework.boot.web.server.servlet.context.ServletWebServerApplicationContext.refresh(ServletWebServerApplicationContext.java:143)
	at org.springframework.boot.SpringApplication.refresh(SpringApplication.java:756)
	at org.springframework.boot.SpringApplication.refreshContext(SpringApplication.java:445)
	at org.springframework.boot.SpringApplication.run(SpringApplication.java:321)
	at org.springframework.boot.SpringApplication.run(SpringApplication.java:1365)
	at org.springframework.boot.SpringApplication.run(SpringApplication.java:1354)
	at com.example.CineLogApplication.main(CineLogApplication.java:14)
	at java.base/jdk.internal.reflect.DirectMethodHandleAccessor.invoke(DirectMethodHandleAccessor.java:103)
	at java.base/java.lang.reflect.Method.invoke(Method.java:580)
	at org.springframework.boot.devtools.restart.RestartLauncher.run(RestartLauncher.java:52)
Caused by: org.springframework.beans.factory.UnsatisfiedDependencyException: Error creating bean with name 'memberService' defined in file [C:\Dev\WS_sts\cinelog\bin\main\com\example\service\MemberService.class]: Unsatisfied dependency expressed through constructor parameter 1: Error creating bean with name 'reviewRepository' defined in com.example.repository.ReviewRepository defined in @EnableJpaRepositories declared on DataJpaRepositoriesRegistrar.EnableJpaRepositoriesConfiguration: Query validation failed for 'SELECT r FROM ReviewEntity r WHERE r.movie.mno = :mno ORDER BY r.regDate DESC'
	at org.springframework.beans.factory.support.ConstructorResolver.createArgumentArray(ConstructorResolver.java:804)
	at org.springframework.beans.factory.support.ConstructorResolver.autowireConstructor(ConstructorResolver.java:240)
	at org.springframework.beans.factory.support.AbstractAutowireCapableBeanFactory.autowireConstructor(AbstractAutowireCapableBeanFactory.java:1382)
	at org.springframework.beans.factory.support.AbstractAutowireCapableBeanFactory.createBeanInstance(AbstractAutowireCapableBeanFactory.java:1221)
	at org.springframework.beans.factory.support.AbstractAutowireCapableBeanFactory.doCreateBean(AbstractAutowireCapableBeanFactory.java:565)
	at org.springframework.beans.factory.support.AbstractAutowireCapableBeanFactory.createBean(AbstractAutowireCapableBeanFactory.java:525)
	at org.springframework.beans.factory.support.AbstractBeanFactory.lambda$doGetBean$0(AbstractBeanFactory.java:333)
	at org.springframework.beans.factory.support.DefaultSingletonBeanRegistry.getSingleton(DefaultSingletonBeanRegistry.java:371)
	at org.springframework.beans.factory.support.AbstractBeanFactory.doGetBean(AbstractBeanFactory.java:331)
	at org.springframework.beans.factory.support.AbstractBeanFactory.getBean(AbstractBeanFactory.java:201)
	at org.springframework.beans.factory.support.DefaultListableBeanFactory.resolveBean(DefaultListableBeanFactory.java:1225)
	at org.springframework.beans.factory.support.DefaultListableBeanFactory.doResolveDependency(DefaultListableBeanFactory.java:1704)
	at org.springframework.beans.factory.support.DefaultListableBeanFactory.resolveDependency(DefaultListableBeanFactory.java:1651)
	at org.springframework.beans.factory.support.ConstructorResolver.resolveAutowiredArgument(ConstructorResolver.java:912)
	at org.springframework.beans.factory.support.ConstructorResolver.createArgumentArray(ConstructorResolver.java:791)
	... 24 common frames omitted
Caused by: org.springframework.beans.factory.BeanCreationException: Error creating bean with name 'reviewRepository' defined in com.example.repository.ReviewRepository defined in @EnableJpaRepositories declared on DataJpaRepositoriesRegistrar.EnableJpaRepositoriesConfiguration: Query validation failed for 'SELECT r FROM ReviewEntity r WHERE r.movie.mno = :mno ORDER BY r.regDate DESC'
	at org.springframework.beans.factory.support.AbstractAutowireCapableBeanFactory.initializeBean(AbstractAutowireCapableBeanFactory.java:1817)
	at org.springframework.beans.factory.support.AbstractAutowireCapableBeanFactory.doCreateBean(AbstractAutowireCapableBeanFactory.java:603)
	at org.springframework.beans.factory.support.AbstractAutowireCapableBeanFactory.createBean(AbstractAutowireCapableBeanFactory.java:525)
	at org.springframework.beans.factory.support.AbstractBeanFactory.lambda$doGetBean$0(AbstractBeanFactory.java:333)
	at org.springframework.beans.factory.support.DefaultSingletonBeanRegistry.getSingleton(DefaultSingletonBeanRegistry.java:371)
	at org.springframework.beans.factory.support.AbstractBeanFactory.doGetBean(AbstractBeanFactory.java:331)
	at org.springframework.beans.factory.support.AbstractBeanFactory.getBean(AbstractBeanFactory.java:201)
	at org.springframework.beans.factory.support.DefaultListableBeanFactory.resolveBean(DefaultListableBeanFactory.java:1225)
	at org.springframework.beans.factory.support.DefaultListableBeanFactory.doResolveDependency(DefaultListableBeanFactory.java:1704)
	at org.springframework.beans.factory.support.DefaultListableBeanFactory.resolveDependency(DefaultListableBeanFactory.java:1651)
	at org.springframework.beans.factory.support.ConstructorResolver.resolveAutowiredArgument(ConstructorResolver.java:912)
	at org.springframework.beans.factory.support.ConstructorResolver.createArgumentArray(ConstructorResolver.java:791)
	... 38 common frames omitted
Caused by: org.springframework.data.repository.query.QueryCreationException: Cannot create query for method [ReviewRepository.findByMovieMno(java.lang.Long)]; Query validation failed for 'SELECT r FROM ReviewEntity r WHERE r.movie.mno = :mno ORDER BY r.regDate DESC'
	at org.springframework.data.repository.query.QueryCreationException.create(QueryCreationException.java:139)
	at org.springframework.data.repository.query.QueryCreationException.create(QueryCreationException.java:124)
	at org.springframework.data.jpa.repository.query.SimpleJpaQuery.validateQuery(SimpleJpaQuery.java:78)
	at org.springframework.data.jpa.repository.query.SimpleJpaQuery.<init>(SimpleJpaQuery.java:52)
	at org.springframework.data.jpa.repository.query.JpaQueryLookupStrategy$DeclaredQueryLookupStrategy.createStringQuery(JpaQueryLookupStrategy.java:228)
	at org.springframework.data.jpa.repository.query.JpaQueryLookupStrategy$DeclaredQueryLookupStrategy.resolveQuery(JpaQueryLookupStrategy.java:160)
	at org.springframework.data.jpa.repository.query.JpaQueryLookupStrategy$CreateIfNotFoundQueryLookupStrategy.resolveQuery(JpaQueryLookupStrategy.java:285)
	at org.springframework.data.jpa.repository.query.JpaQueryLookupStrategy$AbstractQueryLookupStrategy.resolveQuery(JpaQueryLookupStrategy.java:93)
	at org.springframework.data.repository.core.support.QueryExecutorMethodInterceptor.lookupQuery(QueryExecutorMethodInterceptor.java:114)
	at org.springframework.data.repository.core.support.QueryExecutorMethodInterceptor.mapMethodsToQuery(QueryExecutorMethodInterceptor.java:102)
	at org.springframework.data.repository.core.support.QueryExecutorMethodInterceptor.<init>(QueryExecutorMethodInterceptor.java:90)
	at org.springframework.data.repository.core.support.RepositoryFactorySupport.getRepository(RepositoryFactorySupport.java:413)
	at org.springframework.data.repository.core.support.RepositoryFactoryBeanSupport.lambda$afterPropertiesSet$1(RepositoryFactoryBeanSupport.java:361)
	at org.springframework.data.util.Lazy.getNullable(Lazy.java:136)
	at org.springframework.data.util.Lazy.get(Lazy.java:114)
	at org.springframework.data.repository.core.support.RepositoryFactoryBeanSupport.afterPropertiesSet(RepositoryFactoryBeanSupport.java:370)
	at org.springframework.data.jpa.repository.support.JpaRepositoryFactoryBean.afterPropertiesSet(JpaRepositoryFactoryBean.java:212)
	at org.springframework.beans.factory.support.AbstractAutowireCapableBeanFactory.invokeInitMethods(AbstractAutowireCapableBeanFactory.java:1864)
	at org.springframework.beans.factory.support.AbstractAutowireCapableBeanFactory.initializeBean(AbstractAutowireCapableBeanFactory.java:1813)
	... 49 common frames omitted
Caused by: java.lang.IllegalArgumentException: org.hibernate.query.sqm.UnknownEntityException: Could not resolve root entity 'ReviewEntity'
	at org.hibernate.internal.ExceptionConverterImpl.convert(ExceptionConverterImpl.java:129)
	at org.hibernate.internal.ExceptionConverterImpl.convert(ExceptionConverterImpl.java:168)
	at org.hibernate.internal.ExceptionConverterImpl.convert(ExceptionConverterImpl.java:174)
	at org.hibernate.internal.AbstractSharedSessionContract.createQuery(AbstractSharedSessionContract.java:1010)
	at org.hibernate.internal.SessionImpl.createQuery(SessionImpl.java:155)
	at org.hibernate.internal.AbstractSharedSessionContract.createQuery(AbstractSharedSessionContract.java:919)
	at org.hibernate.internal.SessionImpl.createQuery(SessionImpl.java:155)
	at org.hibernate.internal.AbstractSharedSessionContract.createQuery(AbstractSharedSessionContract.java:142)
	at java.base/jdk.internal.reflect.DirectMethodHandleAccessor.invoke(DirectMethodHandleAccessor.java:103)
	at java.base/java.lang.reflect.Method.invoke(Method.java:580)
	at org.springframework.orm.jpa.ExtendedEntityManagerCreator$ExtendedEntityManagerInvocationHandler.invoke(ExtendedEntityManagerCreator.java:362)
	at jdk.proxy16/jdk.proxy16.$Proxy207.createQuery(Unknown Source)
	at org.springframework.data.jpa.repository.query.SimpleJpaQuery.validateQuery(SimpleJpaQuery.java:73)
	... 65 common frames omitted
Caused by: org.hibernate.query.sqm.UnknownEntityException: Could not resolve root entity 'ReviewEntity'
	at org.hibernate.query.hql.internal.SemanticQueryBuilder.resolveRootEntity(SemanticQueryBuilder.java:2072)
	at org.hibernate.query.hql.internal.SemanticQueryBuilder.visitRootEntity(SemanticQueryBuilder.java:2002)
	at org.hibernate.query.hql.internal.SemanticQueryBuilder.visitRootEntity(SemanticQueryBuilder.java:246)
	at org.hibernate.grammars.hql.HqlParser$RootEntityContext.accept(HqlParser.java:2820)
	at org.hibernate.query.hql.internal.SemanticQueryBuilder.visitEntityWithJoins(SemanticQueryBuilder.java:1972)
	at org.hibernate.query.hql.internal.SemanticQueryBuilder.visitFromClause(SemanticQueryBuilder.java:1959)
	at org.hibernate.query.hql.internal.SemanticQueryBuilder.visitQuery(SemanticQueryBuilder.java:1151)
	at org.hibernate.query.hql.internal.SemanticQueryBuilder.visitQuerySpecExpression(SemanticQueryBuilder.java:955)
	at org.hibernate.query.hql.internal.SemanticQueryBuilder.visitQuerySpecExpression(SemanticQueryBuilder.java:246)
	at org.hibernate.grammars.hql.HqlParser$QuerySpecExpressionContext.accept(HqlParser.java:2113)
	at org.hibernate.query.hql.internal.SemanticQueryBuilder.visitQueryExpression(SemanticQueryBuilder.java:984)
	at org.hibernate.query.hql.internal.SemanticQueryBuilder.visitQueryExpression(SemanticQueryBuilder.java:246)
	at org.hibernate.grammars.hql.HqlParser$QueryExpressionContext.accept(HqlParser.java:2003)
	at org.hibernate.query.hql.internal.SemanticQueryBuilder.visitSelectStatement(SemanticQueryBuilder.java:471)
	at org.hibernate.query.hql.internal.SemanticQueryBuilder.visitStatement(SemanticQueryBuilder.java:430)
	at org.hibernate.query.hql.internal.SemanticQueryBuilder.buildSemanticModel(SemanticQueryBuilder.java:291)
	at org.hibernate.query.hql.internal.StandardHqlTranslator.translate(StandardHqlTranslator.java:64)
	at org.hibernate.query.internal.QueryInterpretationCacheStandardImpl.createHqlInterpretation(QueryInterpretationCacheStandardImpl.java:165)
	at org.hibernate.query.internal.QueryInterpretationCacheStandardImpl.resolveHqlInterpretation(QueryInterpretationCacheStandardImpl.java:147)
	at org.hibernate.query.spi.QueryEngine.interpretHql(QueryEngine.java:61)
	at org.hibernate.internal.AbstractSharedSessionContract.interpretHql(AbstractSharedSessionContract.java:951)
	at org.hibernate.internal.AbstractSharedSessionContract.createQuery(AbstractSharedSessionContract.java:1002)
	... 74 common frames omitted
2026-04-01 15:56:35 [restartedMain] INFO  com.example.CineLogApplication - Starting CineLogApplication using Java 21.0.10 with PID 10308 (C:\Dev\WS_sts\cinelog\bin\main started by GGG in C:\Dev\WS_sts\cinelog)
2026-04-01 15:56:35 [restartedMain] INFO  com.example.CineLogApplication - No active profile set, falling back to 1 default profile: "default"
2026-04-01 15:56:35 [restartedMain] INFO  o.s.d.r.c.RepositoryConfigurationDelegate - Bootstrapping Spring Data JPA repositories in DEFAULT mode.
2026-04-01 15:56:35 [restartedMain] INFO  o.s.d.r.c.RepositoryConfigurationDelegate - Finished Spring Data repository scanning in 7 ms. Found 3 JPA repository interfaces.
2026-04-01 15:56:35 [restartedMain] INFO  o.s.boot.tomcat.TomcatWebServer - Tomcat initialized with port 8092 (http)
2026-04-01 15:56:35 [restartedMain] INFO  o.a.coyote.http11.Http11NioProtocol - Initializing ProtocolHandler ["http-nio-8092"]
2026-04-01 15:56:35 [restartedMain] INFO  o.a.catalina.core.StandardService - Starting service [Tomcat]
2026-04-01 15:56:35 [restartedMain] INFO  o.a.catalina.core.StandardEngine - Starting Servlet engine: [Apache Tomcat/11.0.20]
2026-04-01 15:56:35 [restartedMain] INFO  o.s.b.w.c.s.WebApplicationContextInitializer - Root WebApplicationContext: initialization completed in 199 ms
2026-04-01 15:56:35 [restartedMain] INFO  org.hibernate.orm.jpa - HHH008540: Processing PersistenceUnitInfo [name: default]
2026-04-01 15:56:35 [restartedMain] INFO  o.s.o.j.p.SpringPersistenceUnitInfo - No LoadTimeWeaver setup: ignoring JPA class transformer
2026-04-01 15:56:35 [restartedMain] INFO  com.zaxxer.hikari.HikariDataSource - HikariPool-14 - Starting...
2026-04-01 15:56:35 [restartedMain] INFO  com.zaxxer.hikari.pool.HikariPool - HikariPool-14 - Added connection oracle.jdbc.driver.T4CConnection@5943ad95
2026-04-01 15:56:35 [restartedMain] INFO  com.zaxxer.hikari.HikariDataSource - HikariPool-14 - Start completed.
2026-04-01 15:56:35 [restartedMain] WARN  org.hibernate.orm.jdbc - HHH100123: Low default JDBC fetch size: 10 (consider setting 'hibernate.jdbc.fetch_size')
2026-04-01 15:56:35 [restartedMain] INFO  o.hibernate.orm.connections.pooling - HHH10001005: Database info:
	Database JDBC URL [jdbc:oracle:thin:@//localhost:1521/testdb]
	Database driver: Oracle JDBC driver
	Database dialect: OracleDialect
	Database version: 19.3
	Default catalog/schema: undefined/GREEN
	Autocommit mode: undefined/unknown
	Isolation level: READ_COMMITTED [default READ_COMMITTED]
	JDBC fetch size: 10
	Pool: DataSourceConnectionProvider
	Minimum pool size: undefined/unknown
	Maximum pool size: undefined/unknown
2026-04-01 15:56:35 [restartedMain] INFO  org.hibernate.orm.core - HHH000489: No JTA platform available (set 'hibernate.transaction.jta.platform' to enable JTA platform integration)
2026-04-01 15:56:35 [restartedMain] INFO  o.s.o.j.LocalContainerEntityManagerFactoryBean - Initialized JPA EntityManagerFactory for persistence unit 'default'
2026-04-01 15:56:35 [restartedMain] WARN  o.s.b.w.s.s.c.AnnotationConfigServletWebServerApplicationContext - Exception encountered during context initialization - cancelling refresh attempt: org.springframework.beans.factory.UnsatisfiedDependencyException: Error creating bean with name 'memberController' defined in file [C:\Dev\WS_sts\cinelog\bin\main\com\example\controller\MemberController.class]: Unsatisfied dependency expressed through constructor parameter 0: Error creating bean with name 'memberService': Lookup method resolution failed
2026-04-01 15:56:35 [restartedMain] INFO  o.s.o.j.LocalContainerEntityManagerFactoryBean - Closing JPA EntityManagerFactory for persistence unit 'default'
2026-04-01 15:56:35 [restartedMain] INFO  com.zaxxer.hikari.HikariDataSource - HikariPool-14 - Shutdown initiated...
2026-04-01 15:56:35 [restartedMain] INFO  com.zaxxer.hikari.HikariDataSource - HikariPool-14 - Shutdown completed.
2026-04-01 15:56:35 [restartedMain] INFO  o.a.catalina.core.StandardService - Stopping service [Tomcat]
2026-04-01 15:56:35 [restartedMain] INFO  o.s.b.a.l.ConditionEvaluationReportLogger - 

Error starting ApplicationContext. To display the condition evaluation report re-run your application with 'debug' enabled.
2026-04-01 15:56:35 [restartedMain] ERROR o.s.boot.SpringApplication - Application run failed
org.springframework.beans.factory.UnsatisfiedDependencyException: Error creating bean with name 'memberController' defined in file [C:\Dev\WS_sts\cinelog\bin\main\com\example\controller\MemberController.class]: Unsatisfied dependency expressed through constructor parameter 0: Error creating bean with name 'memberService': Lookup method resolution failed
	at org.springframework.beans.factory.support.ConstructorResolver.createArgumentArray(ConstructorResolver.java:804)
	at org.springframework.beans.factory.support.ConstructorResolver.autowireConstructor(ConstructorResolver.java:240)
	at org.springframework.beans.factory.support.AbstractAutowireCapableBeanFactory.autowireConstructor(AbstractAutowireCapableBeanFactory.java:1382)
	at org.springframework.beans.factory.support.AbstractAutowireCapableBeanFactory.createBeanInstance(AbstractAutowireCapableBeanFactory.java:1221)
	at org.springframework.beans.factory.support.AbstractAutowireCapableBeanFactory.doCreateBean(AbstractAutowireCapableBeanFactory.java:565)
	at org.springframework.beans.factory.support.AbstractAutowireCapableBeanFactory.createBean(AbstractAutowireCapableBeanFactory.java:525)
	at org.springframework.beans.factory.support.AbstractBeanFactory.lambda$doGetBean$0(AbstractBeanFactory.java:333)
	at org.springframework.beans.factory.support.DefaultSingletonBeanRegistry.getSingleton(DefaultSingletonBeanRegistry.java:371)
	at org.springframework.beans.factory.support.AbstractBeanFactory.doGetBean(AbstractBeanFactory.java:331)
	at org.springframework.beans.factory.support.AbstractBeanFactory.getBean(AbstractBeanFactory.java:196)
	at org.springframework.beans.factory.support.DefaultListableBeanFactory.instantiateSingleton(DefaultListableBeanFactory.java:1218)
	at org.springframework.beans.factory.support.DefaultListableBeanFactory.preInstantiateSingleton(DefaultListableBeanFactory.java:1184)
	at org.springframework.beans.factory.support.DefaultListableBeanFactory.preInstantiateSingletons(DefaultListableBeanFactory.java:1121)
	at org.springframework.context.support.AbstractApplicationContext.finishBeanFactoryInitialization(AbstractApplicationContext.java:994)
	at org.springframework.context.support.AbstractApplicationContext.refresh(AbstractApplicationContext.java:621)
	at org.springframework.boot.web.server.servlet.context.ServletWebServerApplicationContext.refresh(ServletWebServerApplicationContext.java:143)
	at org.springframework.boot.SpringApplication.refresh(SpringApplication.java:756)
	at org.springframework.boot.SpringApplication.refreshContext(SpringApplication.java:445)
	at org.springframework.boot.SpringApplication.run(SpringApplication.java:321)
	at org.springframework.boot.SpringApplication.run(SpringApplication.java:1365)
	at org.springframework.boot.SpringApplication.run(SpringApplication.java:1354)
	at com.example.CineLogApplication.main(CineLogApplication.java:14)
	at java.base/jdk.internal.reflect.DirectMethodHandleAccessor.invoke(DirectMethodHandleAccessor.java:103)
	at java.base/java.lang.reflect.Method.invoke(Method.java:580)
	at org.springframework.boot.devtools.restart.RestartLauncher.run(RestartLauncher.java:52)
Caused by: org.springframework.beans.factory.BeanCreationException: Error creating bean with name 'memberService': Lookup method resolution failed
	at org.springframework.beans.factory.annotation.AutowiredAnnotationBeanPostProcessor.checkLookupMethods(AutowiredAnnotationBeanPostProcessor.java:482)
	at org.springframework.beans.factory.annotation.AutowiredAnnotationBeanPostProcessor.determineCandidateConstructors(AutowiredAnnotationBeanPostProcessor.java:352)
	at org.springframework.beans.factory.support.AbstractAutowireCapableBeanFactory.determineConstructorsFromBeanPostProcessors(AbstractAutowireCapableBeanFactory.java:1321)
	at org.springframework.beans.factory.support.AbstractAutowireCapableBeanFactory.createBeanInstance(AbstractAutowireCapableBeanFactory.java:1218)
	at org.springframework.beans.factory.support.AbstractAutowireCapableBeanFactory.doCreateBean(AbstractAutowireCapableBeanFactory.java:565)
	at org.springframework.beans.factory.support.AbstractAutowireCapableBeanFactory.createBean(AbstractAutowireCapableBeanFactory.java:525)
	at org.springframework.beans.factory.support.AbstractBeanFactory.lambda$doGetBean$0(AbstractBeanFactory.java:333)
	at org.springframework.beans.factory.support.DefaultSingletonBeanRegistry.getSingleton(DefaultSingletonBeanRegistry.java:371)
	at org.springframework.beans.factory.support.AbstractBeanFactory.doGetBean(AbstractBeanFactory.java:331)
	at org.springframework.beans.factory.support.AbstractBeanFactory.getBean(AbstractBeanFactory.java:201)
	at org.springframework.beans.factory.support.DefaultListableBeanFactory.resolveBean(DefaultListableBeanFactory.java:1225)
	at org.springframework.beans.factory.support.DefaultListableBeanFactory.doResolveDependency(DefaultListableBeanFactory.java:1704)
	at org.springframework.beans.factory.support.DefaultListableBeanFactory.resolveDependency(DefaultListableBeanFactory.java:1651)
	at org.springframework.beans.factory.support.ConstructorResolver.resolveAutowiredArgument(ConstructorResolver.java:912)
	at org.springframework.beans.factory.support.ConstructorResolver.createArgumentArray(ConstructorResolver.java:791)
	... 24 common frames omitted
Caused by: java.lang.IllegalStateException: Failed to introspect Class [com.example.service.MemberService] from ClassLoader [org.springframework.boot.devtools.restart.classloader.RestartClassLoader@3388894f]
	at org.springframework.util.ReflectionUtils.getDeclaredMethods(ReflectionUtils.java:483)
	at org.springframework.util.ReflectionUtils.doWithLocalMethods(ReflectionUtils.java:320)
	at org.springframework.beans.factory.annotation.AutowiredAnnotationBeanPostProcessor.checkLookupMethods(AutowiredAnnotationBeanPostProcessor.java:460)
	... 38 common frames omitted
Caused by: java.lang.NoClassDefFoundError: MemberEntity
	at java.base/java.lang.Class.getDeclaredMethods0(Native Method)
	at java.base/java.lang.Class.privateGetDeclaredMethods(Class.java:3580)
	at java.base/java.lang.Class.getDeclaredMethods(Class.java:2678)
	at org.springframework.util.ReflectionUtils.getDeclaredMethods(ReflectionUtils.java:465)
	... 40 common frames omitted
Caused by: java.lang.ClassNotFoundException: MemberEntity
	at java.base/jdk.internal.loader.BuiltinClassLoader.loadClass(BuiltinClassLoader.java:641)
	at java.base/jdk.internal.loader.ClassLoaders$AppClassLoader.loadClass(ClassLoaders.java:188)
	at java.base/java.lang.ClassLoader.loadClass(ClassLoader.java:526)
	at java.base/java.lang.Class.forName0(Native Method)
	at java.base/java.lang.Class.forName(Class.java:536)
	at java.base/java.lang.Class.forName(Class.java:515)
	at org.springframework.boot.devtools.restart.classloader.RestartClassLoader.loadClass(RestartClassLoader.java:123)
	at java.base/java.lang.ClassLoader.loadClass(ClassLoader.java:526)
	... 44 common frames omitted
2026-04-01 15:56:55 [restartedMain] INFO  com.example.CineLogApplication - Starting CineLogApplication using Java 21.0.10 with PID 10308 (C:\Dev\WS_sts\cinelog\bin\main started by GGG in C:\Dev\WS_sts\cinelog)
2026-04-01 15:56:55 [restartedMain] INFO  com.example.CineLogApplication - No active profile set, falling back to 1 default profile: "default"
2026-04-01 15:56:55 [restartedMain] INFO  o.s.d.r.c.RepositoryConfigurationDelegate - Bootstrapping Spring Data JPA repositories in DEFAULT mode.
2026-04-01 15:56:55 [restartedMain] INFO  o.s.d.r.c.RepositoryConfigurationDelegate - Finished Spring Data repository scanning in 1 ms. Found 0 JPA repository interfaces.
2026-04-01 15:56:55 [restartedMain] INFO  o.s.boot.tomcat.TomcatWebServer - Tomcat initialized with port 8092 (http)
2026-04-01 15:56:55 [restartedMain] INFO  o.a.coyote.http11.Http11NioProtocol - Initializing ProtocolHandler ["http-nio-8092"]
2026-04-01 15:56:55 [restartedMain] INFO  o.a.catalina.core.StandardService - Starting service [Tomcat]
2026-04-01 15:56:55 [restartedMain] INFO  o.a.catalina.core.StandardEngine - Starting Servlet engine: [Apache Tomcat/11.0.20]
2026-04-01 15:56:55 [restartedMain] INFO  o.s.b.w.c.s.WebApplicationContextInitializer - Root WebApplicationContext: initialization completed in 194 ms
2026-04-01 15:56:55 [restartedMain] INFO  org.hibernate.orm.jpa - HHH008540: Processing PersistenceUnitInfo [name: default]
2026-04-01 15:56:55 [restartedMain] INFO  o.s.o.j.p.SpringPersistenceUnitInfo - No LoadTimeWeaver setup: ignoring JPA class transformer
2026-04-01 15:56:55 [restartedMain] INFO  com.zaxxer.hikari.HikariDataSource - HikariPool-15 - Starting...
2026-04-01 15:56:55 [restartedMain] INFO  com.zaxxer.hikari.pool.HikariPool - HikariPool-15 - Added connection oracle.jdbc.driver.T4CConnection@1772c978
2026-04-01 15:56:55 [restartedMain] INFO  com.zaxxer.hikari.HikariDataSource - HikariPool-15 - Start completed.
2026-04-01 15:56:55 [restartedMain] WARN  org.hibernate.orm.jdbc - HHH100123: Low default JDBC fetch size: 10 (consider setting 'hibernate.jdbc.fetch_size')
2026-04-01 15:56:55 [restartedMain] INFO  o.hibernate.orm.connections.pooling - HHH10001005: Database info:
	Database JDBC URL [jdbc:oracle:thin:@//localhost:1521/testdb]
	Database driver: Oracle JDBC driver
	Database dialect: OracleDialect
	Database version: 19.3
	Default catalog/schema: undefined/GREEN
	Autocommit mode: undefined/unknown
	Isolation level: READ_COMMITTED [default READ_COMMITTED]
	JDBC fetch size: 10
	Pool: DataSourceConnectionProvider
	Minimum pool size: undefined/unknown
	Maximum pool size: undefined/unknown
2026-04-01 15:56:55 [restartedMain] INFO  org.hibernate.orm.core - HHH000489: No JTA platform available (set 'hibernate.transaction.jta.platform' to enable JTA platform integration)
2026-04-01 15:56:55 [restartedMain] INFO  o.s.o.j.LocalContainerEntityManagerFactoryBean - Initialized JPA EntityManagerFactory for persistence unit 'default'
2026-04-01 15:56:55 [restartedMain] WARN  o.s.b.w.s.s.c.AnnotationConfigServletWebServerApplicationContext - Exception encountered during context initialization - cancelling refresh attempt: org.springframework.beans.factory.UnsatisfiedDependencyException: Error creating bean with name 'memberDetailsService': Unsatisfied dependency expressed through field 'memberRepository': No qualifying bean of type 'com.example.repository.MemberRepository' available: expected at least 1 bean which qualifies as autowire candidate. Dependency annotations: {@org.springframework.beans.factory.annotation.Autowired(required=true)}
2026-04-01 15:56:55 [restartedMain] INFO  o.s.o.j.LocalContainerEntityManagerFactoryBean - Closing JPA EntityManagerFactory for persistence unit 'default'
2026-04-01 15:56:55 [restartedMain] INFO  com.zaxxer.hikari.HikariDataSource - HikariPool-15 - Shutdown initiated...
2026-04-01 15:56:55 [restartedMain] INFO  com.zaxxer.hikari.HikariDataSource - HikariPool-15 - Shutdown completed.
2026-04-01 15:56:55 [restartedMain] INFO  o.a.catalina.core.StandardService - Stopping service [Tomcat]
2026-04-01 15:56:55 [restartedMain] INFO  o.s.b.a.l.ConditionEvaluationReportLogger - 

Error starting ApplicationContext. To display the condition evaluation report re-run your application with 'debug' enabled.
2026-04-01 15:56:55 [restartedMain] ERROR o.s.b.d.LoggingFailureAnalysisReporter - 

***************************
APPLICATION FAILED TO START
***************************

Description:

Field memberRepository in com.example.auth.MemberDetailsService required a bean of type 'com.example.repository.MemberRepository' that could not be found.

The injection point has the following annotations:
	- @org.springframework.beans.factory.annotation.Autowired(required=true)


Action:

Consider defining a bean of type 'com.example.repository.MemberRepository' in your configuration.

2026-04-01 15:57:13 [restartedMain] INFO  com.example.CineLogApplication - Starting CineLogApplication using Java 21.0.10 with PID 10308 (C:\Dev\WS_sts\cinelog\bin\main started by GGG in C:\Dev\WS_sts\cinelog)
2026-04-01 15:57:13 [restartedMain] INFO  com.example.CineLogApplication - No active profile set, falling back to 1 default profile: "default"
2026-04-01 15:57:13 [restartedMain] INFO  o.s.d.r.c.RepositoryConfigurationDelegate - Bootstrapping Spring Data JPA repositories in DEFAULT mode.
2026-04-01 15:57:13 [restartedMain] INFO  o.s.d.r.c.RepositoryConfigurationDelegate - Finished Spring Data repository scanning in 2 ms. Found 0 JPA repository interfaces.
2026-04-01 15:57:13 [restartedMain] INFO  o.s.boot.tomcat.TomcatWebServer - Tomcat initialized with port 8092 (http)
2026-04-01 15:57:13 [restartedMain] INFO  o.a.coyote.http11.Http11NioProtocol - Initializing ProtocolHandler ["http-nio-8092"]
2026-04-01 15:57:13 [restartedMain] INFO  o.a.catalina.core.StandardService - Starting service [Tomcat]
2026-04-01 15:57:13 [restartedMain] INFO  o.a.catalina.core.StandardEngine - Starting Servlet engine: [Apache Tomcat/11.0.20]
2026-04-01 15:57:13 [restartedMain] INFO  o.s.b.w.c.s.WebApplicationContextInitializer - Root WebApplicationContext: initialization completed in 170 ms
2026-04-01 15:57:13 [restartedMain] INFO  org.hibernate.orm.jpa - HHH008540: Processing PersistenceUnitInfo [name: default]
2026-04-01 15:57:13 [restartedMain] INFO  o.s.o.j.p.SpringPersistenceUnitInfo - No LoadTimeWeaver setup: ignoring JPA class transformer
2026-04-01 15:57:13 [restartedMain] INFO  com.zaxxer.hikari.HikariDataSource - HikariPool-16 - Starting...
2026-04-01 15:57:13 [restartedMain] INFO  com.zaxxer.hikari.pool.HikariPool - HikariPool-16 - Added connection oracle.jdbc.driver.T4CConnection@7b63ac4e
2026-04-01 15:57:13 [restartedMain] INFO  com.zaxxer.hikari.HikariDataSource - HikariPool-16 - Start completed.
2026-04-01 15:57:13 [restartedMain] WARN  org.hibernate.orm.jdbc - HHH100123: Low default JDBC fetch size: 10 (consider setting 'hibernate.jdbc.fetch_size')
2026-04-01 15:57:13 [restartedMain] INFO  o.hibernate.orm.connections.pooling - HHH10001005: Database info:
	Database JDBC URL [jdbc:oracle:thin:@//localhost:1521/testdb]
	Database driver: Oracle JDBC driver
	Database dialect: OracleDialect
	Database version: 19.3
	Default catalog/schema: undefined/GREEN
	Autocommit mode: undefined/unknown
	Isolation level: READ_COMMITTED [default READ_COMMITTED]
	JDBC fetch size: 10
	Pool: DataSourceConnectionProvider
	Minimum pool size: undefined/unknown
	Maximum pool size: undefined/unknown
2026-04-01 15:57:13 [restartedMain] INFO  org.hibernate.orm.core - HHH000489: No JTA platform available (set 'hibernate.transaction.jta.platform' to enable JTA platform integration)
2026-04-01 15:57:13 [restartedMain] INFO  o.s.o.j.LocalContainerEntityManagerFactoryBean - Initialized JPA EntityManagerFactory for persistence unit 'default'
2026-04-01 15:57:13 [restartedMain] WARN  o.s.b.w.s.s.c.AnnotationConfigServletWebServerApplicationContext - Exception encountered during context initialization - cancelling refresh attempt: org.springframework.beans.factory.UnsatisfiedDependencyException: Error creating bean with name 'memberDetailsService': Unsatisfied dependency expressed through field 'memberRepository': No qualifying bean of type 'com.example.repository.MemberRepository' available: expected at least 1 bean which qualifies as autowire candidate. Dependency annotations: {@org.springframework.beans.factory.annotation.Autowired(required=true)}
2026-04-01 15:57:13 [restartedMain] INFO  o.s.o.j.LocalContainerEntityManagerFactoryBean - Closing JPA EntityManagerFactory for persistence unit 'default'
2026-04-01 15:57:13 [restartedMain] INFO  com.zaxxer.hikari.HikariDataSource - HikariPool-16 - Shutdown initiated...
2026-04-01 15:57:13 [restartedMain] INFO  com.zaxxer.hikari.HikariDataSource - HikariPool-16 - Shutdown completed.
2026-04-01 15:57:13 [restartedMain] INFO  o.a.catalina.core.StandardService - Stopping service [Tomcat]
2026-04-01 15:57:13 [restartedMain] INFO  o.s.b.a.l.ConditionEvaluationReportLogger - 

Error starting ApplicationContext. To display the condition evaluation report re-run your application with 'debug' enabled.
2026-04-01 15:57:13 [restartedMain] ERROR o.s.b.d.LoggingFailureAnalysisReporter - 

***************************
APPLICATION FAILED TO START
***************************

Description:

Field memberRepository in com.example.auth.MemberDetailsService required a bean of type 'com.example.repository.MemberRepository' that could not be found.

The injection point has the following annotations:
	- @org.springframework.beans.factory.annotation.Autowired(required=true)


Action:

Consider defining a bean of type 'com.example.repository.MemberRepository' in your configuration.

2026-04-01 15:57:39 [restartedMain] INFO  com.example.CineLogApplication - Starting CineLogApplication using Java 21.0.10 with PID 10308 (C:\Dev\WS_sts\cinelog\bin\main started by GGG in C:\Dev\WS_sts\cinelog)
2026-04-01 15:57:39 [restartedMain] INFO  com.example.CineLogApplication - No active profile set, falling back to 1 default profile: "default"
2026-04-01 15:57:39 [restartedMain] INFO  o.s.d.r.c.RepositoryConfigurationDelegate - Bootstrapping Spring Data JPA repositories in DEFAULT mode.
2026-04-01 15:57:39 [restartedMain] INFO  o.s.d.r.c.RepositoryConfigurationDelegate - Finished Spring Data repository scanning in 4 ms. Found 0 JPA repository interfaces.
2026-04-01 15:57:39 [restartedMain] INFO  o.s.boot.tomcat.TomcatWebServer - Tomcat initialized with port 8092 (http)
2026-04-01 15:57:39 [restartedMain] INFO  o.a.coyote.http11.Http11NioProtocol - Initializing ProtocolHandler ["http-nio-8092"]
2026-04-01 15:57:39 [restartedMain] INFO  o.a.catalina.core.StandardService - Starting service [Tomcat]
2026-04-01 15:57:39 [restartedMain] INFO  o.a.catalina.core.StandardEngine - Starting Servlet engine: [Apache Tomcat/11.0.20]
2026-04-01 15:57:39 [restartedMain] INFO  o.s.b.w.c.s.WebApplicationContextInitializer - Root WebApplicationContext: initialization completed in 197 ms
2026-04-01 15:57:39 [restartedMain] INFO  org.hibernate.orm.jpa - HHH008540: Processing PersistenceUnitInfo [name: default]
2026-04-01 15:57:39 [restartedMain] INFO  o.s.o.j.p.SpringPersistenceUnitInfo - No LoadTimeWeaver setup: ignoring JPA class transformer
2026-04-01 15:57:39 [restartedMain] INFO  com.zaxxer.hikari.HikariDataSource - HikariPool-17 - Starting...
2026-04-01 15:57:39 [restartedMain] INFO  com.zaxxer.hikari.pool.HikariPool - HikariPool-17 - Added connection oracle.jdbc.driver.T4CConnection@b2f7ec4
2026-04-01 15:57:39 [restartedMain] INFO  com.zaxxer.hikari.HikariDataSource - HikariPool-17 - Start completed.
2026-04-01 15:57:39 [restartedMain] WARN  org.hibernate.orm.jdbc - HHH100123: Low default JDBC fetch size: 10 (consider setting 'hibernate.jdbc.fetch_size')
2026-04-01 15:57:39 [restartedMain] INFO  o.hibernate.orm.connections.pooling - HHH10001005: Database info:
	Database JDBC URL [jdbc:oracle:thin:@//localhost:1521/testdb]
	Database driver: Oracle JDBC driver
	Database dialect: OracleDialect
	Database version: 19.3
	Default catalog/schema: undefined/GREEN
	Autocommit mode: undefined/unknown
	Isolation level: READ_COMMITTED [default READ_COMMITTED]
	JDBC fetch size: 10
	Pool: DataSourceConnectionProvider
	Minimum pool size: undefined/unknown
	Maximum pool size: undefined/unknown
2026-04-01 15:57:39 [restartedMain] INFO  org.hibernate.orm.core - HHH000489: No JTA platform available (set 'hibernate.transaction.jta.platform' to enable JTA platform integration)
2026-04-01 15:57:40 [restartedMain] INFO  o.s.o.j.LocalContainerEntityManagerFactoryBean - Initialized JPA EntityManagerFactory for persistence unit 'default'
2026-04-01 15:57:40 [restartedMain] WARN  o.s.b.w.s.s.c.AnnotationConfigServletWebServerApplicationContext - Exception encountered during context initialization - cancelling refresh attempt: org.springframework.beans.factory.UnsatisfiedDependencyException: Error creating bean with name 'memberDetailsService': Unsatisfied dependency expressed through field 'memberRepository': No qualifying bean of type 'com.example.repository.MemberRepository' available: expected at least 1 bean which qualifies as autowire candidate. Dependency annotations: {@org.springframework.beans.factory.annotation.Autowired(required=true)}
2026-04-01 15:57:40 [restartedMain] INFO  o.s.o.j.LocalContainerEntityManagerFactoryBean - Closing JPA EntityManagerFactory for persistence unit 'default'
2026-04-01 15:57:40 [restartedMain] INFO  com.zaxxer.hikari.HikariDataSource - HikariPool-17 - Shutdown initiated...
2026-04-01 15:57:40 [restartedMain] INFO  com.zaxxer.hikari.HikariDataSource - HikariPool-17 - Shutdown completed.
2026-04-01 15:57:40 [restartedMain] INFO  o.a.catalina.core.StandardService - Stopping service [Tomcat]
2026-04-01 15:57:40 [restartedMain] INFO  o.s.b.a.l.ConditionEvaluationReportLogger - 

Error starting ApplicationContext. To display the condition evaluation report re-run your application with 'debug' enabled.
2026-04-01 15:57:40 [restartedMain] ERROR o.s.b.d.LoggingFailureAnalysisReporter - 

***************************
APPLICATION FAILED TO START
***************************

Description:

Field memberRepository in com.example.auth.MemberDetailsService required a bean of type 'com.example.repository.MemberRepository' that could not be found.

The injection point has the following annotations:
	- @org.springframework.beans.factory.annotation.Autowired(required=true)


Action:

Consider defining a bean of type 'com.example.repository.MemberRepository' in your configuration.

2026-04-01 15:57:54 [restartedMain] INFO  com.example.CineLogApplication - Starting CineLogApplication using Java 21.0.10 with PID 10308 (C:\Dev\WS_sts\cinelog\bin\main started by GGG in C:\Dev\WS_sts\cinelog)
2026-04-01 15:57:54 [restartedMain] INFO  com.example.CineLogApplication - No active profile set, falling back to 1 default profile: "default"
2026-04-01 15:57:54 [restartedMain] INFO  o.s.d.r.c.RepositoryConfigurationDelegate - Bootstrapping Spring Data JPA repositories in DEFAULT mode.
2026-04-01 15:57:54 [restartedMain] INFO  o.s.d.r.c.RepositoryConfigurationDelegate - Finished Spring Data repository scanning in 2 ms. Found 0 JPA repository interfaces.
2026-04-01 15:57:54 [restartedMain] INFO  o.s.boot.tomcat.TomcatWebServer - Tomcat initialized with port 8092 (http)
2026-04-01 15:57:54 [restartedMain] INFO  o.a.coyote.http11.Http11NioProtocol - Initializing ProtocolHandler ["http-nio-8092"]
2026-04-01 15:57:54 [restartedMain] INFO  o.a.catalina.core.StandardService - Starting service [Tomcat]
2026-04-01 15:57:54 [restartedMain] INFO  o.a.catalina.core.StandardEngine - Starting Servlet engine: [Apache Tomcat/11.0.20]
2026-04-01 15:57:54 [restartedMain] INFO  o.s.b.w.c.s.WebApplicationContextInitializer - Root WebApplicationContext: initialization completed in 178 ms
2026-04-01 15:57:54 [restartedMain] INFO  org.hibernate.orm.jpa - HHH008540: Processing PersistenceUnitInfo [name: default]
2026-04-01 15:57:54 [restartedMain] INFO  o.s.o.j.p.SpringPersistenceUnitInfo - No LoadTimeWeaver setup: ignoring JPA class transformer
2026-04-01 15:57:54 [restartedMain] INFO  com.zaxxer.hikari.HikariDataSource - HikariPool-18 - Starting...
2026-04-01 15:57:54 [restartedMain] INFO  com.zaxxer.hikari.pool.HikariPool - HikariPool-18 - Added connection oracle.jdbc.driver.T4CConnection@1bd1758c
2026-04-01 15:57:54 [restartedMain] INFO  com.zaxxer.hikari.HikariDataSource - HikariPool-18 - Start completed.
2026-04-01 15:57:54 [restartedMain] WARN  org.hibernate.orm.jdbc - HHH100123: Low default JDBC fetch size: 10 (consider setting 'hibernate.jdbc.fetch_size')
2026-04-01 15:57:54 [restartedMain] INFO  o.hibernate.orm.connections.pooling - HHH10001005: Database info:
	Database JDBC URL [jdbc:oracle:thin:@//localhost:1521/testdb]
	Database driver: Oracle JDBC driver
	Database dialect: OracleDialect
	Database version: 19.3
	Default catalog/schema: undefined/GREEN
	Autocommit mode: undefined/unknown
	Isolation level: READ_COMMITTED [default READ_COMMITTED]
	JDBC fetch size: 10
	Pool: DataSourceConnectionProvider
	Minimum pool size: undefined/unknown
	Maximum pool size: undefined/unknown
2026-04-01 15:57:54 [restartedMain] INFO  org.hibernate.orm.core - HHH000489: No JTA platform available (set 'hibernate.transaction.jta.platform' to enable JTA platform integration)
2026-04-01 15:57:55 [restartedMain] INFO  o.s.o.j.LocalContainerEntityManagerFactoryBean - Initialized JPA EntityManagerFactory for persistence unit 'default'
2026-04-01 15:57:55 [restartedMain] WARN  o.s.b.w.s.s.c.AnnotationConfigServletWebServerApplicationContext - Exception encountered during context initialization - cancelling refresh attempt: org.springframework.beans.factory.UnsatisfiedDependencyException: Error creating bean with name 'memberDetailsService': Unsatisfied dependency expressed through field 'memberRepository': No qualifying bean of type 'com.example.repository.MemberRepository' available: expected at least 1 bean which qualifies as autowire candidate. Dependency annotations: {@org.springframework.beans.factory.annotation.Autowired(required=true)}
2026-04-01 15:57:55 [restartedMain] INFO  o.s.o.j.LocalContainerEntityManagerFactoryBean - Closing JPA EntityManagerFactory for persistence unit 'default'
2026-04-01 15:57:55 [restartedMain] INFO  com.zaxxer.hikari.HikariDataSource - HikariPool-18 - Shutdown initiated...
2026-04-01 15:57:55 [restartedMain] INFO  com.zaxxer.hikari.HikariDataSource - HikariPool-18 - Shutdown completed.
2026-04-01 15:57:55 [restartedMain] INFO  o.a.catalina.core.StandardService - Stopping service [Tomcat]
2026-04-01 15:57:55 [restartedMain] INFO  o.s.b.a.l.ConditionEvaluationReportLogger - 

Error starting ApplicationContext. To display the condition evaluation report re-run your application with 'debug' enabled.
2026-04-01 15:57:55 [restartedMain] ERROR o.s.b.d.LoggingFailureAnalysisReporter - 

***************************
APPLICATION FAILED TO START
***************************

Description:

Field memberRepository in com.example.auth.MemberDetailsService required a bean of type 'com.example.repository.MemberRepository' that could not be found.

The injection point has the following annotations:
	- @org.springframework.beans.factory.annotation.Autowired(required=true)


Action:

Consider defining a bean of type 'com.example.repository.MemberRepository' in your configuration.

2026-04-01 15:58:29 [restartedMain] INFO  com.example.CineLogApplication - Starting CineLogApplication using Java 21.0.10 with PID 10308 (C:\Dev\WS_sts\cinelog\bin\main started by GGG in C:\Dev\WS_sts\cinelog)
2026-04-01 15:58:29 [restartedMain] INFO  com.example.CineLogApplication - No active profile set, falling back to 1 default profile: "default"
2026-04-01 15:58:29 [restartedMain] INFO  o.s.d.r.c.RepositoryConfigurationDelegate - Bootstrapping Spring Data JPA repositories in DEFAULT mode.
2026-04-01 15:58:29 [restartedMain] INFO  o.s.d.r.c.RepositoryConfigurationDelegate - Finished Spring Data repository scanning in 2 ms. Found 0 JPA repository interfaces.
2026-04-01 15:58:29 [restartedMain] INFO  o.s.boot.tomcat.TomcatWebServer - Tomcat initialized with port 8092 (http)
2026-04-01 15:58:29 [restartedMain] INFO  o.a.coyote.http11.Http11NioProtocol - Initializing ProtocolHandler ["http-nio-8092"]
2026-04-01 15:58:29 [restartedMain] INFO  o.a.catalina.core.StandardService - Starting service [Tomcat]
2026-04-01 15:58:29 [restartedMain] INFO  o.a.catalina.core.StandardEngine - Starting Servlet engine: [Apache Tomcat/11.0.20]
2026-04-01 15:58:29 [restartedMain] INFO  o.s.b.w.c.s.WebApplicationContextInitializer - Root WebApplicationContext: initialization completed in 173 ms
2026-04-01 15:58:29 [restartedMain] INFO  org.hibernate.orm.jpa - HHH008540: Processing PersistenceUnitInfo [name: default]
2026-04-01 15:58:29 [restartedMain] INFO  o.s.o.j.p.SpringPersistenceUnitInfo - No LoadTimeWeaver setup: ignoring JPA class transformer
2026-04-01 15:58:29 [restartedMain] INFO  com.zaxxer.hikari.HikariDataSource - HikariPool-19 - Starting...
2026-04-01 15:58:29 [restartedMain] INFO  com.zaxxer.hikari.pool.HikariPool - HikariPool-19 - Added connection oracle.jdbc.driver.T4CConnection@5458bea6
2026-04-01 15:58:29 [restartedMain] INFO  com.zaxxer.hikari.HikariDataSource - HikariPool-19 - Start completed.
2026-04-01 15:58:29 [restartedMain] WARN  org.hibernate.orm.jdbc - HHH100123: Low default JDBC fetch size: 10 (consider setting 'hibernate.jdbc.fetch_size')
2026-04-01 15:58:29 [restartedMain] INFO  o.hibernate.orm.connections.pooling - HHH10001005: Database info:
	Database JDBC URL [jdbc:oracle:thin:@//localhost:1521/testdb]
	Database driver: Oracle JDBC driver
	Database dialect: OracleDialect
	Database version: 19.3
	Default catalog/schema: undefined/GREEN
	Autocommit mode: undefined/unknown
	Isolation level: READ_COMMITTED [default READ_COMMITTED]
	JDBC fetch size: 10
	Pool: DataSourceConnectionProvider
	Minimum pool size: undefined/unknown
	Maximum pool size: undefined/unknown
2026-04-01 15:58:29 [restartedMain] INFO  org.hibernate.orm.core - HHH000489: No JTA platform available (set 'hibernate.transaction.jta.platform' to enable JTA platform integration)
2026-04-01 15:58:29 [restartedMain] INFO  o.s.o.j.LocalContainerEntityManagerFactoryBean - Initialized JPA EntityManagerFactory for persistence unit 'default'
2026-04-01 15:58:29 [restartedMain] WARN  o.s.b.w.s.s.c.AnnotationConfigServletWebServerApplicationContext - Exception encountered during context initialization - cancelling refresh attempt: org.springframework.beans.factory.UnsatisfiedDependencyException: Error creating bean with name 'memberDetailsService': Unsatisfied dependency expressed through field 'memberRepository': No qualifying bean of type 'com.example.repository.MemberRepository' available: expected at least 1 bean which qualifies as autowire candidate. Dependency annotations: {@org.springframework.beans.factory.annotation.Autowired(required=true)}
2026-04-01 15:58:29 [restartedMain] INFO  o.s.o.j.LocalContainerEntityManagerFactoryBean - Closing JPA EntityManagerFactory for persistence unit 'default'
2026-04-01 15:58:29 [restartedMain] INFO  com.zaxxer.hikari.HikariDataSource - HikariPool-19 - Shutdown initiated...
2026-04-01 15:58:29 [restartedMain] INFO  com.zaxxer.hikari.HikariDataSource - HikariPool-19 - Shutdown completed.
2026-04-01 15:58:29 [restartedMain] INFO  o.a.catalina.core.StandardService - Stopping service [Tomcat]
2026-04-01 15:58:29 [restartedMain] INFO  o.s.b.a.l.ConditionEvaluationReportLogger - 

Error starting ApplicationContext. To display the condition evaluation report re-run your application with 'debug' enabled.
2026-04-01 15:58:29 [restartedMain] ERROR o.s.b.d.LoggingFailureAnalysisReporter - 

***************************
APPLICATION FAILED TO START
***************************

Description:

Field memberRepository in com.example.auth.MemberDetailsService required a bean of type 'com.example.repository.MemberRepository' that could not be found.

The injection point has the following annotations:
	- @org.springframework.beans.factory.annotation.Autowired(required=true)


Action:

Consider defining a bean of type 'com.example.repository.MemberRepository' in your configuration.

2026-04-01 15:58:52 [restartedMain] INFO  com.example.CineLogApplication - Starting CineLogApplication using Java 21.0.10 with PID 10308 (C:\Dev\WS_sts\cinelog\bin\main started by GGG in C:\Dev\WS_sts\cinelog)
2026-04-01 15:58:52 [restartedMain] INFO  com.example.CineLogApplication - No active profile set, falling back to 1 default profile: "default"
2026-04-01 15:58:52 [restartedMain] INFO  o.s.d.r.c.RepositoryConfigurationDelegate - Bootstrapping Spring Data JPA repositories in DEFAULT mode.
2026-04-01 15:58:52 [restartedMain] INFO  o.s.d.r.c.RepositoryConfigurationDelegate - Finished Spring Data repository scanning in 2 ms. Found 0 JPA repository interfaces.
2026-04-01 15:58:52 [restartedMain] INFO  o.s.boot.tomcat.TomcatWebServer - Tomcat initialized with port 8092 (http)
2026-04-01 15:58:52 [restartedMain] INFO  o.a.coyote.http11.Http11NioProtocol - Initializing ProtocolHandler ["http-nio-8092"]
2026-04-01 15:58:52 [restartedMain] INFO  o.a.catalina.core.StandardService - Starting service [Tomcat]
2026-04-01 15:58:52 [restartedMain] INFO  o.a.catalina.core.StandardEngine - Starting Servlet engine: [Apache Tomcat/11.0.20]
2026-04-01 15:58:52 [restartedMain] INFO  o.s.b.w.c.s.WebApplicationContextInitializer - Root WebApplicationContext: initialization completed in 177 ms
2026-04-01 15:58:52 [restartedMain] INFO  org.hibernate.orm.jpa - HHH008540: Processing PersistenceUnitInfo [name: default]
2026-04-01 15:58:52 [restartedMain] INFO  o.s.o.j.p.SpringPersistenceUnitInfo - No LoadTimeWeaver setup: ignoring JPA class transformer
2026-04-01 15:58:52 [restartedMain] INFO  com.zaxxer.hikari.HikariDataSource - HikariPool-20 - Starting...
2026-04-01 15:58:52 [restartedMain] INFO  com.zaxxer.hikari.pool.HikariPool - HikariPool-20 - Added connection oracle.jdbc.driver.T4CConnection@13291965
2026-04-01 15:58:52 [restartedMain] INFO  com.zaxxer.hikari.HikariDataSource - HikariPool-20 - Start completed.
2026-04-01 15:58:52 [restartedMain] WARN  org.hibernate.orm.jdbc - HHH100123: Low default JDBC fetch size: 10 (consider setting 'hibernate.jdbc.fetch_size')
2026-04-01 15:58:52 [restartedMain] INFO  o.hibernate.orm.connections.pooling - HHH10001005: Database info:
	Database JDBC URL [jdbc:oracle:thin:@//localhost:1521/testdb]
	Database driver: Oracle JDBC driver
	Database dialect: OracleDialect
	Database version: 19.3
	Default catalog/schema: undefined/GREEN
	Autocommit mode: undefined/unknown
	Isolation level: READ_COMMITTED [default READ_COMMITTED]
	JDBC fetch size: 10
	Pool: DataSourceConnectionProvider
	Minimum pool size: undefined/unknown
	Maximum pool size: undefined/unknown
2026-04-01 15:58:52 [restartedMain] INFO  org.hibernate.orm.core - HHH000489: No JTA platform available (set 'hibernate.transaction.jta.platform' to enable JTA platform integration)
2026-04-01 15:58:53 [restartedMain] INFO  o.s.o.j.LocalContainerEntityManagerFactoryBean - Initialized JPA EntityManagerFactory for persistence unit 'default'
2026-04-01 15:58:53 [restartedMain] WARN  o.s.b.w.s.s.c.AnnotationConfigServletWebServerApplicationContext - Exception encountered during context initialization - cancelling refresh attempt: org.springframework.beans.factory.UnsatisfiedDependencyException: Error creating bean with name 'memberDetailsService': Unsatisfied dependency expressed through field 'memberRepository': No qualifying bean of type 'com.example.repository.MemberRepository' available: expected at least 1 bean which qualifies as autowire candidate. Dependency annotations: {@org.springframework.beans.factory.annotation.Autowired(required=true)}
2026-04-01 15:58:53 [restartedMain] INFO  o.s.o.j.LocalContainerEntityManagerFactoryBean - Closing JPA EntityManagerFactory for persistence unit 'default'
2026-04-01 15:58:53 [restartedMain] INFO  com.zaxxer.hikari.HikariDataSource - HikariPool-20 - Shutdown initiated...
2026-04-01 15:58:53 [restartedMain] INFO  com.zaxxer.hikari.HikariDataSource - HikariPool-20 - Shutdown completed.
2026-04-01 15:58:53 [restartedMain] INFO  o.a.catalina.core.StandardService - Stopping service [Tomcat]
2026-04-01 15:58:53 [restartedMain] INFO  o.s.b.a.l.ConditionEvaluationReportLogger - 

Error starting ApplicationContext. To display the condition evaluation report re-run your application with 'debug' enabled.
2026-04-01 15:58:53 [restartedMain] ERROR o.s.b.d.LoggingFailureAnalysisReporter - 

***************************
APPLICATION FAILED TO START
***************************

Description:

Field memberRepository in com.example.auth.MemberDetailsService required a bean of type 'com.example.repository.MemberRepository' that could not be found.

The injection point has the following annotations:
	- @org.springframework.beans.factory.annotation.Autowired(required=true)


Action:

Consider defining a bean of type 'com.example.repository.MemberRepository' in your configuration.

2026-04-01 16:01:29 [restartedMain] INFO  com.example.CineLogApplication - Starting CineLogApplication using Java 21.0.10 with PID 10308 (C:\Dev\WS_sts\cinelog\bin\main started by GGG in C:\Dev\WS_sts\cinelog)
2026-04-01 16:01:29 [restartedMain] INFO  com.example.CineLogApplication - No active profile set, falling back to 1 default profile: "default"
2026-04-01 16:01:29 [restartedMain] INFO  o.s.d.r.c.RepositoryConfigurationDelegate - Bootstrapping Spring Data JPA repositories in DEFAULT mode.
2026-04-01 16:01:29 [restartedMain] INFO  o.s.d.r.c.RepositoryConfigurationDelegate - Finished Spring Data repository scanning in 2 ms. Found 0 JPA repository interfaces.
2026-04-01 16:01:30 [restartedMain] INFO  o.s.boot.tomcat.TomcatWebServer - Tomcat initialized with port 8092 (http)
2026-04-01 16:01:30 [restartedMain] INFO  o.a.coyote.http11.Http11NioProtocol - Initializing ProtocolHandler ["http-nio-8092"]
2026-04-01 16:01:30 [restartedMain] INFO  o.a.catalina.core.StandardService - Starting service [Tomcat]
2026-04-01 16:01:30 [restartedMain] INFO  o.a.catalina.core.StandardEngine - Starting Servlet engine: [Apache Tomcat/11.0.20]
2026-04-01 16:01:30 [restartedMain] INFO  o.s.b.w.c.s.WebApplicationContextInitializer - Root WebApplicationContext: initialization completed in 231 ms
2026-04-01 16:01:30 [restartedMain] INFO  org.hibernate.orm.jpa - HHH008540: Processing PersistenceUnitInfo [name: default]
2026-04-01 16:01:30 [restartedMain] INFO  o.s.o.j.p.SpringPersistenceUnitInfo - No LoadTimeWeaver setup: ignoring JPA class transformer
2026-04-01 16:01:30 [restartedMain] INFO  com.zaxxer.hikari.HikariDataSource - HikariPool-21 - Starting...
2026-04-01 16:01:30 [restartedMain] INFO  com.zaxxer.hikari.pool.HikariPool - HikariPool-21 - Added connection oracle.jdbc.driver.T4CConnection@a9efd5
2026-04-01 16:01:30 [restartedMain] INFO  com.zaxxer.hikari.HikariDataSource - HikariPool-21 - Start completed.
2026-04-01 16:01:30 [restartedMain] WARN  org.hibernate.orm.jdbc - HHH100123: Low default JDBC fetch size: 10 (consider setting 'hibernate.jdbc.fetch_size')
2026-04-01 16:01:30 [restartedMain] INFO  o.hibernate.orm.connections.pooling - HHH10001005: Database info:
	Database JDBC URL [jdbc:oracle:thin:@//localhost:1521/testdb]
	Database driver: Oracle JDBC driver
	Database dialect: OracleDialect
	Database version: 19.3
	Default catalog/schema: undefined/GREEN
	Autocommit mode: undefined/unknown
	Isolation level: READ_COMMITTED [default READ_COMMITTED]
	JDBC fetch size: 10
	Pool: DataSourceConnectionProvider
	Minimum pool size: undefined/unknown
	Maximum pool size: undefined/unknown
2026-04-01 16:01:30 [restartedMain] INFO  org.hibernate.orm.core - HHH000489: No JTA platform available (set 'hibernate.transaction.jta.platform' to enable JTA platform integration)
2026-04-01 16:01:30 [restartedMain] INFO  o.s.o.j.LocalContainerEntityManagerFactoryBean - Initialized JPA EntityManagerFactory for persistence unit 'default'
2026-04-01 16:01:30 [restartedMain] WARN  o.s.b.w.s.s.c.AnnotationConfigServletWebServerApplicationContext - Exception encountered during context initialization - cancelling refresh attempt: org.springframework.beans.factory.UnsatisfiedDependencyException: Error creating bean with name 'memberDetailsService': Unsatisfied dependency expressed through field 'memberRepository': No qualifying bean of type 'com.example.repository.MemberRepository' available: expected at least 1 bean which qualifies as autowire candidate. Dependency annotations: {@org.springframework.beans.factory.annotation.Autowired(required=true)}
2026-04-01 16:01:30 [restartedMain] INFO  o.s.o.j.LocalContainerEntityManagerFactoryBean - Closing JPA EntityManagerFactory for persistence unit 'default'
2026-04-01 16:01:30 [restartedMain] INFO  com.zaxxer.hikari.HikariDataSource - HikariPool-21 - Shutdown initiated...
2026-04-01 16:01:30 [restartedMain] INFO  com.zaxxer.hikari.HikariDataSource - HikariPool-21 - Shutdown completed.
2026-04-01 16:01:30 [restartedMain] INFO  o.a.catalina.core.StandardService - Stopping service [Tomcat]
2026-04-01 16:01:30 [restartedMain] INFO  o.s.b.a.l.ConditionEvaluationReportLogger - 

Error starting ApplicationContext. To display the condition evaluation report re-run your application with 'debug' enabled.
2026-04-01 16:01:30 [restartedMain] ERROR o.s.b.d.LoggingFailureAnalysisReporter - 

***************************
APPLICATION FAILED TO START
***************************

Description:

Field memberRepository in com.example.auth.MemberDetailsService required a bean of type 'com.example.repository.MemberRepository' that could not be found.

The injection point has the following annotations:
	- @org.springframework.beans.factory.annotation.Autowired(required=true)


Action:

Consider defining a bean of type 'com.example.repository.MemberRepository' in your configuration.

2026-04-01 16:01:39 [restartedMain] INFO  com.example.CineLogApplication - Starting CineLogApplication using Java 21.0.10 with PID 10308 (C:\Dev\WS_sts\cinelog\bin\main started by GGG in C:\Dev\WS_sts\cinelog)
2026-04-01 16:01:39 [restartedMain] INFO  com.example.CineLogApplication - No active profile set, falling back to 1 default profile: "default"
2026-04-01 16:01:40 [restartedMain] INFO  o.s.d.r.c.RepositoryConfigurationDelegate - Bootstrapping Spring Data JPA repositories in DEFAULT mode.
2026-04-01 16:01:40 [restartedMain] INFO  o.s.d.r.c.RepositoryConfigurationDelegate - Finished Spring Data repository scanning in 2 ms. Found 0 JPA repository interfaces.
2026-04-01 16:01:40 [restartedMain] INFO  o.s.boot.tomcat.TomcatWebServer - Tomcat initialized with port 8092 (http)
2026-04-01 16:01:40 [restartedMain] INFO  o.a.coyote.http11.Http11NioProtocol - Initializing ProtocolHandler ["http-nio-8092"]
2026-04-01 16:01:40 [restartedMain] INFO  o.a.catalina.core.StandardService - Starting service [Tomcat]
2026-04-01 16:01:40 [restartedMain] INFO  o.a.catalina.core.StandardEngine - Starting Servlet engine: [Apache Tomcat/11.0.20]
2026-04-01 16:01:40 [restartedMain] INFO  o.s.b.w.c.s.WebApplicationContextInitializer - Root WebApplicationContext: initialization completed in 200 ms
2026-04-01 16:01:40 [restartedMain] INFO  org.hibernate.orm.jpa - HHH008540: Processing PersistenceUnitInfo [name: default]
2026-04-01 16:01:40 [restartedMain] INFO  o.s.o.j.p.SpringPersistenceUnitInfo - No LoadTimeWeaver setup: ignoring JPA class transformer
2026-04-01 16:01:40 [restartedMain] INFO  com.zaxxer.hikari.HikariDataSource - HikariPool-22 - Starting...
2026-04-01 16:01:40 [restartedMain] INFO  com.zaxxer.hikari.pool.HikariPool - HikariPool-22 - Added connection oracle.jdbc.driver.T4CConnection@4e38c91e
2026-04-01 16:01:40 [restartedMain] INFO  com.zaxxer.hikari.HikariDataSource - HikariPool-22 - Start completed.
2026-04-01 16:01:40 [restartedMain] WARN  org.hibernate.orm.jdbc - HHH100123: Low default JDBC fetch size: 10 (consider setting 'hibernate.jdbc.fetch_size')
2026-04-01 16:01:40 [restartedMain] INFO  o.hibernate.orm.connections.pooling - HHH10001005: Database info:
	Database JDBC URL [jdbc:oracle:thin:@//localhost:1521/testdb]
	Database driver: Oracle JDBC driver
	Database dialect: OracleDialect
	Database version: 19.3
	Default catalog/schema: undefined/GREEN
	Autocommit mode: undefined/unknown
	Isolation level: READ_COMMITTED [default READ_COMMITTED]
	JDBC fetch size: 10
	Pool: DataSourceConnectionProvider
	Minimum pool size: undefined/unknown
	Maximum pool size: undefined/unknown
2026-04-01 16:01:40 [restartedMain] INFO  org.hibernate.orm.core - HHH000489: No JTA platform available (set 'hibernate.transaction.jta.platform' to enable JTA platform integration)
2026-04-01 16:01:40 [restartedMain] INFO  o.s.o.j.LocalContainerEntityManagerFactoryBean - Initialized JPA EntityManagerFactory for persistence unit 'default'
2026-04-01 16:01:40 [restartedMain] WARN  o.s.b.w.s.s.c.AnnotationConfigServletWebServerApplicationContext - Exception encountered during context initialization - cancelling refresh attempt: org.springframework.beans.factory.UnsatisfiedDependencyException: Error creating bean with name 'memberDetailsService': Unsatisfied dependency expressed through field 'memberRepository': No qualifying bean of type 'com.example.repository.MemberRepository' available: expected at least 1 bean which qualifies as autowire candidate. Dependency annotations: {@org.springframework.beans.factory.annotation.Autowired(required=true)}
2026-04-01 16:01:40 [restartedMain] INFO  o.s.o.j.LocalContainerEntityManagerFactoryBean - Closing JPA EntityManagerFactory for persistence unit 'default'
2026-04-01 16:01:40 [restartedMain] INFO  com.zaxxer.hikari.HikariDataSource - HikariPool-22 - Shutdown initiated...
2026-04-01 16:01:40 [restartedMain] INFO  com.zaxxer.hikari.HikariDataSource - HikariPool-22 - Shutdown completed.
2026-04-01 16:01:40 [restartedMain] INFO  o.a.catalina.core.StandardService - Stopping service [Tomcat]
2026-04-01 16:01:40 [restartedMain] INFO  o.s.b.a.l.ConditionEvaluationReportLogger - 

Error starting ApplicationContext. To display the condition evaluation report re-run your application with 'debug' enabled.
2026-04-01 16:01:40 [restartedMain] ERROR o.s.b.d.LoggingFailureAnalysisReporter - 

***************************
APPLICATION FAILED TO START
***************************

Description:

Field memberRepository in com.example.auth.MemberDetailsService required a bean of type 'com.example.repository.MemberRepository' that could not be found.

The injection point has the following annotations:
	- @org.springframework.beans.factory.annotation.Autowired(required=true)


Action:

Consider defining a bean of type 'com.example.repository.MemberRepository' in your configuration.

2026-04-01 16:01:50 [restartedMain] INFO  com.example.CineLogApplication - Starting CineLogApplication using Java 21.0.10 with PID 10308 (C:\Dev\WS_sts\cinelog\bin\main started by GGG in C:\Dev\WS_sts\cinelog)
2026-04-01 16:01:50 [restartedMain] INFO  com.example.CineLogApplication - No active profile set, falling back to 1 default profile: "default"
2026-04-01 16:01:50 [restartedMain] INFO  o.s.d.r.c.RepositoryConfigurationDelegate - Bootstrapping Spring Data JPA repositories in DEFAULT mode.
2026-04-01 16:01:50 [restartedMain] INFO  o.s.d.r.c.RepositoryConfigurationDelegate - Finished Spring Data repository scanning in 2 ms. Found 0 JPA repository interfaces.
2026-04-01 16:01:50 [restartedMain] INFO  o.s.boot.tomcat.TomcatWebServer - Tomcat initialized with port 8092 (http)
2026-04-01 16:01:50 [restartedMain] INFO  o.a.coyote.http11.Http11NioProtocol - Initializing ProtocolHandler ["http-nio-8092"]
2026-04-01 16:01:50 [restartedMain] INFO  o.a.catalina.core.StandardService - Starting service [Tomcat]
2026-04-01 16:01:50 [restartedMain] INFO  o.a.catalina.core.StandardEngine - Starting Servlet engine: [Apache Tomcat/11.0.20]
2026-04-01 16:01:50 [restartedMain] INFO  o.s.b.w.c.s.WebApplicationContextInitializer - Root WebApplicationContext: initialization completed in 180 ms
2026-04-01 16:01:50 [restartedMain] INFO  org.hibernate.orm.jpa - HHH008540: Processing PersistenceUnitInfo [name: default]
2026-04-01 16:01:50 [restartedMain] INFO  o.s.o.j.p.SpringPersistenceUnitInfo - No LoadTimeWeaver setup: ignoring JPA class transformer
2026-04-01 16:01:50 [restartedMain] INFO  com.zaxxer.hikari.HikariDataSource - HikariPool-23 - Starting...
2026-04-01 16:01:50 [restartedMain] INFO  com.zaxxer.hikari.pool.HikariPool - HikariPool-23 - Added connection oracle.jdbc.driver.T4CConnection@2893ac73
2026-04-01 16:01:50 [restartedMain] INFO  com.zaxxer.hikari.HikariDataSource - HikariPool-23 - Start completed.
2026-04-01 16:01:50 [restartedMain] WARN  org.hibernate.orm.jdbc - HHH100123: Low default JDBC fetch size: 10 (consider setting 'hibernate.jdbc.fetch_size')
2026-04-01 16:01:50 [restartedMain] INFO  o.hibernate.orm.connections.pooling - HHH10001005: Database info:
	Database JDBC URL [jdbc:oracle:thin:@//localhost:1521/testdb]
	Database driver: Oracle JDBC driver
	Database dialect: OracleDialect
	Database version: 19.3
	Default catalog/schema: undefined/GREEN
	Autocommit mode: undefined/unknown
	Isolation level: READ_COMMITTED [default READ_COMMITTED]
	JDBC fetch size: 10
	Pool: DataSourceConnectionProvider
	Minimum pool size: undefined/unknown
	Maximum pool size: undefined/unknown
2026-04-01 16:01:50 [restartedMain] INFO  org.hibernate.orm.core - HHH000489: No JTA platform available (set 'hibernate.transaction.jta.platform' to enable JTA platform integration)
2026-04-01 16:01:50 [restartedMain] INFO  o.s.o.j.LocalContainerEntityManagerFactoryBean - Initialized JPA EntityManagerFactory for persistence unit 'default'
2026-04-01 16:01:50 [restartedMain] WARN  o.s.b.w.s.s.c.AnnotationConfigServletWebServerApplicationContext - Exception encountered during context initialization - cancelling refresh attempt: org.springframework.beans.factory.UnsatisfiedDependencyException: Error creating bean with name 'memberDetailsService': Unsatisfied dependency expressed through field 'memberRepository': No qualifying bean of type 'com.example.repository.MemberRepository' available: expected at least 1 bean which qualifies as autowire candidate. Dependency annotations: {@org.springframework.beans.factory.annotation.Autowired(required=true)}
2026-04-01 16:01:50 [restartedMain] INFO  o.s.o.j.LocalContainerEntityManagerFactoryBean - Closing JPA EntityManagerFactory for persistence unit 'default'
2026-04-01 16:01:50 [restartedMain] INFO  com.zaxxer.hikari.HikariDataSource - HikariPool-23 - Shutdown initiated...
2026-04-01 16:01:50 [restartedMain] INFO  com.zaxxer.hikari.HikariDataSource - HikariPool-23 - Shutdown completed.
2026-04-01 16:01:50 [restartedMain] INFO  o.a.catalina.core.StandardService - Stopping service [Tomcat]
2026-04-01 16:01:50 [restartedMain] INFO  o.s.b.a.l.ConditionEvaluationReportLogger - 

Error starting ApplicationContext. To display the condition evaluation report re-run your application with 'debug' enabled.
2026-04-01 16:01:50 [restartedMain] ERROR o.s.b.d.LoggingFailureAnalysisReporter - 

***************************
APPLICATION FAILED TO START
***************************

Description:

Field memberRepository in com.example.auth.MemberDetailsService required a bean of type 'com.example.repository.MemberRepository' that could not be found.

The injection point has the following annotations:
	- @org.springframework.beans.factory.annotation.Autowired(required=true)


Action:

Consider defining a bean of type 'com.example.repository.MemberRepository' in your configuration.

2026-04-01 16:01:57 [restartedMain] INFO  com.example.CineLogApplication - Starting CineLogApplication using Java 21.0.10 with PID 10308 (C:\Dev\WS_sts\cinelog\bin\main started by GGG in C:\Dev\WS_sts\cinelog)
2026-04-01 16:01:57 [restartedMain] INFO  com.example.CineLogApplication - No active profile set, falling back to 1 default profile: "default"
2026-04-01 16:01:57 [restartedMain] INFO  o.s.d.r.c.RepositoryConfigurationDelegate - Bootstrapping Spring Data JPA repositories in DEFAULT mode.
2026-04-01 16:01:57 [restartedMain] INFO  o.s.d.r.c.RepositoryConfigurationDelegate - Finished Spring Data repository scanning in 9 ms. Found 3 JPA repository interfaces.
2026-04-01 16:01:57 [restartedMain] INFO  o.s.boot.tomcat.TomcatWebServer - Tomcat initialized with port 8092 (http)
2026-04-01 16:01:57 [restartedMain] INFO  o.a.coyote.http11.Http11NioProtocol - Initializing ProtocolHandler ["http-nio-8092"]
2026-04-01 16:01:57 [restartedMain] INFO  o.a.catalina.core.StandardService - Starting service [Tomcat]
2026-04-01 16:01:57 [restartedMain] INFO  o.a.catalina.core.StandardEngine - Starting Servlet engine: [Apache Tomcat/11.0.20]
2026-04-01 16:01:57 [restartedMain] INFO  o.s.b.w.c.s.WebApplicationContextInitializer - Root WebApplicationContext: initialization completed in 183 ms
2026-04-01 16:01:57 [restartedMain] INFO  org.hibernate.orm.jpa - HHH008540: Processing PersistenceUnitInfo [name: default]
2026-04-01 16:01:57 [restartedMain] INFO  o.s.o.j.p.SpringPersistenceUnitInfo - No LoadTimeWeaver setup: ignoring JPA class transformer
2026-04-01 16:01:57 [restartedMain] INFO  com.zaxxer.hikari.HikariDataSource - HikariPool-24 - Starting...
2026-04-01 16:01:57 [restartedMain] INFO  com.zaxxer.hikari.pool.HikariPool - HikariPool-24 - Added connection oracle.jdbc.driver.T4CConnection@4deb4539
2026-04-01 16:01:57 [restartedMain] INFO  com.zaxxer.hikari.HikariDataSource - HikariPool-24 - Start completed.
2026-04-01 16:01:57 [restartedMain] WARN  org.hibernate.orm.jdbc - HHH100123: Low default JDBC fetch size: 10 (consider setting 'hibernate.jdbc.fetch_size')
2026-04-01 16:01:57 [restartedMain] INFO  o.hibernate.orm.connections.pooling - HHH10001005: Database info:
	Database JDBC URL [jdbc:oracle:thin:@//localhost:1521/testdb]
	Database driver: Oracle JDBC driver
	Database dialect: OracleDialect
	Database version: 19.3
	Default catalog/schema: undefined/GREEN
	Autocommit mode: undefined/unknown
	Isolation level: READ_COMMITTED [default READ_COMMITTED]
	JDBC fetch size: 10
	Pool: DataSourceConnectionProvider
	Minimum pool size: undefined/unknown
	Maximum pool size: undefined/unknown
2026-04-01 16:01:57 [restartedMain] INFO  org.hibernate.orm.core - HHH000489: No JTA platform available (set 'hibernate.transaction.jta.platform' to enable JTA platform integration)
2026-04-01 16:01:57 [restartedMain] INFO  o.s.o.j.LocalContainerEntityManagerFactoryBean - Initialized JPA EntityManagerFactory for persistence unit 'default'
2026-04-01 16:01:57 [restartedMain] WARN  o.s.b.j.a.JpaBaseConfiguration$JpaWebConfiguration - spring.jpa.open-in-view is enabled by default. Therefore, database queries may be performed during view rendering. Explicitly configure spring.jpa.open-in-view to disable this warning
2026-04-01 16:01:57 [restartedMain] INFO  o.s.s.c.a.a.c.InitializeUserDetailsBeanManagerConfigurer$InitializeUserDetailsManagerConfigurer - Global AuthenticationManager configured with UserDetailsService bean with name memberDetailsService
2026-04-01 16:01:57 [restartedMain] INFO  o.s.b.w.a.WelcomePageHandlerMapping - Adding welcome page template: index
2026-04-01 16:01:57 [restartedMain] INFO  o.a.coyote.http11.Http11NioProtocol - Starting ProtocolHandler ["http-nio-8092"]
2026-04-01 16:01:57 [restartedMain] INFO  o.s.boot.tomcat.TomcatWebServer - Tomcat started on port 8092 (http) with context path '/'
2026-04-01 16:01:57 [restartedMain] INFO  com.example.CineLogApplication - Started CineLogApplication in 0.679 seconds (process running for 1723.773)
2026-04-01 16:01:57 [restartedMain] INFO  o.s.b.d.a.ConditionEvaluationDeltaLoggingListener - Condition evaluation unchanged
2026-04-01 16:02:03 [File Watcher] INFO  o.s.b.d.a.LocalDevToolsAutoConfiguration$RestartingClassPathChangeChangedEventListener - Restarting due to 1 class path change (0 additions, 0 deletions, 1 modification)
2026-04-01 16:02:03 [Thread-19] INFO  o.s.boot.tomcat.GracefulShutdown - Commencing graceful shutdown. Waiting for active requests to complete
2026-04-01 16:02:03 [tomcat-shutdown] INFO  o.a.coyote.http11.Http11NioProtocol - Pausing ProtocolHandler ["http-nio-8092"]
2026-04-01 16:02:03 [tomcat-shutdown] INFO  o.s.boot.tomcat.GracefulShutdown - Graceful shutdown complete
2026-04-01 16:02:03 [Thread-19] INFO  o.a.coyote.http11.Http11NioProtocol - Stopping ProtocolHandler ["http-nio-8092"]
2026-04-01 16:02:03 [Thread-19] INFO  o.s.o.j.LocalContainerEntityManagerFactoryBean - Closing JPA EntityManagerFactory for persistence unit 'default'
2026-04-01 16:02:03 [Thread-19] INFO  com.zaxxer.hikari.HikariDataSource - HikariPool-24 - Shutdown initiated...
2026-04-01 16:02:03 [Thread-19] INFO  com.zaxxer.hikari.HikariDataSource - HikariPool-24 - Shutdown completed.
2026-04-01 16:02:03 [restartedMain] INFO  com.example.CineLogApplication - Starting CineLogApplication using Java 21.0.10 with PID 10308 (C:\Dev\WS_sts\cinelog\bin\main started by GGG in C:\Dev\WS_sts\cinelog)
2026-04-01 16:02:03 [restartedMain] INFO  com.example.CineLogApplication - No active profile set, falling back to 1 default profile: "default"
2026-04-01 16:02:03 [restartedMain] INFO  o.s.d.r.c.RepositoryConfigurationDelegate - Bootstrapping Spring Data JPA repositories in DEFAULT mode.
2026-04-01 16:02:03 [restartedMain] INFO  o.s.d.r.c.RepositoryConfigurationDelegate - Finished Spring Data repository scanning in 8 ms. Found 3 JPA repository interfaces.
2026-04-01 16:02:03 [restartedMain] INFO  o.s.boot.tomcat.TomcatWebServer - Tomcat initialized with port 8092 (http)
2026-04-01 16:02:03 [restartedMain] INFO  o.a.coyote.http11.Http11NioProtocol - Initializing ProtocolHandler ["http-nio-8092"]
2026-04-01 16:02:03 [restartedMain] INFO  o.a.catalina.core.StandardService - Starting service [Tomcat]
2026-04-01 16:02:03 [restartedMain] INFO  o.a.catalina.core.StandardEngine - Starting Servlet engine: [Apache Tomcat/11.0.20]
2026-04-01 16:02:03 [restartedMain] INFO  o.s.b.w.c.s.WebApplicationContextInitializer - Root WebApplicationContext: initialization completed in 187 ms
2026-04-01 16:02:03 [restartedMain] INFO  org.hibernate.orm.jpa - HHH008540: Processing PersistenceUnitInfo [name: default]
2026-04-01 16:02:03 [restartedMain] INFO  o.s.o.j.p.SpringPersistenceUnitInfo - No LoadTimeWeaver setup: ignoring JPA class transformer
2026-04-01 16:02:03 [restartedMain] INFO  com.zaxxer.hikari.HikariDataSource - HikariPool-25 - Starting...
2026-04-01 16:02:03 [restartedMain] INFO  com.zaxxer.hikari.pool.HikariPool - HikariPool-25 - Added connection oracle.jdbc.driver.T4CConnection@3d087ea2
2026-04-01 16:02:03 [restartedMain] INFO  com.zaxxer.hikari.HikariDataSource - HikariPool-25 - Start completed.
2026-04-01 16:02:03 [restartedMain] WARN  org.hibernate.orm.jdbc - HHH100123: Low default JDBC fetch size: 10 (consider setting 'hibernate.jdbc.fetch_size')
2026-04-01 16:02:03 [restartedMain] INFO  o.hibernate.orm.connections.pooling - HHH10001005: Database info:
	Database JDBC URL [jdbc:oracle:thin:@//localhost:1521/testdb]
	Database driver: Oracle JDBC driver
	Database dialect: OracleDialect
	Database version: 19.3
	Default catalog/schema: undefined/GREEN
	Autocommit mode: undefined/unknown
	Isolation level: READ_COMMITTED [default READ_COMMITTED]
	JDBC fetch size: 10
	Pool: DataSourceConnectionProvider
	Minimum pool size: undefined/unknown
	Maximum pool size: undefined/unknown
2026-04-01 16:02:03 [restartedMain] INFO  org.hibernate.orm.core - HHH000489: No JTA platform available (set 'hibernate.transaction.jta.platform' to enable JTA platform integration)
2026-04-01 16:02:03 [restartedMain] INFO  o.s.o.j.LocalContainerEntityManagerFactoryBean - Initialized JPA EntityManagerFactory for persistence unit 'default'
2026-04-01 16:02:03 [restartedMain] WARN  o.s.b.j.a.JpaBaseConfiguration$JpaWebConfiguration - spring.jpa.open-in-view is enabled by default. Therefore, database queries may be performed during view rendering. Explicitly configure spring.jpa.open-in-view to disable this warning
2026-04-01 16:02:03 [restartedMain] INFO  o.s.s.c.a.a.c.InitializeUserDetailsBeanManagerConfigurer$InitializeUserDetailsManagerConfigurer - Global AuthenticationManager configured with UserDetailsService bean with name memberDetailsService
2026-04-01 16:02:03 [restartedMain] INFO  o.s.b.w.a.WelcomePageHandlerMapping - Adding welcome page template: index
2026-04-01 16:02:04 [restartedMain] INFO  o.a.coyote.http11.Http11NioProtocol - Starting ProtocolHandler ["http-nio-8092"]
2026-04-01 16:02:04 [restartedMain] INFO  o.s.boot.tomcat.TomcatWebServer - Tomcat started on port 8092 (http) with context path '/'
2026-04-01 16:02:04 [restartedMain] INFO  com.example.CineLogApplication - Started CineLogApplication in 0.63 seconds (process running for 1729.931)
2026-04-01 16:02:04 [restartedMain] INFO  o.s.b.d.a.ConditionEvaluationDeltaLoggingListener - Condition evaluation unchanged
2026-04-01 16:02:09 [File Watcher] INFO  o.s.b.d.a.LocalDevToolsAutoConfiguration$RestartingClassPathChangeChangedEventListener - Restarting due to 1 class path change (0 additions, 0 deletions, 1 modification)
2026-04-01 16:02:09 [Thread-80] INFO  o.s.boot.tomcat.GracefulShutdown - Commencing graceful shutdown. Waiting for active requests to complete
2026-04-01 16:02:09 [tomcat-shutdown] INFO  o.a.coyote.http11.Http11NioProtocol - Pausing ProtocolHandler ["http-nio-8092"]
2026-04-01 16:02:09 [tomcat-shutdown] INFO  o.s.boot.tomcat.GracefulShutdown - Graceful shutdown complete
2026-04-01 16:02:09 [Thread-80] INFO  o.a.coyote.http11.Http11NioProtocol - Stopping ProtocolHandler ["http-nio-8092"]
2026-04-01 16:02:09 [Thread-80] INFO  o.s.o.j.LocalContainerEntityManagerFactoryBean - Closing JPA EntityManagerFactory for persistence unit 'default'
2026-04-01 16:02:09 [Thread-80] INFO  com.zaxxer.hikari.HikariDataSource - HikariPool-25 - Shutdown initiated...
2026-04-01 16:02:09 [Thread-80] INFO  com.zaxxer.hikari.HikariDataSource - HikariPool-25 - Shutdown completed.
2026-04-01 16:02:09 [restartedMain] INFO  com.example.CineLogApplication - Starting CineLogApplication using Java 21.0.10 with PID 10308 (C:\Dev\WS_sts\cinelog\bin\main started by GGG in C:\Dev\WS_sts\cinelog)
2026-04-01 16:02:09 [restartedMain] INFO  com.example.CineLogApplication - No active profile set, falling back to 1 default profile: "default"
2026-04-01 16:02:09 [restartedMain] INFO  o.s.d.r.c.RepositoryConfigurationDelegate - Bootstrapping Spring Data JPA repositories in DEFAULT mode.
2026-04-01 16:02:09 [restartedMain] INFO  o.s.d.r.c.RepositoryConfigurationDelegate - Finished Spring Data repository scanning in 7 ms. Found 3 JPA repository interfaces.
2026-04-01 16:02:09 [restartedMain] INFO  o.s.boot.tomcat.TomcatWebServer - Tomcat initialized with port 8092 (http)
2026-04-01 16:02:09 [restartedMain] INFO  o.a.coyote.http11.Http11NioProtocol - Initializing ProtocolHandler ["http-nio-8092"]
2026-04-01 16:02:09 [restartedMain] INFO  o.a.catalina.core.StandardService - Starting service [Tomcat]
2026-04-01 16:02:09 [restartedMain] INFO  o.a.catalina.core.StandardEngine - Starting Servlet engine: [Apache Tomcat/11.0.20]
2026-04-01 16:02:09 [restartedMain] INFO  o.s.b.w.c.s.WebApplicationContextInitializer - Root WebApplicationContext: initialization completed in 179 ms
2026-04-01 16:02:09 [restartedMain] INFO  org.hibernate.orm.jpa - HHH008540: Processing PersistenceUnitInfo [name: default]
2026-04-01 16:02:09 [restartedMain] INFO  o.s.o.j.p.SpringPersistenceUnitInfo - No LoadTimeWeaver setup: ignoring JPA class transformer
2026-04-01 16:02:09 [restartedMain] INFO  com.zaxxer.hikari.HikariDataSource - HikariPool-26 - Starting...
2026-04-01 16:02:09 [restartedMain] INFO  com.zaxxer.hikari.pool.HikariPool - HikariPool-26 - Added connection oracle.jdbc.driver.T4CConnection@12bdd98
2026-04-01 16:02:09 [restartedMain] INFO  com.zaxxer.hikari.HikariDataSource - HikariPool-26 - Start completed.
2026-04-01 16:02:09 [restartedMain] WARN  org.hibernate.orm.jdbc - HHH100123: Low default JDBC fetch size: 10 (consider setting 'hibernate.jdbc.fetch_size')
2026-04-01 16:02:09 [restartedMain] INFO  o.hibernate.orm.connections.pooling - HHH10001005: Database info:
	Database JDBC URL [jdbc:oracle:thin:@//localhost:1521/testdb]
	Database driver: Oracle JDBC driver
	Database dialect: OracleDialect
	Database version: 19.3
	Default catalog/schema: undefined/GREEN
	Autocommit mode: undefined/unknown
	Isolation level: READ_COMMITTED [default READ_COMMITTED]
	JDBC fetch size: 10
	Pool: DataSourceConnectionProvider
	Minimum pool size: undefined/unknown
	Maximum pool size: undefined/unknown
2026-04-01 16:02:09 [restartedMain] INFO  org.hibernate.orm.core - HHH000489: No JTA platform available (set 'hibernate.transaction.jta.platform' to enable JTA platform integration)
2026-04-01 16:02:09 [restartedMain] INFO  o.s.o.j.LocalContainerEntityManagerFactoryBean - Initialized JPA EntityManagerFactory for persistence unit 'default'
2026-04-01 16:02:10 [restartedMain] WARN  o.s.b.j.a.JpaBaseConfiguration$JpaWebConfiguration - spring.jpa.open-in-view is enabled by default. Therefore, database queries may be performed during view rendering. Explicitly configure spring.jpa.open-in-view to disable this warning
2026-04-01 16:02:10 [restartedMain] INFO  o.s.s.c.a.a.c.InitializeUserDetailsBeanManagerConfigurer$InitializeUserDetailsManagerConfigurer - Global AuthenticationManager configured with UserDetailsService bean with name memberDetailsService
2026-04-01 16:02:10 [restartedMain] INFO  o.s.b.w.a.WelcomePageHandlerMapping - Adding welcome page template: index
2026-04-01 16:02:10 [restartedMain] INFO  o.a.coyote.http11.Http11NioProtocol - Starting ProtocolHandler ["http-nio-8092"]
2026-04-01 16:02:10 [restartedMain] INFO  o.s.boot.tomcat.TomcatWebServer - Tomcat started on port 8092 (http) with context path '/'
2026-04-01 16:02:10 [restartedMain] INFO  com.example.CineLogApplication - Started CineLogApplication in 0.628 seconds (process running for 1736.067)
2026-04-01 16:02:10 [restartedMain] INFO  o.s.b.d.a.ConditionEvaluationDeltaLoggingListener - Condition evaluation unchanged
2026-04-01 16:04:00 [File Watcher] INFO  o.s.b.d.a.LocalDevToolsAutoConfiguration$RestartingClassPathChangeChangedEventListener - Restarting due to 5 class path changes (0 additions, 4 deletions, 1 modification)
2026-04-01 16:04:00 [Thread-84] INFO  o.s.boot.tomcat.GracefulShutdown - Commencing graceful shutdown. Waiting for active requests to complete
2026-04-01 16:04:00 [tomcat-shutdown] INFO  o.a.coyote.http11.Http11NioProtocol - Pausing ProtocolHandler ["http-nio-8092"]
2026-04-01 16:04:00 [tomcat-shutdown] INFO  o.s.boot.tomcat.GracefulShutdown - Graceful shutdown complete
2026-04-01 16:04:00 [Thread-84] INFO  o.a.coyote.http11.Http11NioProtocol - Stopping ProtocolHandler ["http-nio-8092"]
2026-04-01 16:04:00 [Thread-84] INFO  o.s.o.j.LocalContainerEntityManagerFactoryBean - Closing JPA EntityManagerFactory for persistence unit 'default'
2026-04-01 16:04:00 [Thread-84] INFO  com.zaxxer.hikari.HikariDataSource - HikariPool-26 - Shutdown initiated...
2026-04-01 16:04:00 [Thread-84] INFO  com.zaxxer.hikari.HikariDataSource - HikariPool-26 - Shutdown completed.
2026-04-01 16:04:00 [restartedMain] INFO  com.example.CineLogApplication - Starting CineLogApplication using Java 21.0.10 with PID 10308 (C:\Dev\WS_sts\cinelog\bin\main started by GGG in C:\Dev\WS_sts\cinelog)
2026-04-01 16:04:00 [restartedMain] INFO  com.example.CineLogApplication - No active profile set, falling back to 1 default profile: "default"
2026-04-01 16:04:00 [restartedMain] INFO  o.s.d.r.c.RepositoryConfigurationDelegate - Bootstrapping Spring Data JPA repositories in DEFAULT mode.
2026-04-01 16:04:00 [restartedMain] INFO  o.s.d.r.c.RepositoryConfigurationDelegate - Finished Spring Data repository scanning in 7 ms. Found 3 JPA repository interfaces.
2026-04-01 16:04:00 [restartedMain] INFO  o.s.boot.tomcat.TomcatWebServer - Tomcat initialized with port 8092 (http)
2026-04-01 16:04:00 [restartedMain] INFO  o.a.coyote.http11.Http11NioProtocol - Initializing ProtocolHandler ["http-nio-8092"]
2026-04-01 16:04:00 [restartedMain] INFO  o.a.catalina.core.StandardService - Starting service [Tomcat]
2026-04-01 16:04:00 [restartedMain] INFO  o.a.catalina.core.StandardEngine - Starting Servlet engine: [Apache Tomcat/11.0.20]
2026-04-01 16:04:00 [restartedMain] INFO  o.s.b.w.c.s.WebApplicationContextInitializer - Root WebApplicationContext: initialization completed in 198 ms
2026-04-01 16:04:00 [restartedMain] INFO  org.hibernate.orm.jpa - HHH008540: Processing PersistenceUnitInfo [name: default]
2026-04-01 16:04:00 [restartedMain] INFO  o.s.o.j.p.SpringPersistenceUnitInfo - No LoadTimeWeaver setup: ignoring JPA class transformer
2026-04-01 16:04:00 [restartedMain] INFO  com.zaxxer.hikari.HikariDataSource - HikariPool-27 - Starting...
2026-04-01 16:04:00 [restartedMain] INFO  com.zaxxer.hikari.pool.HikariPool - HikariPool-27 - Added connection oracle.jdbc.driver.T4CConnection@48e1f2df
2026-04-01 16:04:00 [restartedMain] INFO  com.zaxxer.hikari.HikariDataSource - HikariPool-27 - Start completed.
2026-04-01 16:04:00 [restartedMain] WARN  org.hibernate.orm.jdbc - HHH100123: Low default JDBC fetch size: 10 (consider setting 'hibernate.jdbc.fetch_size')
2026-04-01 16:04:00 [restartedMain] INFO  o.hibernate.orm.connections.pooling - HHH10001005: Database info:
	Database JDBC URL [jdbc:oracle:thin:@//localhost:1521/testdb]
	Database driver: Oracle JDBC driver
	Database dialect: OracleDialect
	Database version: 19.3
	Default catalog/schema: undefined/GREEN
	Autocommit mode: undefined/unknown
	Isolation level: READ_COMMITTED [default READ_COMMITTED]
	JDBC fetch size: 10
	Pool: DataSourceConnectionProvider
	Minimum pool size: undefined/unknown
	Maximum pool size: undefined/unknown
2026-04-01 16:04:00 [restartedMain] INFO  org.hibernate.orm.core - HHH000489: No JTA platform available (set 'hibernate.transaction.jta.platform' to enable JTA platform integration)
2026-04-01 16:04:00 [restartedMain] INFO  o.s.o.j.LocalContainerEntityManagerFactoryBean - Initialized JPA EntityManagerFactory for persistence unit 'default'
2026-04-01 16:04:00 [restartedMain] WARN  o.s.b.j.a.JpaBaseConfiguration$JpaWebConfiguration - spring.jpa.open-in-view is enabled by default. Therefore, database queries may be performed during view rendering. Explicitly configure spring.jpa.open-in-view to disable this warning
2026-04-01 16:04:00 [restartedMain] INFO  o.s.s.c.a.a.c.InitializeUserDetailsBeanManagerConfigurer$InitializeUserDetailsManagerConfigurer - Global AuthenticationManager configured with UserDetailsService bean with name memberDetailsService
2026-04-01 16:04:00 [restartedMain] INFO  o.s.b.w.a.WelcomePageHandlerMapping - Adding welcome page template: index
2026-04-01 16:04:00 [restartedMain] WARN  o.s.b.w.s.s.c.AnnotationConfigServletWebServerApplicationContext - Exception encountered during context initialization - cancelling refresh attempt: org.springframework.beans.factory.BeanCreationException: Error creating bean with name 'welcomePageHandlerMapping' defined in class path resource [org/springframework/boot/webmvc/autoconfigure/WebMvcAutoConfiguration$EnableWebMvcConfiguration.class]: Failed to instantiate [org.springframework.boot.webmvc.autoconfigure.WelcomePageHandlerMapping]: Factory method 'welcomePageHandlerMapping' threw exception with message: Unresolved compilation problems: 
	ActivityLogInterceptor cannot be resolved to a type
	ErrorLogInterceptor cannot be resolved to a type

2026-04-01 16:04:00 [restartedMain] INFO  o.s.o.j.LocalContainerEntityManagerFactoryBean - Closing JPA EntityManagerFactory for persistence unit 'default'
2026-04-01 16:04:00 [restartedMain] INFO  com.zaxxer.hikari.HikariDataSource - HikariPool-27 - Shutdown initiated...
2026-04-01 16:04:00 [restartedMain] INFO  com.zaxxer.hikari.HikariDataSource - HikariPool-27 - Shutdown completed.
2026-04-01 16:04:00 [restartedMain] INFO  o.a.catalina.core.StandardService - Stopping service [Tomcat]
2026-04-01 16:04:00 [restartedMain] INFO  o.s.b.a.l.ConditionEvaluationReportLogger - 

Error starting ApplicationContext. To display the condition evaluation report re-run your application with 'debug' enabled.
2026-04-01 16:04:00 [restartedMain] ERROR o.s.boot.SpringApplication - Application run failed
org.springframework.beans.factory.BeanCreationException: Error creating bean with name 'welcomePageHandlerMapping' defined in class path resource [org/springframework/boot/webmvc/autoconfigure/WebMvcAutoConfiguration$EnableWebMvcConfiguration.class]: Failed to instantiate [org.springframework.boot.webmvc.autoconfigure.WelcomePageHandlerMapping]: Factory method 'welcomePageHandlerMapping' threw exception with message: Unresolved compilation problems: 
	ActivityLogInterceptor cannot be resolved to a type
	ErrorLogInterceptor cannot be resolved to a type

	at org.springframework.beans.factory.support.ConstructorResolver.instantiate(ConstructorResolver.java:657)
	at org.springframework.beans.factory.support.ConstructorResolver.instantiateUsingFactoryMethod(ConstructorResolver.java:645)
	at org.springframework.beans.factory.support.AbstractAutowireCapableBeanFactory.instantiateUsingFactoryMethod(AbstractAutowireCapableBeanFactory.java:1362)
	at org.springframework.beans.factory.support.AbstractAutowireCapableBeanFactory.createBeanInstance(AbstractAutowireCapableBeanFactory.java:1194)
	at org.springframework.beans.factory.support.AbstractAutowireCapableBeanFactory.doCreateBean(AbstractAutowireCapableBeanFactory.java:565)
	at org.springframework.beans.factory.support.AbstractAutowireCapableBeanFactory.createBean(AbstractAutowireCapableBeanFactory.java:525)
	at org.springframework.beans.factory.support.AbstractBeanFactory.lambda$doGetBean$0(AbstractBeanFactory.java:333)
	at org.springframework.beans.factory.support.DefaultSingletonBeanRegistry.getSingleton(DefaultSingletonBeanRegistry.java:371)
	at org.springframework.beans.factory.support.AbstractBeanFactory.doGetBean(AbstractBeanFactory.java:331)
	at org.springframework.beans.factory.support.AbstractBeanFactory.getBean(AbstractBeanFactory.java:196)
	at org.springframework.beans.factory.support.DefaultListableBeanFactory.instantiateSingleton(DefaultListableBeanFactory.java:1218)
	at org.springframework.beans.factory.support.DefaultListableBeanFactory.preInstantiateSingleton(DefaultListableBeanFactory.java:1184)
	at org.springframework.beans.factory.support.DefaultListableBeanFactory.preInstantiateSingletons(DefaultListableBeanFactory.java:1121)
	at org.springframework.context.support.AbstractApplicationContext.finishBeanFactoryInitialization(AbstractApplicationContext.java:994)
	at org.springframework.context.support.AbstractApplicationContext.refresh(AbstractApplicationContext.java:621)
	at org.springframework.boot.web.server.servlet.context.ServletWebServerApplicationContext.refresh(ServletWebServerApplicationContext.java:143)
	at org.springframework.boot.SpringApplication.refresh(SpringApplication.java:756)
	at org.springframework.boot.SpringApplication.refreshContext(SpringApplication.java:445)
	at org.springframework.boot.SpringApplication.run(SpringApplication.java:321)
	at org.springframework.boot.SpringApplication.run(SpringApplication.java:1365)
	at org.springframework.boot.SpringApplication.run(SpringApplication.java:1354)
	at com.example.CineLogApplication.main(CineLogApplication.java:14)
	at java.base/jdk.internal.reflect.DirectMethodHandleAccessor.invoke(DirectMethodHandleAccessor.java:103)
	at java.base/java.lang.reflect.Method.invoke(Method.java:580)
	at org.springframework.boot.devtools.restart.RestartLauncher.run(RestartLauncher.java:52)
Caused by: org.springframework.beans.BeanInstantiationException: Failed to instantiate [org.springframework.boot.webmvc.autoconfigure.WelcomePageHandlerMapping]: Factory method 'welcomePageHandlerMapping' threw exception with message: Unresolved compilation problems: 
	ActivityLogInterceptor cannot be resolved to a type
	ErrorLogInterceptor cannot be resolved to a type

	at org.springframework.beans.factory.support.SimpleInstantiationStrategy.lambda$instantiate$0(SimpleInstantiationStrategy.java:183)
	at org.springframework.beans.factory.support.SimpleInstantiationStrategy.instantiateWithFactoryMethod(SimpleInstantiationStrategy.java:72)
	at org.springframework.beans.factory.support.SimpleInstantiationStrategy.instantiate(SimpleInstantiationStrategy.java:152)
	at org.springframework.beans.factory.support.ConstructorResolver.instantiate(ConstructorResolver.java:653)
	... 24 common frames omitted
Caused by: java.lang.Error: Unresolved compilation problems: 
	ActivityLogInterceptor cannot be resolved to a type
	ErrorLogInterceptor cannot be resolved to a type

	at com.example.config.WebConfig.addInterceptors(WebConfig.java:17)
	at org.springframework.web.servlet.config.annotation.WebMvcConfigurerComposite.addInterceptors(WebMvcConfigurerComposite.java:98)
	at org.springframework.web.servlet.config.annotation.DelegatingWebMvcConfiguration.addInterceptors(DelegatingWebMvcConfiguration.java:91)
	at org.springframework.web.servlet.config.annotation.WebMvcConfigurationSupport.getInterceptors(WebMvcConfigurationSupport.java:309)
	at org.springframework.boot.webmvc.autoconfigure.WebMvcAutoConfiguration$EnableWebMvcConfiguration.createWelcomePageHandlerMapping(WebMvcAutoConfiguration.java:502)
	at org.springframework.boot.webmvc.autoconfigure.WebMvcAutoConfiguration$EnableWebMvcConfiguration.welcomePageHandlerMapping(WebMvcAutoConfiguration.java:482)
	at java.base/jdk.internal.reflect.DirectMethodHandleAccessor.invoke(DirectMethodHandleAccessor.java:103)
	at java.base/java.lang.reflect.Method.invoke(Method.java:580)
	at org.springframework.beans.factory.support.SimpleInstantiationStrategy.lambda$instantiate$0(SimpleInstantiationStrategy.java:155)
	... 27 common frames omitted
2026-04-01 16:04:26 [restartedMain] INFO  com.example.CineLogApplication - Starting CineLogApplication using Java 21.0.10 with PID 10308 (C:\Dev\WS_sts\cinelog\bin\main started by GGG in C:\Dev\WS_sts\cinelog)
2026-04-01 16:04:26 [restartedMain] INFO  com.example.CineLogApplication - No active profile set, falling back to 1 default profile: "default"
2026-04-01 16:04:26 [restartedMain] INFO  o.s.d.r.c.RepositoryConfigurationDelegate - Bootstrapping Spring Data JPA repositories in DEFAULT mode.
2026-04-01 16:04:26 [restartedMain] INFO  o.s.d.r.c.RepositoryConfigurationDelegate - Finished Spring Data repository scanning in 7 ms. Found 3 JPA repository interfaces.
2026-04-01 16:04:26 [restartedMain] WARN  o.s.b.w.s.s.c.AnnotationConfigServletWebServerApplicationContext - Exception encountered during context initialization - cancelling refresh attempt: org.springframework.beans.factory.BeanDefinitionStoreException: Could not enhance configuration class [com.example.config.SecurityConfig]. Consider declaring @Configuration(proxyBeanMethods=false) without inter-bean references between @Bean methods on the configuration class, avoiding the need for CGLIB enhancement.
2026-04-01 16:04:26 [restartedMain] INFO  o.s.b.a.l.ConditionEvaluationReportLogger - 

Error starting ApplicationContext. To display the condition evaluation report re-run your application with 'debug' enabled.
2026-04-01 16:04:26 [restartedMain] ERROR o.s.boot.SpringApplication - Application run failed
org.springframework.beans.factory.BeanDefinitionStoreException: Could not enhance configuration class [com.example.config.SecurityConfig]. Consider declaring @Configuration(proxyBeanMethods=false) without inter-bean references between @Bean methods on the configuration class, avoiding the need for CGLIB enhancement.
	at org.springframework.context.annotation.ConfigurationClassEnhancer.enhance(ConfigurationClassEnhancer.java:136)
	at org.springframework.context.annotation.ConfigurationClassPostProcessor.enhanceConfigurationClasses(ConfigurationClassPostProcessor.java:576)
	at org.springframework.context.annotation.ConfigurationClassPostProcessor.postProcessBeanFactory(ConfigurationClassPostProcessor.java:337)
	at org.springframework.context.support.PostProcessorRegistrationDelegate.invokeBeanFactoryPostProcessors(PostProcessorRegistrationDelegate.java:363)
	at org.springframework.context.support.PostProcessorRegistrationDelegate.invokeBeanFactoryPostProcessors(PostProcessorRegistrationDelegate.java:153)
	at org.springframework.context.support.AbstractApplicationContext.invokeBeanFactoryPostProcessors(AbstractApplicationContext.java:795)
	at org.springframework.context.support.AbstractApplicationContext.refresh(AbstractApplicationContext.java:603)
	at org.springframework.boot.web.server.servlet.context.ServletWebServerApplicationContext.refresh(ServletWebServerApplicationContext.java:143)
	at org.springframework.boot.SpringApplication.refresh(SpringApplication.java:756)
	at org.springframework.boot.SpringApplication.refreshContext(SpringApplication.java:445)
	at org.springframework.boot.SpringApplication.run(SpringApplication.java:321)
	at org.springframework.boot.SpringApplication.run(SpringApplication.java:1365)
	at org.springframework.boot.SpringApplication.run(SpringApplication.java:1354)
	at com.example.CineLogApplication.main(CineLogApplication.java:14)
	at java.base/jdk.internal.reflect.DirectMethodHandleAccessor.invoke(DirectMethodHandleAccessor.java:103)
	at java.base/java.lang.reflect.Method.invoke(Method.java:580)
	at org.springframework.boot.devtools.restart.RestartLauncher.run(RestartLauncher.java:52)
Caused by: org.springframework.cglib.core.CodeGenerationException: java.lang.NoClassDefFoundError-->MemberDetailsService
	at org.springframework.context.annotation.ConfigurationClassEnhancer.createClass(ConfigurationClassEnhancer.java:202)
	at org.springframework.context.annotation.ConfigurationClassEnhancer.enhance(ConfigurationClassEnhancer.java:128)
	... 16 common frames omitted
Caused by: java.lang.NoClassDefFoundError: MemberDetailsService
	at java.base/java.lang.Class.getDeclaredConstructors0(Native Method)
	at java.base/java.lang.Class.privateGetDeclaredConstructors(Class.java:3551)
	at java.base/java.lang.Class.getDeclaredConstructors(Class.java:2729)
	at org.springframework.cglib.proxy.Enhancer.generateClass(Enhancer.java:655)
	at org.springframework.cglib.transform.TransformingClassGenerator.generateClass(TransformingClassGenerator.java:35)
	at org.springframework.cglib.core.DefaultGeneratorStrategy.generate(DefaultGeneratorStrategy.java:26)
	at org.springframework.cglib.core.ClassLoaderAwareGeneratorStrategy.lambda$new$0(ClassLoaderAwareGeneratorStrategy.java:41)
	at org.springframework.cglib.core.ClassLoaderAwareGeneratorStrategy.generate(ClassLoaderAwareGeneratorStrategy.java:76)
	at org.springframework.cglib.core.AbstractClassGenerator.generate(AbstractClassGenerator.java:370)
	at org.springframework.cglib.proxy.Enhancer.generate(Enhancer.java:575)
	at org.springframework.cglib.core.AbstractClassGenerator$ClassLoaderData.get(AbstractClassGenerator.java:133)
	at org.springframework.cglib.core.AbstractClassGenerator.create(AbstractClassGenerator.java:321)
	at org.springframework.cglib.proxy.Enhancer.createHelper(Enhancer.java:562)
	at org.springframework.cglib.proxy.Enhancer.createClass(Enhancer.java:407)
	at org.springframework.context.annotation.ConfigurationClassEnhancer.createClass(ConfigurationClassEnhancer.java:198)
	... 17 common frames omitted
Caused by: java.lang.ClassNotFoundException: MemberDetailsService
	at java.base/jdk.internal.loader.BuiltinClassLoader.loadClass(BuiltinClassLoader.java:641)
	at java.base/jdk.internal.loader.ClassLoaders$AppClassLoader.loadClass(ClassLoaders.java:188)
	at java.base/java.lang.ClassLoader.loadClass(ClassLoader.java:526)
	at java.base/java.lang.Class.forName0(Native Method)
	at java.base/java.lang.Class.forName(Class.java:536)
	at java.base/java.lang.Class.forName(Class.java:515)
	at org.springframework.boot.devtools.restart.classloader.RestartClassLoader.loadClass(RestartClassLoader.java:123)
	at java.base/java.lang.ClassLoader.loadClass(ClassLoader.java:526)
	... 32 common frames omitted
2026-04-01 16:04:36 [restartedMain] INFO  com.example.CineLogApplication - Starting CineLogApplication using Java 21.0.10 with PID 10308 (C:\Dev\WS_sts\cinelog\bin\main started by GGG in C:\Dev\WS_sts\cinelog)
2026-04-01 16:04:36 [restartedMain] INFO  com.example.CineLogApplication - No active profile set, falling back to 1 default profile: "default"
2026-04-01 16:04:36 [restartedMain] WARN  o.s.b.w.s.s.c.AnnotationConfigServletWebServerApplicationContext - Exception encountered during context initialization - cancelling refresh attempt: org.springframework.beans.factory.BeanDefinitionStoreException: Failed to parse configuration class [com.example.CineLogApplication]
2026-04-01 16:04:36 [restartedMain] ERROR o.s.boot.SpringApplication - Application run failed
org.springframework.beans.factory.BeanDefinitionStoreException: Failed to parse configuration class [com.example.CineLogApplication]
	at org.springframework.context.annotation.ConfigurationClassParser.parse(ConfigurationClassParser.java:196)
	at org.springframework.context.annotation.ConfigurationClassPostProcessor.processConfigBeanDefinitions(ConfigurationClassPostProcessor.java:452)
	at org.springframework.context.annotation.ConfigurationClassPostProcessor.postProcessBeanDefinitionRegistry(ConfigurationClassPostProcessor.java:316)
	at org.springframework.context.support.PostProcessorRegistrationDelegate.invokeBeanDefinitionRegistryPostProcessors(PostProcessorRegistrationDelegate.java:349)
	at org.springframework.context.support.PostProcessorRegistrationDelegate.invokeBeanFactoryPostProcessors(PostProcessorRegistrationDelegate.java:118)
	at org.springframework.context.support.AbstractApplicationContext.invokeBeanFactoryPostProcessors(AbstractApplicationContext.java:795)
	at org.springframework.context.support.AbstractApplicationContext.refresh(AbstractApplicationContext.java:603)
	at org.springframework.boot.web.server.servlet.context.ServletWebServerApplicationContext.refresh(ServletWebServerApplicationContext.java:143)
	at org.springframework.boot.SpringApplication.refresh(SpringApplication.java:756)
	at org.springframework.boot.SpringApplication.refreshContext(SpringApplication.java:445)
	at org.springframework.boot.SpringApplication.run(SpringApplication.java:321)
	at org.springframework.boot.SpringApplication.run(SpringApplication.java:1365)
	at org.springframework.boot.SpringApplication.run(SpringApplication.java:1354)
	at com.example.CineLogApplication.main(CineLogApplication.java:14)
	at java.base/jdk.internal.reflect.DirectMethodHandleAccessor.invoke(DirectMethodHandleAccessor.java:103)
	at java.base/java.lang.reflect.Method.invoke(Method.java:580)
	at org.springframework.boot.devtools.restart.RestartLauncher.run(RestartLauncher.java:52)
Caused by: org.springframework.context.annotation.ConflictingBeanDefinitionException: Annotation-specified bean name 'fileService' for bean class [com.example.util.FileService] conflicts with existing, non-compatible bean definition of same name and class [com.example.service.FileService]
	at org.springframework.context.annotation.ClassPathBeanDefinitionScanner.checkCandidate(ClassPathBeanDefinitionScanner.java:363)
	at org.springframework.context.annotation.ClassPathBeanDefinitionScanner.doScan(ClassPathBeanDefinitionScanner.java:290)
	at org.springframework.context.annotation.ComponentScanAnnotationParser.parse(ComponentScanAnnotationParser.java:128)
	at org.springframework.context.annotation.ConfigurationClassParser.doProcessConfigurationClass(ConfigurationClassParser.java:347)
	at org.springframework.context.annotation.ConfigurationClassParser.processConfigurationClass(ConfigurationClassParser.java:283)
	at org.springframework.context.annotation.ConfigurationClassParser.parse(ConfigurationClassParser.java:206)
	at org.springframework.context.annotation.ConfigurationClassParser.parse(ConfigurationClassParser.java:174)
	... 16 common frames omitted
2026-04-01 16:04:39 [restartedMain] INFO  com.example.CineLogApplication - Starting CineLogApplication using Java 21.0.10 with PID 10308 (C:\Dev\WS_sts\cinelog\bin\main started by GGG in C:\Dev\WS_sts\cinelog)
2026-04-01 16:04:39 [restartedMain] INFO  com.example.CineLogApplication - No active profile set, falling back to 1 default profile: "default"
2026-04-01 16:04:39 [restartedMain] INFO  o.s.d.r.c.RepositoryConfigurationDelegate - Bootstrapping Spring Data JPA repositories in DEFAULT mode.
2026-04-01 16:04:39 [restartedMain] INFO  o.s.d.r.c.RepositoryConfigurationDelegate - Finished Spring Data repository scanning in 6 ms. Found 3 JPA repository interfaces.
2026-04-01 16:04:39 [restartedMain] WARN  o.s.b.w.s.s.c.AnnotationConfigServletWebServerApplicationContext - Exception encountered during context initialization - cancelling refresh attempt: org.springframework.beans.factory.BeanDefinitionStoreException: Could not enhance configuration class [com.example.config.SecurityConfig]. Consider declaring @Configuration(proxyBeanMethods=false) without inter-bean references between @Bean methods on the configuration class, avoiding the need for CGLIB enhancement.
2026-04-01 16:04:39 [restartedMain] INFO  o.s.b.a.l.ConditionEvaluationReportLogger - 

Error starting ApplicationContext. To display the condition evaluation report re-run your application with 'debug' enabled.
2026-04-01 16:04:39 [restartedMain] ERROR o.s.boot.SpringApplication - Application run failed
org.springframework.beans.factory.BeanDefinitionStoreException: Could not enhance configuration class [com.example.config.SecurityConfig]. Consider declaring @Configuration(proxyBeanMethods=false) without inter-bean references between @Bean methods on the configuration class, avoiding the need for CGLIB enhancement.
	at org.springframework.context.annotation.ConfigurationClassEnhancer.enhance(ConfigurationClassEnhancer.java:136)
	at org.springframework.context.annotation.ConfigurationClassPostProcessor.enhanceConfigurationClasses(ConfigurationClassPostProcessor.java:576)
	at org.springframework.context.annotation.ConfigurationClassPostProcessor.postProcessBeanFactory(ConfigurationClassPostProcessor.java:337)
	at org.springframework.context.support.PostProcessorRegistrationDelegate.invokeBeanFactoryPostProcessors(PostProcessorRegistrationDelegate.java:363)
	at org.springframework.context.support.PostProcessorRegistrationDelegate.invokeBeanFactoryPostProcessors(PostProcessorRegistrationDelegate.java:153)
	at org.springframework.context.support.AbstractApplicationContext.invokeBeanFactoryPostProcessors(AbstractApplicationContext.java:795)
	at org.springframework.context.support.AbstractApplicationContext.refresh(AbstractApplicationContext.java:603)
	at org.springframework.boot.web.server.servlet.context.ServletWebServerApplicationContext.refresh(ServletWebServerApplicationContext.java:143)
	at org.springframework.boot.SpringApplication.refresh(SpringApplication.java:756)
	at org.springframework.boot.SpringApplication.refreshContext(SpringApplication.java:445)
	at org.springframework.boot.SpringApplication.run(SpringApplication.java:321)
	at org.springframework.boot.SpringApplication.run(SpringApplication.java:1365)
	at org.springframework.boot.SpringApplication.run(SpringApplication.java:1354)
	at com.example.CineLogApplication.main(CineLogApplication.java:14)
	at java.base/jdk.internal.reflect.DirectMethodHandleAccessor.invoke(DirectMethodHandleAccessor.java:103)
	at java.base/java.lang.reflect.Method.invoke(Method.java:580)
	at org.springframework.boot.devtools.restart.RestartLauncher.run(RestartLauncher.java:52)
Caused by: org.springframework.cglib.core.CodeGenerationException: java.lang.NoClassDefFoundError-->MemberDetailsService
	at org.springframework.context.annotation.ConfigurationClassEnhancer.createClass(ConfigurationClassEnhancer.java:202)
	at org.springframework.context.annotation.ConfigurationClassEnhancer.enhance(ConfigurationClassEnhancer.java:128)
	... 16 common frames omitted
Caused by: java.lang.NoClassDefFoundError: MemberDetailsService
	at java.base/java.lang.Class.getDeclaredConstructors0(Native Method)
	at java.base/java.lang.Class.privateGetDeclaredConstructors(Class.java:3551)
	at java.base/java.lang.Class.getDeclaredConstructors(Class.java:2729)
	at org.springframework.cglib.proxy.Enhancer.generateClass(Enhancer.java:655)
	at org.springframework.cglib.transform.TransformingClassGenerator.generateClass(TransformingClassGenerator.java:35)
	at org.springframework.cglib.core.DefaultGeneratorStrategy.generate(DefaultGeneratorStrategy.java:26)
	at org.springframework.cglib.core.ClassLoaderAwareGeneratorStrategy.lambda$new$0(ClassLoaderAwareGeneratorStrategy.java:41)
	at org.springframework.cglib.core.ClassLoaderAwareGeneratorStrategy.generate(ClassLoaderAwareGeneratorStrategy.java:76)
	at org.springframework.cglib.core.AbstractClassGenerator.generate(AbstractClassGenerator.java:370)
	at org.springframework.cglib.proxy.Enhancer.generate(Enhancer.java:575)
	at org.springframework.cglib.core.AbstractClassGenerator$ClassLoaderData.get(AbstractClassGenerator.java:133)
	at org.springframework.cglib.core.AbstractClassGenerator.create(AbstractClassGenerator.java:321)
	at org.springframework.cglib.proxy.Enhancer.createHelper(Enhancer.java:562)
	at org.springframework.cglib.proxy.Enhancer.createClass(Enhancer.java:407)
	at org.springframework.context.annotation.ConfigurationClassEnhancer.createClass(ConfigurationClassEnhancer.java:198)
	... 17 common frames omitted
Caused by: java.lang.ClassNotFoundException: MemberDetailsService
	at java.base/jdk.internal.loader.BuiltinClassLoader.loadClass(BuiltinClassLoader.java:641)
	at java.base/jdk.internal.loader.ClassLoaders$AppClassLoader.loadClass(ClassLoaders.java:188)
	at java.base/java.lang.ClassLoader.loadClass(ClassLoader.java:526)
	at java.base/java.lang.Class.forName0(Native Method)
	at java.base/java.lang.Class.forName(Class.java:536)
	at java.base/java.lang.Class.forName(Class.java:515)
	at org.springframework.boot.devtools.restart.classloader.RestartClassLoader.loadClass(RestartClassLoader.java:123)
	at java.base/java.lang.ClassLoader.loadClass(ClassLoader.java:526)
	... 32 common frames omitted
2026-04-01 16:04:49 [restartedMain] INFO  com.example.CineLogApplication - Starting CineLogApplication using Java 21.0.10 with PID 10308 (C:\Dev\WS_sts\cinelog\bin\main started by GGG in C:\Dev\WS_sts\cinelog)
2026-04-01 16:04:49 [restartedMain] INFO  com.example.CineLogApplication - No active profile set, falling back to 1 default profile: "default"
2026-04-01 16:04:49 [restartedMain] INFO  o.s.d.r.c.RepositoryConfigurationDelegate - Bootstrapping Spring Data JPA repositories in DEFAULT mode.
2026-04-01 16:04:49 [restartedMain] INFO  o.s.d.r.c.RepositoryConfigurationDelegate - Finished Spring Data repository scanning in 6 ms. Found 3 JPA repository interfaces.
2026-04-01 16:04:49 [restartedMain] WARN  o.s.b.w.s.s.c.AnnotationConfigServletWebServerApplicationContext - Exception encountered during context initialization - cancelling refresh attempt: org.springframework.beans.factory.BeanDefinitionStoreException: Could not enhance configuration class [com.example.config.SecurityConfig]. Consider declaring @Configuration(proxyBeanMethods=false) without inter-bean references between @Bean methods on the configuration class, avoiding the need for CGLIB enhancement.
2026-04-01 16:04:49 [restartedMain] INFO  o.s.b.a.l.ConditionEvaluationReportLogger - 

Error starting ApplicationContext. To display the condition evaluation report re-run your application with 'debug' enabled.
2026-04-01 16:04:49 [restartedMain] ERROR o.s.boot.SpringApplication - Application run failed
org.springframework.beans.factory.BeanDefinitionStoreException: Could not enhance configuration class [com.example.config.SecurityConfig]. Consider declaring @Configuration(proxyBeanMethods=false) without inter-bean references between @Bean methods on the configuration class, avoiding the need for CGLIB enhancement.
	at org.springframework.context.annotation.ConfigurationClassEnhancer.enhance(ConfigurationClassEnhancer.java:136)
	at org.springframework.context.annotation.ConfigurationClassPostProcessor.enhanceConfigurationClasses(ConfigurationClassPostProcessor.java:576)
	at org.springframework.context.annotation.ConfigurationClassPostProcessor.postProcessBeanFactory(ConfigurationClassPostProcessor.java:337)
	at org.springframework.context.support.PostProcessorRegistrationDelegate.invokeBeanFactoryPostProcessors(PostProcessorRegistrationDelegate.java:363)
	at org.springframework.context.support.PostProcessorRegistrationDelegate.invokeBeanFactoryPostProcessors(PostProcessorRegistrationDelegate.java:153)
	at org.springframework.context.support.AbstractApplicationContext.invokeBeanFactoryPostProcessors(AbstractApplicationContext.java:795)
	at org.springframework.context.support.AbstractApplicationContext.refresh(AbstractApplicationContext.java:603)
	at org.springframework.boot.web.server.servlet.context.ServletWebServerApplicationContext.refresh(ServletWebServerApplicationContext.java:143)
	at org.springframework.boot.SpringApplication.refresh(SpringApplication.java:756)
	at org.springframework.boot.SpringApplication.refreshContext(SpringApplication.java:445)
	at org.springframework.boot.SpringApplication.run(SpringApplication.java:321)
	at org.springframework.boot.SpringApplication.run(SpringApplication.java:1365)
	at org.springframework.boot.SpringApplication.run(SpringApplication.java:1354)
	at com.example.CineLogApplication.main(CineLogApplication.java:14)
	at java.base/jdk.internal.reflect.DirectMethodHandleAccessor.invoke(DirectMethodHandleAccessor.java:103)
	at java.base/java.lang.reflect.Method.invoke(Method.java:580)
	at org.springframework.boot.devtools.restart.RestartLauncher.run(RestartLauncher.java:52)
Caused by: org.springframework.cglib.core.CodeGenerationException: java.lang.NoClassDefFoundError-->MemberDetailsService
	at org.springframework.context.annotation.ConfigurationClassEnhancer.createClass(ConfigurationClassEnhancer.java:202)
	at org.springframework.context.annotation.ConfigurationClassEnhancer.enhance(ConfigurationClassEnhancer.java:128)
	... 16 common frames omitted
Caused by: java.lang.NoClassDefFoundError: MemberDetailsService
	at java.base/java.lang.Class.getDeclaredConstructors0(Native Method)
	at java.base/java.lang.Class.privateGetDeclaredConstructors(Class.java:3551)
	at java.base/java.lang.Class.getDeclaredConstructors(Class.java:2729)
	at org.springframework.cglib.proxy.Enhancer.generateClass(Enhancer.java:655)
	at org.springframework.cglib.transform.TransformingClassGenerator.generateClass(TransformingClassGenerator.java:35)
	at org.springframework.cglib.core.DefaultGeneratorStrategy.generate(DefaultGeneratorStrategy.java:26)
	at org.springframework.cglib.core.ClassLoaderAwareGeneratorStrategy.lambda$new$0(ClassLoaderAwareGeneratorStrategy.java:41)
	at org.springframework.cglib.core.ClassLoaderAwareGeneratorStrategy.generate(ClassLoaderAwareGeneratorStrategy.java:76)
	at org.springframework.cglib.core.AbstractClassGenerator.generate(AbstractClassGenerator.java:370)
	at org.springframework.cglib.proxy.Enhancer.generate(Enhancer.java:575)
	at org.springframework.cglib.core.AbstractClassGenerator$ClassLoaderData.get(AbstractClassGenerator.java:133)
	at org.springframework.cglib.core.AbstractClassGenerator.create(AbstractClassGenerator.java:321)
	at org.springframework.cglib.proxy.Enhancer.createHelper(Enhancer.java:562)
	at org.springframework.cglib.proxy.Enhancer.createClass(Enhancer.java:407)
	at org.springframework.context.annotation.ConfigurationClassEnhancer.createClass(ConfigurationClassEnhancer.java:198)
	... 17 common frames omitted
Caused by: java.lang.ClassNotFoundException: MemberDetailsService
	at java.base/jdk.internal.loader.BuiltinClassLoader.loadClass(BuiltinClassLoader.java:641)
	at java.base/jdk.internal.loader.ClassLoaders$AppClassLoader.loadClass(ClassLoaders.java:188)
	at java.base/java.lang.ClassLoader.loadClass(ClassLoader.java:526)
	at java.base/java.lang.Class.forName0(Native Method)
	at java.base/java.lang.Class.forName(Class.java:536)
	at java.base/java.lang.Class.forName(Class.java:515)
	at org.springframework.boot.devtools.restart.classloader.RestartClassLoader.loadClass(RestartClassLoader.java:123)
	at java.base/java.lang.ClassLoader.loadClass(ClassLoader.java:526)
	... 32 common frames omitted
2026-04-01 16:04:56 [restartedMain] INFO  com.example.CineLogApplication - Starting CineLogApplication using Java 21.0.10 with PID 10308 (C:\Dev\WS_sts\cinelog\bin\main started by GGG in C:\Dev\WS_sts\cinelog)
2026-04-01 16:04:56 [restartedMain] INFO  com.example.CineLogApplication - No active profile set, falling back to 1 default profile: "default"
2026-04-01 16:04:57 [restartedMain] INFO  o.s.d.r.c.RepositoryConfigurationDelegate - Bootstrapping Spring Data JPA repositories in DEFAULT mode.
2026-04-01 16:04:57 [restartedMain] INFO  o.s.d.r.c.RepositoryConfigurationDelegate - Finished Spring Data repository scanning in 7 ms. Found 3 JPA repository interfaces.
2026-04-01 16:04:57 [restartedMain] WARN  o.s.b.w.s.s.c.AnnotationConfigServletWebServerApplicationContext - Exception encountered during context initialization - cancelling refresh attempt: org.springframework.beans.factory.BeanDefinitionStoreException: Could not enhance configuration class [com.example.config.SecurityConfig]. Consider declaring @Configuration(proxyBeanMethods=false) without inter-bean references between @Bean methods on the configuration class, avoiding the need for CGLIB enhancement.
2026-04-01 16:04:57 [restartedMain] INFO  o.s.b.a.l.ConditionEvaluationReportLogger - 

Error starting ApplicationContext. To display the condition evaluation report re-run your application with 'debug' enabled.
2026-04-01 16:04:57 [restartedMain] ERROR o.s.boot.SpringApplication - Application run failed
org.springframework.beans.factory.BeanDefinitionStoreException: Could not enhance configuration class [com.example.config.SecurityConfig]. Consider declaring @Configuration(proxyBeanMethods=false) without inter-bean references between @Bean methods on the configuration class, avoiding the need for CGLIB enhancement.
	at org.springframework.context.annotation.ConfigurationClassEnhancer.enhance(ConfigurationClassEnhancer.java:136)
	at org.springframework.context.annotation.ConfigurationClassPostProcessor.enhanceConfigurationClasses(ConfigurationClassPostProcessor.java:576)
	at org.springframework.context.annotation.ConfigurationClassPostProcessor.postProcessBeanFactory(ConfigurationClassPostProcessor.java:337)
	at org.springframework.context.support.PostProcessorRegistrationDelegate.invokeBeanFactoryPostProcessors(PostProcessorRegistrationDelegate.java:363)
	at org.springframework.context.support.PostProcessorRegistrationDelegate.invokeBeanFactoryPostProcessors(PostProcessorRegistrationDelegate.java:153)
	at org.springframework.context.support.AbstractApplicationContext.invokeBeanFactoryPostProcessors(AbstractApplicationContext.java:795)
	at org.springframework.context.support.AbstractApplicationContext.refresh(AbstractApplicationContext.java:603)
	at org.springframework.boot.web.server.servlet.context.ServletWebServerApplicationContext.refresh(ServletWebServerApplicationContext.java:143)
	at org.springframework.boot.SpringApplication.refresh(SpringApplication.java:756)
	at org.springframework.boot.SpringApplication.refreshContext(SpringApplication.java:445)
	at org.springframework.boot.SpringApplication.run(SpringApplication.java:321)
	at org.springframework.boot.SpringApplication.run(SpringApplication.java:1365)
	at org.springframework.boot.SpringApplication.run(SpringApplication.java:1354)
	at com.example.CineLogApplication.main(CineLogApplication.java:14)
	at java.base/jdk.internal.reflect.DirectMethodHandleAccessor.invoke(DirectMethodHandleAccessor.java:103)
	at java.base/java.lang.reflect.Method.invoke(Method.java:580)
	at org.springframework.boot.devtools.restart.RestartLauncher.run(RestartLauncher.java:52)
Caused by: org.springframework.cglib.core.CodeGenerationException: java.lang.NoClassDefFoundError-->MemberDetailsService
	at org.springframework.context.annotation.ConfigurationClassEnhancer.createClass(ConfigurationClassEnhancer.java:202)
	at org.springframework.context.annotation.ConfigurationClassEnhancer.enhance(ConfigurationClassEnhancer.java:128)
	... 16 common frames omitted
Caused by: java.lang.NoClassDefFoundError: MemberDetailsService
	at java.base/java.lang.Class.getDeclaredConstructors0(Native Method)
	at java.base/java.lang.Class.privateGetDeclaredConstructors(Class.java:3551)
	at java.base/java.lang.Class.getDeclaredConstructors(Class.java:2729)
	at org.springframework.cglib.proxy.Enhancer.generateClass(Enhancer.java:655)
	at org.springframework.cglib.transform.TransformingClassGenerator.generateClass(TransformingClassGenerator.java:35)
	at org.springframework.cglib.core.DefaultGeneratorStrategy.generate(DefaultGeneratorStrategy.java:26)
	at org.springframework.cglib.core.ClassLoaderAwareGeneratorStrategy.lambda$new$0(ClassLoaderAwareGeneratorStrategy.java:41)
	at org.springframework.cglib.core.ClassLoaderAwareGeneratorStrategy.generate(ClassLoaderAwareGeneratorStrategy.java:76)
	at org.springframework.cglib.core.AbstractClassGenerator.generate(AbstractClassGenerator.java:370)
	at org.springframework.cglib.proxy.Enhancer.generate(Enhancer.java:575)
	at org.springframework.cglib.core.AbstractClassGenerator$ClassLoaderData.get(AbstractClassGenerator.java:133)
	at org.springframework.cglib.core.AbstractClassGenerator.create(AbstractClassGenerator.java:321)
	at org.springframework.cglib.proxy.Enhancer.createHelper(Enhancer.java:562)
	at org.springframework.cglib.proxy.Enhancer.createClass(Enhancer.java:407)
	at org.springframework.context.annotation.ConfigurationClassEnhancer.createClass(ConfigurationClassEnhancer.java:198)
	... 17 common frames omitted
Caused by: java.lang.ClassNotFoundException: MemberDetailsService
	at java.base/jdk.internal.loader.BuiltinClassLoader.loadClass(BuiltinClassLoader.java:641)
	at java.base/jdk.internal.loader.ClassLoaders$AppClassLoader.loadClass(ClassLoaders.java:188)
	at java.base/java.lang.ClassLoader.loadClass(ClassLoader.java:526)
	at java.base/java.lang.Class.forName0(Native Method)
	at java.base/java.lang.Class.forName(Class.java:536)
	at java.base/java.lang.Class.forName(Class.java:515)
	at org.springframework.boot.devtools.restart.classloader.RestartClassLoader.loadClass(RestartClassLoader.java:123)
	at java.base/java.lang.ClassLoader.loadClass(ClassLoader.java:526)
	... 32 common frames omitted
2026-04-01 16:05:13 [restartedMain] INFO  com.example.CineLogApplication - Starting CineLogApplication using Java 21.0.10 with PID 10308 (C:\Dev\WS_sts\cinelog\bin\main started by GGG in C:\Dev\WS_sts\cinelog)
2026-04-01 16:05:13 [restartedMain] INFO  com.example.CineLogApplication - No active profile set, falling back to 1 default profile: "default"
2026-04-01 16:05:13 [restartedMain] INFO  o.s.d.r.c.RepositoryConfigurationDelegate - Bootstrapping Spring Data JPA repositories in DEFAULT mode.
2026-04-01 16:05:13 [restartedMain] INFO  o.s.d.r.c.RepositoryConfigurationDelegate - Finished Spring Data repository scanning in 7 ms. Found 3 JPA repository interfaces.
2026-04-01 16:05:13 [restartedMain] WARN  o.s.b.w.s.s.c.AnnotationConfigServletWebServerApplicationContext - Exception encountered during context initialization - cancelling refresh attempt: org.springframework.beans.factory.BeanDefinitionStoreException: Could not enhance configuration class [com.example.config.SecurityConfig]. Consider declaring @Configuration(proxyBeanMethods=false) without inter-bean references between @Bean methods on the configuration class, avoiding the need for CGLIB enhancement.
2026-04-01 16:05:13 [restartedMain] INFO  o.s.b.a.l.ConditionEvaluationReportLogger - 

Error starting ApplicationContext. To display the condition evaluation report re-run your application with 'debug' enabled.
2026-04-01 16:05:13 [restartedMain] ERROR o.s.boot.SpringApplication - Application run failed
org.springframework.beans.factory.BeanDefinitionStoreException: Could not enhance configuration class [com.example.config.SecurityConfig]. Consider declaring @Configuration(proxyBeanMethods=false) without inter-bean references between @Bean methods on the configuration class, avoiding the need for CGLIB enhancement.
	at org.springframework.context.annotation.ConfigurationClassEnhancer.enhance(ConfigurationClassEnhancer.java:136)
	at org.springframework.context.annotation.ConfigurationClassPostProcessor.enhanceConfigurationClasses(ConfigurationClassPostProcessor.java:576)
	at org.springframework.context.annotation.ConfigurationClassPostProcessor.postProcessBeanFactory(ConfigurationClassPostProcessor.java:337)
	at org.springframework.context.support.PostProcessorRegistrationDelegate.invokeBeanFactoryPostProcessors(PostProcessorRegistrationDelegate.java:363)
	at org.springframework.context.support.PostProcessorRegistrationDelegate.invokeBeanFactoryPostProcessors(PostProcessorRegistrationDelegate.java:153)
	at org.springframework.context.support.AbstractApplicationContext.invokeBeanFactoryPostProcessors(AbstractApplicationContext.java:795)
	at org.springframework.context.support.AbstractApplicationContext.refresh(AbstractApplicationContext.java:603)
	at org.springframework.boot.web.server.servlet.context.ServletWebServerApplicationContext.refresh(ServletWebServerApplicationContext.java:143)
	at org.springframework.boot.SpringApplication.refresh(SpringApplication.java:756)
	at org.springframework.boot.SpringApplication.refreshContext(SpringApplication.java:445)
	at org.springframework.boot.SpringApplication.run(SpringApplication.java:321)
	at org.springframework.boot.SpringApplication.run(SpringApplication.java:1365)
	at org.springframework.boot.SpringApplication.run(SpringApplication.java:1354)
	at com.example.CineLogApplication.main(CineLogApplication.java:14)
	at java.base/jdk.internal.reflect.DirectMethodHandleAccessor.invoke(DirectMethodHandleAccessor.java:103)
	at java.base/java.lang.reflect.Method.invoke(Method.java:580)
	at org.springframework.boot.devtools.restart.RestartLauncher.run(RestartLauncher.java:52)
Caused by: org.springframework.cglib.core.CodeGenerationException: java.lang.NoClassDefFoundError-->MemberDetailsService
	at org.springframework.context.annotation.ConfigurationClassEnhancer.createClass(ConfigurationClassEnhancer.java:202)
	at org.springframework.context.annotation.ConfigurationClassEnhancer.enhance(ConfigurationClassEnhancer.java:128)
	... 16 common frames omitted
Caused by: java.lang.NoClassDefFoundError: MemberDetailsService
	at java.base/java.lang.Class.getDeclaredConstructors0(Native Method)
	at java.base/java.lang.Class.privateGetDeclaredConstructors(Class.java:3551)
	at java.base/java.lang.Class.getDeclaredConstructors(Class.java:2729)
	at org.springframework.cglib.proxy.Enhancer.generateClass(Enhancer.java:655)
	at org.springframework.cglib.transform.TransformingClassGenerator.generateClass(TransformingClassGenerator.java:35)
	at org.springframework.cglib.core.DefaultGeneratorStrategy.generate(DefaultGeneratorStrategy.java:26)
	at org.springframework.cglib.core.ClassLoaderAwareGeneratorStrategy.lambda$new$0(ClassLoaderAwareGeneratorStrategy.java:41)
	at org.springframework.cglib.core.ClassLoaderAwareGeneratorStrategy.generate(ClassLoaderAwareGeneratorStrategy.java:76)
	at org.springframework.cglib.core.AbstractClassGenerator.generate(AbstractClassGenerator.java:370)
	at org.springframework.cglib.proxy.Enhancer.generate(Enhancer.java:575)
	at org.springframework.cglib.core.AbstractClassGenerator$ClassLoaderData.get(AbstractClassGenerator.java:133)
	at org.springframework.cglib.core.AbstractClassGenerator.create(AbstractClassGenerator.java:321)
	at org.springframework.cglib.proxy.Enhancer.createHelper(Enhancer.java:562)
	at org.springframework.cglib.proxy.Enhancer.createClass(Enhancer.java:407)
	at org.springframework.context.annotation.ConfigurationClassEnhancer.createClass(ConfigurationClassEnhancer.java:198)
	... 17 common frames omitted
Caused by: java.lang.ClassNotFoundException: MemberDetailsService
	at java.base/jdk.internal.loader.BuiltinClassLoader.loadClass(BuiltinClassLoader.java:641)
	at java.base/jdk.internal.loader.ClassLoaders$AppClassLoader.loadClass(ClassLoaders.java:188)
	at java.base/java.lang.ClassLoader.loadClass(ClassLoader.java:526)
	at java.base/java.lang.Class.forName0(Native Method)
	at java.base/java.lang.Class.forName(Class.java:536)
	at java.base/java.lang.Class.forName(Class.java:515)
	at org.springframework.boot.devtools.restart.classloader.RestartClassLoader.loadClass(RestartClassLoader.java:123)
	at java.base/java.lang.ClassLoader.loadClass(ClassLoader.java:526)
	... 32 common frames omitted
2026-04-01 16:05:25 [restartedMain] INFO  com.example.CineLogApplication - Starting CineLogApplication using Java 21.0.10 with PID 10308 (C:\Dev\WS_sts\cinelog\bin\main started by GGG in C:\Dev\WS_sts\cinelog)
2026-04-01 16:05:25 [restartedMain] INFO  com.example.CineLogApplication - No active profile set, falling back to 1 default profile: "default"
2026-04-01 16:05:25 [restartedMain] INFO  o.s.d.r.c.RepositoryConfigurationDelegate - Bootstrapping Spring Data JPA repositories in DEFAULT mode.
2026-04-01 16:05:25 [restartedMain] INFO  o.s.d.r.c.RepositoryConfigurationDelegate - Finished Spring Data repository scanning in 7 ms. Found 3 JPA repository interfaces.
2026-04-01 16:05:25 [restartedMain] INFO  o.s.boot.tomcat.TomcatWebServer - Tomcat initialized with port 8092 (http)
2026-04-01 16:05:25 [restartedMain] INFO  o.a.coyote.http11.Http11NioProtocol - Initializing ProtocolHandler ["http-nio-8092"]
2026-04-01 16:05:25 [restartedMain] INFO  o.a.catalina.core.StandardService - Starting service [Tomcat]
2026-04-01 16:05:25 [restartedMain] INFO  o.a.catalina.core.StandardEngine - Starting Servlet engine: [Apache Tomcat/11.0.20]
2026-04-01 16:05:25 [restartedMain] INFO  o.s.b.w.c.s.WebApplicationContextInitializer - Root WebApplicationContext: initialization completed in 185 ms
2026-04-01 16:05:25 [restartedMain] INFO  org.hibernate.orm.jpa - HHH008540: Processing PersistenceUnitInfo [name: default]
2026-04-01 16:05:25 [restartedMain] INFO  o.s.o.j.p.SpringPersistenceUnitInfo - No LoadTimeWeaver setup: ignoring JPA class transformer
2026-04-01 16:05:25 [restartedMain] INFO  com.zaxxer.hikari.HikariDataSource - HikariPool-28 - Starting...
2026-04-01 16:05:25 [restartedMain] INFO  com.zaxxer.hikari.pool.HikariPool - HikariPool-28 - Added connection oracle.jdbc.driver.T4CConnection@525e97ee
2026-04-01 16:05:25 [restartedMain] INFO  com.zaxxer.hikari.HikariDataSource - HikariPool-28 - Start completed.
2026-04-01 16:05:25 [restartedMain] WARN  org.hibernate.orm.jdbc - HHH100123: Low default JDBC fetch size: 10 (consider setting 'hibernate.jdbc.fetch_size')
2026-04-01 16:05:25 [restartedMain] INFO  o.hibernate.orm.connections.pooling - HHH10001005: Database info:
	Database JDBC URL [jdbc:oracle:thin:@//localhost:1521/testdb]
	Database driver: Oracle JDBC driver
	Database dialect: OracleDialect
	Database version: 19.3
	Default catalog/schema: undefined/GREEN
	Autocommit mode: undefined/unknown
	Isolation level: READ_COMMITTED [default READ_COMMITTED]
	JDBC fetch size: 10
	Pool: DataSourceConnectionProvider
	Minimum pool size: undefined/unknown
	Maximum pool size: undefined/unknown
2026-04-01 16:05:25 [restartedMain] INFO  org.hibernate.orm.core - HHH000489: No JTA platform available (set 'hibernate.transaction.jta.platform' to enable JTA platform integration)
2026-04-01 16:05:25 [restartedMain] INFO  o.s.o.j.LocalContainerEntityManagerFactoryBean - Initialized JPA EntityManagerFactory for persistence unit 'default'
2026-04-01 16:05:25 [restartedMain] WARN  o.s.b.w.s.s.c.AnnotationConfigServletWebServerApplicationContext - Exception encountered during context initialization - cancelling refresh attempt: org.springframework.beans.factory.UnsatisfiedDependencyException: Error creating bean with name 'movieController' defined in file [C:\Dev\WS_sts\cinelog\bin\main\com\example\controller\MovieController.class]: Unsatisfied dependency expressed through constructor parameter 0: Error creating bean with name 'movieService': Resolution of declared constructors on bean Class [com.example.service.MovieService] from ClassLoader [org.springframework.boot.devtools.restart.classloader.RestartClassLoader@436c6a65] failed
2026-04-01 16:05:25 [restartedMain] INFO  o.s.o.j.LocalContainerEntityManagerFactoryBean - Closing JPA EntityManagerFactory for persistence unit 'default'
2026-04-01 16:05:25 [restartedMain] INFO  com.zaxxer.hikari.HikariDataSource - HikariPool-28 - Shutdown initiated...
2026-04-01 16:05:25 [restartedMain] INFO  com.zaxxer.hikari.HikariDataSource - HikariPool-28 - Shutdown completed.
2026-04-01 16:05:25 [restartedMain] INFO  o.a.catalina.core.StandardService - Stopping service [Tomcat]
2026-04-01 16:05:25 [restartedMain] INFO  o.s.b.a.l.ConditionEvaluationReportLogger - 

Error starting ApplicationContext. To display the condition evaluation report re-run your application with 'debug' enabled.
2026-04-01 16:05:25 [restartedMain] ERROR o.s.boot.SpringApplication - Application run failed
org.springframework.beans.factory.UnsatisfiedDependencyException: Error creating bean with name 'movieController' defined in file [C:\Dev\WS_sts\cinelog\bin\main\com\example\controller\MovieController.class]: Unsatisfied dependency expressed through constructor parameter 0: Error creating bean with name 'movieService': Resolution of declared constructors on bean Class [com.example.service.MovieService] from ClassLoader [org.springframework.boot.devtools.restart.classloader.RestartClassLoader@436c6a65] failed
	at org.springframework.beans.factory.support.ConstructorResolver.createArgumentArray(ConstructorResolver.java:804)
	at org.springframework.beans.factory.support.ConstructorResolver.autowireConstructor(ConstructorResolver.java:240)
	at org.springframework.beans.factory.support.AbstractAutowireCapableBeanFactory.autowireConstructor(AbstractAutowireCapableBeanFactory.java:1382)
	at org.springframework.beans.factory.support.AbstractAutowireCapableBeanFactory.createBeanInstance(AbstractAutowireCapableBeanFactory.java:1221)
	at org.springframework.beans.factory.support.AbstractAutowireCapableBeanFactory.doCreateBean(AbstractAutowireCapableBeanFactory.java:565)
	at org.springframework.beans.factory.support.AbstractAutowireCapableBeanFactory.createBean(AbstractAutowireCapableBeanFactory.java:525)
	at org.springframework.beans.factory.support.AbstractBeanFactory.lambda$doGetBean$0(AbstractBeanFactory.java:333)
	at org.springframework.beans.factory.support.DefaultSingletonBeanRegistry.getSingleton(DefaultSingletonBeanRegistry.java:371)
	at org.springframework.beans.factory.support.AbstractBeanFactory.doGetBean(AbstractBeanFactory.java:331)
	at org.springframework.beans.factory.support.AbstractBeanFactory.getBean(AbstractBeanFactory.java:196)
	at org.springframework.beans.factory.support.DefaultListableBeanFactory.instantiateSingleton(DefaultListableBeanFactory.java:1218)
	at org.springframework.beans.factory.support.DefaultListableBeanFactory.preInstantiateSingleton(DefaultListableBeanFactory.java:1184)
	at org.springframework.beans.factory.support.DefaultListableBeanFactory.preInstantiateSingletons(DefaultListableBeanFactory.java:1121)
	at org.springframework.context.support.AbstractApplicationContext.finishBeanFactoryInitialization(AbstractApplicationContext.java:994)
	at org.springframework.context.support.AbstractApplicationContext.refresh(AbstractApplicationContext.java:621)
	at org.springframework.boot.web.server.servlet.context.ServletWebServerApplicationContext.refresh(ServletWebServerApplicationContext.java:143)
	at org.springframework.boot.SpringApplication.refresh(SpringApplication.java:756)
	at org.springframework.boot.SpringApplication.refreshContext(SpringApplication.java:445)
	at org.springframework.boot.SpringApplication.run(SpringApplication.java:321)
	at org.springframework.boot.SpringApplication.run(SpringApplication.java:1365)
	at org.springframework.boot.SpringApplication.run(SpringApplication.java:1354)
	at com.example.CineLogApplication.main(CineLogApplication.java:14)
	at java.base/jdk.internal.reflect.DirectMethodHandleAccessor.invoke(DirectMethodHandleAccessor.java:103)
	at java.base/java.lang.reflect.Method.invoke(Method.java:580)
	at org.springframework.boot.devtools.restart.RestartLauncher.run(RestartLauncher.java:52)
Caused by: org.springframework.beans.factory.BeanCreationException: Error creating bean with name 'movieService': Resolution of declared constructors on bean Class [com.example.service.MovieService] from ClassLoader [org.springframework.boot.devtools.restart.classloader.RestartClassLoader@436c6a65] failed
	at org.springframework.beans.factory.annotation.AutowiredAnnotationBeanPostProcessor.determineCandidateConstructors(AutowiredAnnotationBeanPostProcessor.java:368)
	at org.springframework.beans.factory.support.AbstractAutowireCapableBeanFactory.determineConstructorsFromBeanPostProcessors(AbstractAutowireCapableBeanFactory.java:1321)
	at org.springframework.beans.factory.support.AbstractAutowireCapableBeanFactory.createBeanInstance(AbstractAutowireCapableBeanFactory.java:1218)
	at org.springframework.beans.factory.support.AbstractAutowireCapableBeanFactory.doCreateBean(AbstractAutowireCapableBeanFactory.java:565)
	at org.springframework.beans.factory.support.AbstractAutowireCapableBeanFactory.createBean(AbstractAutowireCapableBeanFactory.java:525)
	at org.springframework.beans.factory.support.AbstractBeanFactory.lambda$doGetBean$0(AbstractBeanFactory.java:333)
	at org.springframework.beans.factory.support.DefaultSingletonBeanRegistry.getSingleton(DefaultSingletonBeanRegistry.java:371)
	at org.springframework.beans.factory.support.AbstractBeanFactory.doGetBean(AbstractBeanFactory.java:331)
	at org.springframework.beans.factory.support.AbstractBeanFactory.getBean(AbstractBeanFactory.java:201)
	at org.springframework.beans.factory.support.DefaultListableBeanFactory.resolveBean(DefaultListableBeanFactory.java:1225)
	at org.springframework.beans.factory.support.DefaultListableBeanFactory.doResolveDependency(DefaultListableBeanFactory.java:1704)
	at org.springframework.beans.factory.support.DefaultListableBeanFactory.resolveDependency(DefaultListableBeanFactory.java:1651)
	at org.springframework.beans.factory.support.ConstructorResolver.resolveAutowiredArgument(ConstructorResolver.java:912)
	at org.springframework.beans.factory.support.ConstructorResolver.createArgumentArray(ConstructorResolver.java:791)
	... 24 common frames omitted
Caused by: java.lang.NoClassDefFoundError: FileService
	at java.base/java.lang.Class.getDeclaredConstructors0(Native Method)
	at java.base/java.lang.Class.privateGetDeclaredConstructors(Class.java:3551)
	at java.base/java.lang.Class.getDeclaredConstructors(Class.java:2729)
	at org.springframework.beans.factory.annotation.AutowiredAnnotationBeanPostProcessor.determineCandidateConstructors(AutowiredAnnotationBeanPostProcessor.java:363)
	... 37 common frames omitted
Caused by: java.lang.ClassNotFoundException: FileService
	at java.base/jdk.internal.loader.BuiltinClassLoader.loadClass(BuiltinClassLoader.java:641)
	at java.base/jdk.internal.loader.ClassLoaders$AppClassLoader.loadClass(ClassLoaders.java:188)
	at java.base/java.lang.ClassLoader.loadClass(ClassLoader.java:526)
	at java.base/java.lang.Class.forName0(Native Method)
	at java.base/java.lang.Class.forName(Class.java:536)
	at java.base/java.lang.Class.forName(Class.java:515)
	at org.springframework.boot.devtools.restart.classloader.RestartClassLoader.loadClass(RestartClassLoader.java:123)
	at java.base/java.lang.ClassLoader.loadClass(ClassLoader.java:526)
	... 41 common frames omitted
2026-04-01 16:05:37 [restartedMain] INFO  com.example.CineLogApplication - Starting CineLogApplication using Java 21.0.10 with PID 10308 (C:\Dev\WS_sts\cinelog\bin\main started by GGG in C:\Dev\WS_sts\cinelog)
2026-04-01 16:05:37 [restartedMain] INFO  com.example.CineLogApplication - No active profile set, falling back to 1 default profile: "default"
2026-04-01 16:05:37 [restartedMain] INFO  o.s.d.r.c.RepositoryConfigurationDelegate - Bootstrapping Spring Data JPA repositories in DEFAULT mode.
2026-04-01 16:05:37 [restartedMain] INFO  o.s.d.r.c.RepositoryConfigurationDelegate - Finished Spring Data repository scanning in 7 ms. Found 3 JPA repository interfaces.
2026-04-01 16:05:37 [restartedMain] INFO  o.s.boot.tomcat.TomcatWebServer - Tomcat initialized with port 8092 (http)
2026-04-01 16:05:37 [restartedMain] INFO  o.a.coyote.http11.Http11NioProtocol - Initializing ProtocolHandler ["http-nio-8092"]
2026-04-01 16:05:37 [restartedMain] INFO  o.a.catalina.core.StandardService - Starting service [Tomcat]
2026-04-01 16:05:37 [restartedMain] INFO  o.a.catalina.core.StandardEngine - Starting Servlet engine: [Apache Tomcat/11.0.20]
2026-04-01 16:05:37 [restartedMain] INFO  o.s.b.w.c.s.WebApplicationContextInitializer - Root WebApplicationContext: initialization completed in 187 ms
2026-04-01 16:05:37 [restartedMain] INFO  org.hibernate.orm.jpa - HHH008540: Processing PersistenceUnitInfo [name: default]
2026-04-01 16:05:37 [restartedMain] INFO  o.s.o.j.p.SpringPersistenceUnitInfo - No LoadTimeWeaver setup: ignoring JPA class transformer
2026-04-01 16:05:37 [restartedMain] INFO  com.zaxxer.hikari.HikariDataSource - HikariPool-29 - Starting...
2026-04-01 16:05:37 [restartedMain] INFO  com.zaxxer.hikari.pool.HikariPool - HikariPool-29 - Added connection oracle.jdbc.driver.T4CConnection@4262d19e
2026-04-01 16:05:37 [restartedMain] INFO  com.zaxxer.hikari.HikariDataSource - HikariPool-29 - Start completed.
2026-04-01 16:05:37 [restartedMain] WARN  org.hibernate.orm.jdbc - HHH100123: Low default JDBC fetch size: 10 (consider setting 'hibernate.jdbc.fetch_size')
2026-04-01 16:05:37 [restartedMain] INFO  o.hibernate.orm.connections.pooling - HHH10001005: Database info:
	Database JDBC URL [jdbc:oracle:thin:@//localhost:1521/testdb]
	Database driver: Oracle JDBC driver
	Database dialect: OracleDialect
	Database version: 19.3
	Default catalog/schema: undefined/GREEN
	Autocommit mode: undefined/unknown
	Isolation level: READ_COMMITTED [default READ_COMMITTED]
	JDBC fetch size: 10
	Pool: DataSourceConnectionProvider
	Minimum pool size: undefined/unknown
	Maximum pool size: undefined/unknown
2026-04-01 16:05:37 [restartedMain] INFO  org.hibernate.orm.core - HHH000489: No JTA platform available (set 'hibernate.transaction.jta.platform' to enable JTA platform integration)
2026-04-01 16:05:37 [restartedMain] INFO  o.s.o.j.LocalContainerEntityManagerFactoryBean - Initialized JPA EntityManagerFactory for persistence unit 'default'
2026-04-01 16:05:37 [restartedMain] WARN  o.s.b.j.a.JpaBaseConfiguration$JpaWebConfiguration - spring.jpa.open-in-view is enabled by default. Therefore, database queries may be performed during view rendering. Explicitly configure spring.jpa.open-in-view to disable this warning
2026-04-01 16:05:37 [restartedMain] INFO  o.s.s.c.a.a.c.InitializeUserDetailsBeanManagerConfigurer$InitializeUserDetailsManagerConfigurer - Global AuthenticationManager configured with UserDetailsService bean with name memberDetailsService
2026-04-01 16:05:38 [restartedMain] INFO  o.s.b.w.a.WelcomePageHandlerMapping - Adding welcome page template: index
2026-04-01 16:05:38 [restartedMain] INFO  o.a.coyote.http11.Http11NioProtocol - Starting ProtocolHandler ["http-nio-8092"]
2026-04-01 16:05:38 [restartedMain] INFO  o.s.boot.tomcat.TomcatWebServer - Tomcat started on port 8092 (http) with context path '/'
2026-04-01 16:05:38 [restartedMain] INFO  com.example.CineLogApplication - Started CineLogApplication in 0.619 seconds (process running for 1943.958)
2026-04-01 16:05:38 [restartedMain] INFO  o.s.b.d.a.ConditionEvaluationDeltaLoggingListener - Condition evaluation unchanged
2026-04-01 16:08:23 [File Watcher] INFO  o.s.b.d.a.LocalDevToolsAutoConfiguration$RestartingClassPathChangeChangedEventListener - Restarting due to 1 class path change (0 additions, 0 deletions, 1 modification)
2026-04-01 16:08:23 [Thread-88] INFO  o.s.boot.tomcat.GracefulShutdown - Commencing graceful shutdown. Waiting for active requests to complete
2026-04-01 16:08:23 [tomcat-shutdown] INFO  o.a.coyote.http11.Http11NioProtocol - Pausing ProtocolHandler ["http-nio-8092"]
2026-04-01 16:08:23 [tomcat-shutdown] INFO  o.s.boot.tomcat.GracefulShutdown - Graceful shutdown complete
2026-04-01 16:08:23 [Thread-88] INFO  o.a.coyote.http11.Http11NioProtocol - Stopping ProtocolHandler ["http-nio-8092"]
2026-04-01 16:08:23 [Thread-88] INFO  o.s.o.j.LocalContainerEntityManagerFactoryBean - Closing JPA EntityManagerFactory for persistence unit 'default'
2026-04-01 16:08:23 [Thread-88] INFO  com.zaxxer.hikari.HikariDataSource - HikariPool-29 - Shutdown initiated...
2026-04-01 16:08:23 [Thread-88] INFO  com.zaxxer.hikari.HikariDataSource - HikariPool-29 - Shutdown completed.
2026-04-01 16:08:23 [restartedMain] INFO  com.example.CineLogApplication - Starting CineLogApplication using Java 21.0.10 with PID 10308 (C:\Dev\WS_sts\cinelog\bin\main started by GGG in C:\Dev\WS_sts\cinelog)
2026-04-01 16:08:23 [restartedMain] INFO  com.example.CineLogApplication - No active profile set, falling back to 1 default profile: "default"
2026-04-01 16:08:23 [restartedMain] INFO  o.s.d.r.c.RepositoryConfigurationDelegate - Bootstrapping Spring Data JPA repositories in DEFAULT mode.
2026-04-01 16:08:23 [restartedMain] INFO  o.s.d.r.c.RepositoryConfigurationDelegate - Finished Spring Data repository scanning in 7 ms. Found 3 JPA repository interfaces.
2026-04-01 16:08:23 [restartedMain] INFO  o.s.boot.tomcat.TomcatWebServer - Tomcat initialized with port 8092 (http)
2026-04-01 16:08:23 [restartedMain] INFO  o.a.coyote.http11.Http11NioProtocol - Initializing ProtocolHandler ["http-nio-8092"]
2026-04-01 16:08:23 [restartedMain] INFO  o.a.catalina.core.StandardService - Starting service [Tomcat]
2026-04-01 16:08:23 [restartedMain] INFO  o.a.catalina.core.StandardEngine - Starting Servlet engine: [Apache Tomcat/11.0.20]
2026-04-01 16:08:24 [restartedMain] INFO  o.s.b.w.c.s.WebApplicationContextInitializer - Root WebApplicationContext: initialization completed in 199 ms
2026-04-01 16:08:24 [restartedMain] INFO  org.hibernate.orm.jpa - HHH008540: Processing PersistenceUnitInfo [name: default]
2026-04-01 16:08:24 [restartedMain] INFO  o.s.o.j.p.SpringPersistenceUnitInfo - No LoadTimeWeaver setup: ignoring JPA class transformer
2026-04-01 16:08:24 [restartedMain] INFO  com.zaxxer.hikari.HikariDataSource - HikariPool-30 - Starting...
2026-04-01 16:08:24 [restartedMain] INFO  com.zaxxer.hikari.pool.HikariPool - HikariPool-30 - Added connection oracle.jdbc.driver.T4CConnection@5cc55ff2
2026-04-01 16:08:24 [restartedMain] INFO  com.zaxxer.hikari.HikariDataSource - HikariPool-30 - Start completed.
2026-04-01 16:08:24 [restartedMain] WARN  org.hibernate.orm.jdbc - HHH100123: Low default JDBC fetch size: 10 (consider setting 'hibernate.jdbc.fetch_size')
2026-04-01 16:08:24 [restartedMain] INFO  o.hibernate.orm.connections.pooling - HHH10001005: Database info:
	Database JDBC URL [jdbc:oracle:thin:@//localhost:1521/testdb]
	Database driver: Oracle JDBC driver
	Database dialect: OracleDialect
	Database version: 19.3
	Default catalog/schema: undefined/GREEN
	Autocommit mode: undefined/unknown
	Isolation level: READ_COMMITTED [default READ_COMMITTED]
	JDBC fetch size: 10
	Pool: DataSourceConnectionProvider
	Minimum pool size: undefined/unknown
	Maximum pool size: undefined/unknown
2026-04-01 16:08:24 [restartedMain] INFO  org.hibernate.orm.core - HHH000489: No JTA platform available (set 'hibernate.transaction.jta.platform' to enable JTA platform integration)
2026-04-01 16:08:24 [restartedMain] INFO  o.s.o.j.LocalContainerEntityManagerFactoryBean - Initialized JPA EntityManagerFactory for persistence unit 'default'
2026-04-01 16:08:24 [restartedMain] WARN  o.s.b.j.a.JpaBaseConfiguration$JpaWebConfiguration - spring.jpa.open-in-view is enabled by default. Therefore, database queries may be performed during view rendering. Explicitly configure spring.jpa.open-in-view to disable this warning
2026-04-01 16:08:24 [restartedMain] INFO  o.s.s.c.a.a.c.InitializeUserDetailsBeanManagerConfigurer$InitializeUserDetailsManagerConfigurer - Global AuthenticationManager configured with UserDetailsService bean with name memberDetailsService
2026-04-01 16:08:24 [restartedMain] INFO  o.s.b.w.a.WelcomePageHandlerMapping - Adding welcome page template: index
2026-04-01 16:08:24 [restartedMain] WARN  o.s.b.w.s.s.c.AnnotationConfigServletWebServerApplicationContext - Exception encountered during context initialization - cancelling refresh attempt: org.springframework.beans.factory.BeanCreationException: Error creating bean with name 'welcomePageHandlerMapping' defined in class path resource [org/springframework/boot/webmvc/autoconfigure/WebMvcAutoConfiguration$EnableWebMvcConfiguration.class]: Failed to instantiate [org.springframework.boot.webmvc.autoconfigure.WelcomePageHandlerMapping]: Factory method 'welcomePageHandlerMapping' threw exception with message: Unresolved compilation problems: 
	ActivityLogInterceptor cannot be resolved to a type
	ErrorLogInterceptor cannot be resolved to a type

2026-04-01 16:08:24 [restartedMain] INFO  o.s.o.j.LocalContainerEntityManagerFactoryBean - Closing JPA EntityManagerFactory for persistence unit 'default'
2026-04-01 16:08:24 [restartedMain] INFO  com.zaxxer.hikari.HikariDataSource - HikariPool-30 - Shutdown initiated...
2026-04-01 16:08:24 [restartedMain] INFO  com.zaxxer.hikari.HikariDataSource - HikariPool-30 - Shutdown completed.
2026-04-01 16:08:24 [restartedMain] INFO  o.a.catalina.core.StandardService - Stopping service [Tomcat]
2026-04-01 16:08:24 [restartedMain] INFO  o.s.b.a.l.ConditionEvaluationReportLogger - 

Error starting ApplicationContext. To display the condition evaluation report re-run your application with 'debug' enabled.
2026-04-01 16:08:24 [restartedMain] ERROR o.s.boot.SpringApplication - Application run failed
org.springframework.beans.factory.BeanCreationException: Error creating bean with name 'welcomePageHandlerMapping' defined in class path resource [org/springframework/boot/webmvc/autoconfigure/WebMvcAutoConfiguration$EnableWebMvcConfiguration.class]: Failed to instantiate [org.springframework.boot.webmvc.autoconfigure.WelcomePageHandlerMapping]: Factory method 'welcomePageHandlerMapping' threw exception with message: Unresolved compilation problems: 
	ActivityLogInterceptor cannot be resolved to a type
	ErrorLogInterceptor cannot be resolved to a type

	at org.springframework.beans.factory.support.ConstructorResolver.instantiate(ConstructorResolver.java:657)
	at org.springframework.beans.factory.support.ConstructorResolver.instantiateUsingFactoryMethod(ConstructorResolver.java:645)
	at org.springframework.beans.factory.support.AbstractAutowireCapableBeanFactory.instantiateUsingFactoryMethod(AbstractAutowireCapableBeanFactory.java:1362)
	at org.springframework.beans.factory.support.AbstractAutowireCapableBeanFactory.createBeanInstance(AbstractAutowireCapableBeanFactory.java:1194)
	at org.springframework.beans.factory.support.AbstractAutowireCapableBeanFactory.doCreateBean(AbstractAutowireCapableBeanFactory.java:565)
	at org.springframework.beans.factory.support.AbstractAutowireCapableBeanFactory.createBean(AbstractAutowireCapableBeanFactory.java:525)
	at org.springframework.beans.factory.support.AbstractBeanFactory.lambda$doGetBean$0(AbstractBeanFactory.java:333)
	at org.springframework.beans.factory.support.DefaultSingletonBeanRegistry.getSingleton(DefaultSingletonBeanRegistry.java:371)
	at org.springframework.beans.factory.support.AbstractBeanFactory.doGetBean(AbstractBeanFactory.java:331)
	at org.springframework.beans.factory.support.AbstractBeanFactory.getBean(AbstractBeanFactory.java:196)
	at org.springframework.beans.factory.support.DefaultListableBeanFactory.instantiateSingleton(DefaultListableBeanFactory.java:1218)
	at org.springframework.beans.factory.support.DefaultListableBeanFactory.preInstantiateSingleton(DefaultListableBeanFactory.java:1184)
	at org.springframework.beans.factory.support.DefaultListableBeanFactory.preInstantiateSingletons(DefaultListableBeanFactory.java:1121)
	at org.springframework.context.support.AbstractApplicationContext.finishBeanFactoryInitialization(AbstractApplicationContext.java:994)
	at org.springframework.context.support.AbstractApplicationContext.refresh(AbstractApplicationContext.java:621)
	at org.springframework.boot.web.server.servlet.context.ServletWebServerApplicationContext.refresh(ServletWebServerApplicationContext.java:143)
	at org.springframework.boot.SpringApplication.refresh(SpringApplication.java:756)
	at org.springframework.boot.SpringApplication.refreshContext(SpringApplication.java:445)
	at org.springframework.boot.SpringApplication.run(SpringApplication.java:321)
	at org.springframework.boot.SpringApplication.run(SpringApplication.java:1365)
	at org.springframework.boot.SpringApplication.run(SpringApplication.java:1354)
	at com.example.CineLogApplication.main(CineLogApplication.java:14)
	at java.base/jdk.internal.reflect.DirectMethodHandleAccessor.invoke(DirectMethodHandleAccessor.java:103)
	at java.base/java.lang.reflect.Method.invoke(Method.java:580)
	at org.springframework.boot.devtools.restart.RestartLauncher.run(RestartLauncher.java:52)
Caused by: org.springframework.beans.BeanInstantiationException: Failed to instantiate [org.springframework.boot.webmvc.autoconfigure.WelcomePageHandlerMapping]: Factory method 'welcomePageHandlerMapping' threw exception with message: Unresolved compilation problems: 
	ActivityLogInterceptor cannot be resolved to a type
	ErrorLogInterceptor cannot be resolved to a type

	at org.springframework.beans.factory.support.SimpleInstantiationStrategy.lambda$instantiate$0(SimpleInstantiationStrategy.java:183)
	at org.springframework.beans.factory.support.SimpleInstantiationStrategy.instantiateWithFactoryMethod(SimpleInstantiationStrategy.java:72)
	at org.springframework.beans.factory.support.SimpleInstantiationStrategy.instantiate(SimpleInstantiationStrategy.java:152)
	at org.springframework.beans.factory.support.ConstructorResolver.instantiate(ConstructorResolver.java:653)
	... 24 common frames omitted
Caused by: java.lang.Error: Unresolved compilation problems: 
	ActivityLogInterceptor cannot be resolved to a type
	ErrorLogInterceptor cannot be resolved to a type

	at com.example.config.WebConfig.addInterceptors(WebConfig.java:17)
	at org.springframework.web.servlet.config.annotation.WebMvcConfigurerComposite.addInterceptors(WebMvcConfigurerComposite.java:98)
	at org.springframework.web.servlet.config.annotation.DelegatingWebMvcConfiguration.addInterceptors(DelegatingWebMvcConfiguration.java:91)
	at org.springframework.web.servlet.config.annotation.WebMvcConfigurationSupport.getInterceptors(WebMvcConfigurationSupport.java:309)
	at org.springframework.boot.webmvc.autoconfigure.WebMvcAutoConfiguration$EnableWebMvcConfiguration.createWelcomePageHandlerMapping(WebMvcAutoConfiguration.java:502)
	at org.springframework.boot.webmvc.autoconfigure.WebMvcAutoConfiguration$EnableWebMvcConfiguration.welcomePageHandlerMapping(WebMvcAutoConfiguration.java:482)
	at java.base/jdk.internal.reflect.DirectMethodHandleAccessor.invoke(DirectMethodHandleAccessor.java:103)
	at java.base/java.lang.reflect.Method.invoke(Method.java:580)
	at org.springframework.beans.factory.support.SimpleInstantiationStrategy.lambda$instantiate$0(SimpleInstantiationStrategy.java:155)
	... 27 common frames omitted
2026-04-01 16:10:07 [restartedMain] INFO  com.example.CineLogApplication - Starting CineLogApplication using Java 21.0.10 with PID 10308 (C:\Dev\WS_sts\cinelog\bin\main started by GGG in C:\Dev\WS_sts\cinelog)
2026-04-01 16:10:07 [restartedMain] INFO  com.example.CineLogApplication - No active profile set, falling back to 1 default profile: "default"
2026-04-01 16:10:07 [restartedMain] INFO  o.s.d.r.c.RepositoryConfigurationDelegate - Bootstrapping Spring Data JPA repositories in DEFAULT mode.
2026-04-01 16:10:07 [restartedMain] INFO  o.s.d.r.c.RepositoryConfigurationDelegate - Finished Spring Data repository scanning in 8 ms. Found 3 JPA repository interfaces.
2026-04-01 16:10:07 [restartedMain] INFO  o.s.boot.tomcat.TomcatWebServer - Tomcat initialized with port 8092 (http)
2026-04-01 16:10:07 [restartedMain] INFO  o.a.coyote.http11.Http11NioProtocol - Initializing ProtocolHandler ["http-nio-8092"]
2026-04-01 16:10:07 [restartedMain] INFO  o.a.catalina.core.StandardService - Starting service [Tomcat]
2026-04-01 16:10:07 [restartedMain] INFO  o.a.catalina.core.StandardEngine - Starting Servlet engine: [Apache Tomcat/11.0.20]
2026-04-01 16:10:07 [restartedMain] INFO  o.s.b.w.c.s.WebApplicationContextInitializer - Root WebApplicationContext: initialization completed in 186 ms
2026-04-01 16:10:07 [restartedMain] INFO  org.hibernate.orm.jpa - HHH008540: Processing PersistenceUnitInfo [name: default]
2026-04-01 16:10:07 [restartedMain] INFO  o.s.o.j.p.SpringPersistenceUnitInfo - No LoadTimeWeaver setup: ignoring JPA class transformer
2026-04-01 16:10:07 [restartedMain] INFO  com.zaxxer.hikari.HikariDataSource - HikariPool-31 - Starting...
2026-04-01 16:10:07 [restartedMain] INFO  com.zaxxer.hikari.pool.HikariPool - HikariPool-31 - Added connection oracle.jdbc.driver.T4CConnection@72019f7
2026-04-01 16:10:07 [restartedMain] INFO  com.zaxxer.hikari.HikariDataSource - HikariPool-31 - Start completed.
2026-04-01 16:10:07 [restartedMain] WARN  org.hibernate.orm.jdbc - HHH100123: Low default JDBC fetch size: 10 (consider setting 'hibernate.jdbc.fetch_size')
2026-04-01 16:10:07 [restartedMain] INFO  o.hibernate.orm.connections.pooling - HHH10001005: Database info:
	Database JDBC URL [jdbc:oracle:thin:@//localhost:1521/testdb]
	Database driver: Oracle JDBC driver
	Database dialect: OracleDialect
	Database version: 19.3
	Default catalog/schema: undefined/GREEN
	Autocommit mode: undefined/unknown
	Isolation level: READ_COMMITTED [default READ_COMMITTED]
	JDBC fetch size: 10
	Pool: DataSourceConnectionProvider
	Minimum pool size: undefined/unknown
	Maximum pool size: undefined/unknown
2026-04-01 16:10:07 [restartedMain] INFO  org.hibernate.orm.core - HHH000489: No JTA platform available (set 'hibernate.transaction.jta.platform' to enable JTA platform integration)
2026-04-01 16:10:07 [restartedMain] INFO  o.s.o.j.LocalContainerEntityManagerFactoryBean - Initialized JPA EntityManagerFactory for persistence unit 'default'
2026-04-01 16:10:07 [restartedMain] WARN  o.s.b.j.a.JpaBaseConfiguration$JpaWebConfiguration - spring.jpa.open-in-view is enabled by default. Therefore, database queries may be performed during view rendering. Explicitly configure spring.jpa.open-in-view to disable this warning
2026-04-01 16:10:07 [restartedMain] INFO  o.s.s.c.a.a.c.InitializeUserDetailsBeanManagerConfigurer$InitializeUserDetailsManagerConfigurer - Global AuthenticationManager configured with UserDetailsService bean with name memberDetailsService
2026-04-01 16:10:07 [restartedMain] INFO  o.s.b.w.a.WelcomePageHandlerMapping - Adding welcome page template: index
2026-04-01 16:10:07 [restartedMain] WARN  o.s.b.w.s.s.c.AnnotationConfigServletWebServerApplicationContext - Exception encountered during context initialization - cancelling refresh attempt: org.springframework.beans.factory.BeanCreationException: Error creating bean with name 'welcomePageHandlerMapping' defined in class path resource [org/springframework/boot/webmvc/autoconfigure/WebMvcAutoConfiguration$EnableWebMvcConfiguration.class]: Failed to instantiate [org.springframework.boot.webmvc.autoconfigure.WelcomePageHandlerMapping]: Factory method 'welcomePageHandlerMapping' threw exception with message: Unresolved compilation problems: 
	ActivityLogInterceptor cannot be resolved to a type
	ErrorLogInterceptor cannot be resolved to a type

2026-04-01 16:10:07 [restartedMain] INFO  o.s.o.j.LocalContainerEntityManagerFactoryBean - Closing JPA EntityManagerFactory for persistence unit 'default'
2026-04-01 16:10:07 [restartedMain] INFO  com.zaxxer.hikari.HikariDataSource - HikariPool-31 - Shutdown initiated...
2026-04-01 16:10:08 [restartedMain] INFO  com.zaxxer.hikari.HikariDataSource - HikariPool-31 - Shutdown completed.
2026-04-01 16:10:08 [restartedMain] INFO  o.a.catalina.core.StandardService - Stopping service [Tomcat]
2026-04-01 16:10:08 [restartedMain] INFO  o.s.b.a.l.ConditionEvaluationReportLogger - 

Error starting ApplicationContext. To display the condition evaluation report re-run your application with 'debug' enabled.
2026-04-01 16:10:08 [restartedMain] ERROR o.s.boot.SpringApplication - Application run failed
org.springframework.beans.factory.BeanCreationException: Error creating bean with name 'welcomePageHandlerMapping' defined in class path resource [org/springframework/boot/webmvc/autoconfigure/WebMvcAutoConfiguration$EnableWebMvcConfiguration.class]: Failed to instantiate [org.springframework.boot.webmvc.autoconfigure.WelcomePageHandlerMapping]: Factory method 'welcomePageHandlerMapping' threw exception with message: Unresolved compilation problems: 
	ActivityLogInterceptor cannot be resolved to a type
	ErrorLogInterceptor cannot be resolved to a type

	at org.springframework.beans.factory.support.ConstructorResolver.instantiate(ConstructorResolver.java:657)
	at org.springframework.beans.factory.support.ConstructorResolver.instantiateUsingFactoryMethod(ConstructorResolver.java:645)
	at org.springframework.beans.factory.support.AbstractAutowireCapableBeanFactory.instantiateUsingFactoryMethod(AbstractAutowireCapableBeanFactory.java:1362)
	at org.springframework.beans.factory.support.AbstractAutowireCapableBeanFactory.createBeanInstance(AbstractAutowireCapableBeanFactory.java:1194)
	at org.springframework.beans.factory.support.AbstractAutowireCapableBeanFactory.doCreateBean(AbstractAutowireCapableBeanFactory.java:565)
	at org.springframework.beans.factory.support.AbstractAutowireCapableBeanFactory.createBean(AbstractAutowireCapableBeanFactory.java:525)
	at org.springframework.beans.factory.support.AbstractBeanFactory.lambda$doGetBean$0(AbstractBeanFactory.java:333)
	at org.springframework.beans.factory.support.DefaultSingletonBeanRegistry.getSingleton(DefaultSingletonBeanRegistry.java:371)
	at org.springframework.beans.factory.support.AbstractBeanFactory.doGetBean(AbstractBeanFactory.java:331)
	at org.springframework.beans.factory.support.AbstractBeanFactory.getBean(AbstractBeanFactory.java:196)
	at org.springframework.beans.factory.support.DefaultListableBeanFactory.instantiateSingleton(DefaultListableBeanFactory.java:1218)
	at org.springframework.beans.factory.support.DefaultListableBeanFactory.preInstantiateSingleton(DefaultListableBeanFactory.java:1184)
	at org.springframework.beans.factory.support.DefaultListableBeanFactory.preInstantiateSingletons(DefaultListableBeanFactory.java:1121)
	at org.springframework.context.support.AbstractApplicationContext.finishBeanFactoryInitialization(AbstractApplicationContext.java:994)
	at org.springframework.context.support.AbstractApplicationContext.refresh(AbstractApplicationContext.java:621)
	at org.springframework.boot.web.server.servlet.context.ServletWebServerApplicationContext.refresh(ServletWebServerApplicationContext.java:143)
	at org.springframework.boot.SpringApplication.refresh(SpringApplication.java:756)
	at org.springframework.boot.SpringApplication.refreshContext(SpringApplication.java:445)
	at org.springframework.boot.SpringApplication.run(SpringApplication.java:321)
	at org.springframework.boot.SpringApplication.run(SpringApplication.java:1365)
	at org.springframework.boot.SpringApplication.run(SpringApplication.java:1354)
	at com.example.CineLogApplication.main(CineLogApplication.java:14)
	at java.base/jdk.internal.reflect.DirectMethodHandleAccessor.invoke(DirectMethodHandleAccessor.java:103)
	at java.base/java.lang.reflect.Method.invoke(Method.java:580)
	at org.springframework.boot.devtools.restart.RestartLauncher.run(RestartLauncher.java:52)
Caused by: org.springframework.beans.BeanInstantiationException: Failed to instantiate [org.springframework.boot.webmvc.autoconfigure.WelcomePageHandlerMapping]: Factory method 'welcomePageHandlerMapping' threw exception with message: Unresolved compilation problems: 
	ActivityLogInterceptor cannot be resolved to a type
	ErrorLogInterceptor cannot be resolved to a type

	at org.springframework.beans.factory.support.SimpleInstantiationStrategy.lambda$instantiate$0(SimpleInstantiationStrategy.java:183)
	at org.springframework.beans.factory.support.SimpleInstantiationStrategy.instantiateWithFactoryMethod(SimpleInstantiationStrategy.java:72)
	at org.springframework.beans.factory.support.SimpleInstantiationStrategy.instantiate(SimpleInstantiationStrategy.java:152)
	at org.springframework.beans.factory.support.ConstructorResolver.instantiate(ConstructorResolver.java:653)
	... 24 common frames omitted
Caused by: java.lang.Error: Unresolved compilation problems: 
	ActivityLogInterceptor cannot be resolved to a type
	ErrorLogInterceptor cannot be resolved to a type

	at com.example.config.WebConfig.addInterceptors(WebConfig.java:17)
	at org.springframework.web.servlet.config.annotation.WebMvcConfigurerComposite.addInterceptors(WebMvcConfigurerComposite.java:98)
	at org.springframework.web.servlet.config.annotation.DelegatingWebMvcConfiguration.addInterceptors(DelegatingWebMvcConfiguration.java:91)
	at org.springframework.web.servlet.config.annotation.WebMvcConfigurationSupport.getInterceptors(WebMvcConfigurationSupport.java:309)
	at org.springframework.boot.webmvc.autoconfigure.WebMvcAutoConfiguration$EnableWebMvcConfiguration.createWelcomePageHandlerMapping(WebMvcAutoConfiguration.java:502)
	at org.springframework.boot.webmvc.autoconfigure.WebMvcAutoConfiguration$EnableWebMvcConfiguration.welcomePageHandlerMapping(WebMvcAutoConfiguration.java:482)
	at java.base/jdk.internal.reflect.DirectMethodHandleAccessor.invoke(DirectMethodHandleAccessor.java:103)
	at java.base/java.lang.reflect.Method.invoke(Method.java:580)
	at org.springframework.beans.factory.support.SimpleInstantiationStrategy.lambda$instantiate$0(SimpleInstantiationStrategy.java:155)
	... 27 common frames omitted
2026-04-01 16:10:28 [restartedMain] INFO  com.example.CineLogApplication - Starting CineLogApplication using Java 21.0.10 with PID 10308 (C:\Dev\WS_sts\cinelog\bin\main started by GGG in C:\Dev\WS_sts\cinelog)
2026-04-01 16:10:28 [restartedMain] INFO  com.example.CineLogApplication - No active profile set, falling back to 1 default profile: "default"
2026-04-01 16:10:28 [restartedMain] INFO  o.s.d.r.c.RepositoryConfigurationDelegate - Bootstrapping Spring Data JPA repositories in DEFAULT mode.
2026-04-01 16:10:28 [restartedMain] INFO  o.s.d.r.c.RepositoryConfigurationDelegate - Finished Spring Data repository scanning in 7 ms. Found 3 JPA repository interfaces.
2026-04-01 16:10:28 [restartedMain] INFO  o.s.boot.tomcat.TomcatWebServer - Tomcat initialized with port 8092 (http)
2026-04-01 16:10:28 [restartedMain] INFO  o.a.coyote.http11.Http11NioProtocol - Initializing ProtocolHandler ["http-nio-8092"]
2026-04-01 16:10:28 [restartedMain] INFO  o.a.catalina.core.StandardService - Starting service [Tomcat]
2026-04-01 16:10:28 [restartedMain] INFO  o.a.catalina.core.StandardEngine - Starting Servlet engine: [Apache Tomcat/11.0.20]
2026-04-01 16:10:28 [restartedMain] INFO  o.s.b.w.c.s.WebApplicationContextInitializer - Root WebApplicationContext: initialization completed in 186 ms
2026-04-01 16:10:28 [restartedMain] INFO  org.hibernate.orm.jpa - HHH008540: Processing PersistenceUnitInfo [name: default]
2026-04-01 16:10:28 [restartedMain] INFO  o.s.o.j.p.SpringPersistenceUnitInfo - No LoadTimeWeaver setup: ignoring JPA class transformer
2026-04-01 16:10:28 [restartedMain] INFO  com.zaxxer.hikari.HikariDataSource - HikariPool-32 - Starting...
2026-04-01 16:10:28 [restartedMain] INFO  com.zaxxer.hikari.pool.HikariPool - HikariPool-32 - Added connection oracle.jdbc.driver.T4CConnection@ea13bff
2026-04-01 16:10:28 [restartedMain] INFO  com.zaxxer.hikari.HikariDataSource - HikariPool-32 - Start completed.
2026-04-01 16:10:28 [restartedMain] WARN  org.hibernate.orm.jdbc - HHH100123: Low default JDBC fetch size: 10 (consider setting 'hibernate.jdbc.fetch_size')
2026-04-01 16:10:28 [restartedMain] INFO  o.hibernate.orm.connections.pooling - HHH10001005: Database info:
	Database JDBC URL [jdbc:oracle:thin:@//localhost:1521/testdb]
	Database driver: Oracle JDBC driver
	Database dialect: OracleDialect
	Database version: 19.3
	Default catalog/schema: undefined/GREEN
	Autocommit mode: undefined/unknown
	Isolation level: READ_COMMITTED [default READ_COMMITTED]
	JDBC fetch size: 10
	Pool: DataSourceConnectionProvider
	Minimum pool size: undefined/unknown
	Maximum pool size: undefined/unknown
2026-04-01 16:10:29 [restartedMain] INFO  org.hibernate.orm.core - HHH000489: No JTA platform available (set 'hibernate.transaction.jta.platform' to enable JTA platform integration)
2026-04-01 16:10:29 [restartedMain] INFO  o.s.o.j.LocalContainerEntityManagerFactoryBean - Initialized JPA EntityManagerFactory for persistence unit 'default'
2026-04-01 16:10:29 [restartedMain] WARN  o.s.b.j.a.JpaBaseConfiguration$JpaWebConfiguration - spring.jpa.open-in-view is enabled by default. Therefore, database queries may be performed during view rendering. Explicitly configure spring.jpa.open-in-view to disable this warning
2026-04-01 16:10:29 [restartedMain] INFO  o.s.s.c.a.a.c.InitializeUserDetailsBeanManagerConfigurer$InitializeUserDetailsManagerConfigurer - Global AuthenticationManager configured with UserDetailsService bean with name memberDetailsService
2026-04-01 16:10:29 [restartedMain] INFO  o.s.b.w.a.WelcomePageHandlerMapping - Adding welcome page template: index
2026-04-01 16:10:29 [restartedMain] INFO  o.a.coyote.http11.Http11NioProtocol - Starting ProtocolHandler ["http-nio-8092"]
2026-04-01 16:10:29 [restartedMain] INFO  o.s.boot.tomcat.TomcatWebServer - Tomcat started on port 8092 (http) with context path '/'
2026-04-01 16:10:29 [restartedMain] INFO  com.example.CineLogApplication - Started CineLogApplication in 0.629 seconds (process running for 2235.196)
2026-04-01 16:10:29 [restartedMain] INFO  o.s.b.d.a.ConditionEvaluationDeltaLoggingListener - Condition evaluation unchanged
2026-04-01 16:10:37 [File Watcher] INFO  o.s.b.d.a.LocalDevToolsAutoConfiguration$RestartingClassPathChangeChangedEventListener - Restarting due to 1 class path change (0 additions, 0 deletions, 1 modification)
2026-04-01 16:10:37 [Thread-115] INFO  o.s.boot.tomcat.GracefulShutdown - Commencing graceful shutdown. Waiting for active requests to complete
2026-04-01 16:10:37 [tomcat-shutdown] INFO  o.a.coyote.http11.Http11NioProtocol - Pausing ProtocolHandler ["http-nio-8092"]
2026-04-01 16:10:37 [tomcat-shutdown] INFO  o.s.boot.tomcat.GracefulShutdown - Graceful shutdown complete
2026-04-01 16:10:37 [Thread-115] INFO  o.a.coyote.http11.Http11NioProtocol - Stopping ProtocolHandler ["http-nio-8092"]
2026-04-01 16:10:37 [Thread-115] INFO  o.s.o.j.LocalContainerEntityManagerFactoryBean - Closing JPA EntityManagerFactory for persistence unit 'default'
2026-04-01 16:10:37 [Thread-115] INFO  com.zaxxer.hikari.HikariDataSource - HikariPool-32 - Shutdown initiated...
2026-04-01 16:10:37 [Thread-115] INFO  com.zaxxer.hikari.HikariDataSource - HikariPool-32 - Shutdown completed.
2026-04-01 16:10:37 [restartedMain] INFO  com.example.CineLogApplication - Starting CineLogApplication using Java 21.0.10 with PID 10308 (C:\Dev\WS_sts\cinelog\bin\main started by GGG in C:\Dev\WS_sts\cinelog)
2026-04-01 16:10:37 [restartedMain] INFO  com.example.CineLogApplication - No active profile set, falling back to 1 default profile: "default"
2026-04-01 16:10:38 [restartedMain] INFO  o.s.d.r.c.RepositoryConfigurationDelegate - Bootstrapping Spring Data JPA repositories in DEFAULT mode.
2026-04-01 16:10:38 [restartedMain] INFO  o.s.d.r.c.RepositoryConfigurationDelegate - Finished Spring Data repository scanning in 8 ms. Found 3 JPA repository interfaces.
2026-04-01 16:10:38 [restartedMain] INFO  o.s.boot.tomcat.TomcatWebServer - Tomcat initialized with port 8092 (http)
2026-04-01 16:10:38 [restartedMain] INFO  o.a.coyote.http11.Http11NioProtocol - Initializing ProtocolHandler ["http-nio-8092"]
2026-04-01 16:10:38 [restartedMain] INFO  o.a.catalina.core.StandardService - Starting service [Tomcat]
2026-04-01 16:10:38 [restartedMain] INFO  o.a.catalina.core.StandardEngine - Starting Servlet engine: [Apache Tomcat/11.0.20]
2026-04-01 16:10:38 [restartedMain] INFO  o.s.b.w.c.s.WebApplicationContextInitializer - Root WebApplicationContext: initialization completed in 192 ms
2026-04-01 16:10:38 [restartedMain] INFO  org.hibernate.orm.jpa - HHH008540: Processing PersistenceUnitInfo [name: default]
2026-04-01 16:10:38 [restartedMain] INFO  o.s.o.j.p.SpringPersistenceUnitInfo - No LoadTimeWeaver setup: ignoring JPA class transformer
2026-04-01 16:10:38 [restartedMain] INFO  com.zaxxer.hikari.HikariDataSource - HikariPool-33 - Starting...
2026-04-01 16:10:38 [restartedMain] INFO  com.zaxxer.hikari.pool.HikariPool - HikariPool-33 - Added connection oracle.jdbc.driver.T4CConnection@709ac5ce
2026-04-01 16:10:38 [restartedMain] INFO  com.zaxxer.hikari.HikariDataSource - HikariPool-33 - Start completed.
2026-04-01 16:10:38 [restartedMain] WARN  org.hibernate.orm.jdbc - HHH100123: Low default JDBC fetch size: 10 (consider setting 'hibernate.jdbc.fetch_size')
2026-04-01 16:10:38 [restartedMain] INFO  o.hibernate.orm.connections.pooling - HHH10001005: Database info:
	Database JDBC URL [jdbc:oracle:thin:@//localhost:1521/testdb]
	Database driver: Oracle JDBC driver
	Database dialect: OracleDialect
	Database version: 19.3
	Default catalog/schema: undefined/GREEN
	Autocommit mode: undefined/unknown
	Isolation level: READ_COMMITTED [default READ_COMMITTED]
	JDBC fetch size: 10
	Pool: DataSourceConnectionProvider
	Minimum pool size: undefined/unknown
	Maximum pool size: undefined/unknown
2026-04-01 16:10:38 [restartedMain] INFO  org.hibernate.orm.core - HHH000489: No JTA platform available (set 'hibernate.transaction.jta.platform' to enable JTA platform integration)
2026-04-01 16:10:38 [restartedMain] INFO  o.s.o.j.LocalContainerEntityManagerFactoryBean - Initialized JPA EntityManagerFactory for persistence unit 'default'
2026-04-01 16:10:38 [restartedMain] WARN  o.s.b.j.a.JpaBaseConfiguration$JpaWebConfiguration - spring.jpa.open-in-view is enabled by default. Therefore, database queries may be performed during view rendering. Explicitly configure spring.jpa.open-in-view to disable this warning
2026-04-01 16:10:38 [restartedMain] INFO  o.s.s.c.a.a.c.InitializeUserDetailsBeanManagerConfigurer$InitializeUserDetailsManagerConfigurer - Global AuthenticationManager configured with UserDetailsService bean with name memberDetailsService
2026-04-01 16:10:38 [restartedMain] INFO  o.s.b.w.a.WelcomePageHandlerMapping - Adding welcome page template: index
2026-04-01 16:10:38 [restartedMain] INFO  o.a.coyote.http11.Http11NioProtocol - Starting ProtocolHandler ["http-nio-8092"]
2026-04-01 16:10:38 [restartedMain] INFO  o.s.boot.tomcat.TomcatWebServer - Tomcat started on port 8092 (http) with context path '/'
2026-04-01 16:10:38 [restartedMain] INFO  com.example.CineLogApplication - Started CineLogApplication in 0.654 seconds (process running for 2244.45)
2026-04-01 16:10:38 [restartedMain] INFO  o.s.b.d.a.ConditionEvaluationDeltaLoggingListener - Condition evaluation unchanged
2026-04-01 16:10:49 [File Watcher] INFO  o.s.b.d.a.LocalDevToolsAutoConfiguration$RestartingClassPathChangeChangedEventListener - Restarting due to 1 class path change (0 additions, 0 deletions, 1 modification)
2026-04-01 16:10:49 [Thread-125] INFO  o.s.boot.tomcat.GracefulShutdown - Commencing graceful shutdown. Waiting for active requests to complete
2026-04-01 16:10:49 [tomcat-shutdown] INFO  o.a.coyote.http11.Http11NioProtocol - Pausing ProtocolHandler ["http-nio-8092"]
2026-04-01 16:10:49 [tomcat-shutdown] INFO  o.s.boot.tomcat.GracefulShutdown - Graceful shutdown complete
2026-04-01 16:10:49 [Thread-125] INFO  o.a.coyote.http11.Http11NioProtocol - Stopping ProtocolHandler ["http-nio-8092"]
2026-04-01 16:10:49 [Thread-125] INFO  o.s.o.j.LocalContainerEntityManagerFactoryBean - Closing JPA EntityManagerFactory for persistence unit 'default'
2026-04-01 16:10:49 [Thread-125] INFO  com.zaxxer.hikari.HikariDataSource - HikariPool-33 - Shutdown initiated...
2026-04-01 16:10:49 [Thread-125] INFO  com.zaxxer.hikari.HikariDataSource - HikariPool-33 - Shutdown completed.
